{
  "type": "FeatureCollection",
  "features": [
    {
      "geometry": {
        "coordinates": [
          5.851109972189997,
          61.45348010032542
        ],
        "type": "Point"
      },
      "properties": {
        "category": "shopping",
        "description": "Nursing and changing room on the third floor of the shopping mall, check the pin location to find which side of the shopping mall since it has two sides. The room is close to the elevators. \nYou need to go ask for the key at the Tilbords store one story down.",
        "has_changing_area": true,
        "has_child_seats": false,
        "has_nursing_area": true,
        "has_playground": false,
        "id": "CBF69A1B-3698-4302-B6DC-61D9F0ECC971",
        "is_wheelchair_accessible": true,
        "name": "Altid nursing room",
        "notes": "Only open during shopping mall opening hours.",
        "verified": true
      },
      "type": "Feature"
    },
    {
      "geometry": {
        "coordinates": [
          5.8665970386139135,
          61.45387398746596
        ],
        "type": "Point"
      },
      "properties": {
        "category": "other",
        "description": "Changing room in Førdehuset.",
        "has_changing_area": true,
        "has_child_seats": false,
        "has_nursing_area": false,
        "has_playground": false,
        "id": "9CC97E74-7871-4916-AEA0-FCF816BF7A4A",
        "is_wheelchair_accessible": true,
        "name": "Førdehuset",
        "notes": "There’s usually a lot of kids walking around but you could potentially find a good place to nurse.",
        "verified": true
      },
      "type": "Feature"
    },
    {
      "geometry": {
        "coordinates": [
          5.863009165698152,
          61.450870406261004
        ],
        "type": "Point"
      },
      "properties": {
        "category": "playground",
        "description": "",
        "has_changing_area": false,
        "has_child_seats": false,
        "has_nursing_area": false,
        "has_playground": true,
        "id": "16140EA2-4859-4EEE-AB0E-A648B5DCF10C",
        "is_wheelchair_accessible": false,
        "name": "Hafstadparken playground",
        "notes": "",
        "verified": true
      },
      "type": "Feature"
    },
    {
      "geometry": {
        "coordinates": [
          5.889336401182659,
          61.4485760556787
        ],
        "type": "Point"
      },
      "properties": {
        "category": "restaurant",
        "description": "Changing area at Coop Café. It is shared with the HC.",
        "has_changing_area": true,
        "has_child_seats": true,
        "has_nursing_area": false,
        "has_playground": false,
        "id": "A0FAE4A0-629B-4D6B-AE76-B74F4D5F00BC",
        "is_wheelchair_accessible": true,
        "name": "Coop Café",
        "notes": "",
        "verified": true
      },
      "type": "Feature"
    },
    {
      "geometry": {
        "coordinates": [
          5.8489680716180334,
          61.45155514593373
        ],
        "type": "Point"
      },
      "properties": {
        "category": "other",
        "description": "There’s an open changing room on the third floor (next to the sport store). There’s also a changing room on this floor.",
        "has_changing_area": true,
        "has_child_seats": false,
        "has_nursing_area": true,
        "has_playground": false,
        "id": "78EA1337-C07B-4AFC-8928-437D476749DC",
        "is_wheelchair_accessible": true,
        "name": "Changing room and nursing area Elvetorget",
        "notes": "You need to go get the key in the sports store.",
        "verified": true
      },
      "type": "Feature"
    },
    {
      "geometry": {
        "coordinates": [
          10.743482689635671,
          59.91226079869221
        ],
        "type": "Point"
      },
      "properties": {
        "category": "shopping",
        "description": "Changing room located on the fifth floor. Look for the pin, as there are also regular toilets on that floor.",
        "has_changing_area": true,
        "has_child_seats": false,
        "has_nursing_area": false,
        "has_playground": false,
        "id": "258DF289-3612-4069-8979-48F3D83D9186",
        "is_wheelchair_accessible": true,
        "name": "Changing room Steen & Strøm",
        "notes": "",
        "verified": true
      },
      "type": "Feature"
    },
    {
      "geometry": {
        "coordinates": [
          5.8840053,
          61.4488941
        ],
        "type": "Point"
      },
      "properties": {
        "category": "shopping",
        "description": "Changing area in the bathroom at the entrance of the shop. The changing table is decent standard.",
        "has_changing_area": true,
        "has_child_seats": false,
        "has_nursing_area": false,
        "has_playground": false,
        "id": "E4727E58-C747-41F0-96A7-EE6065F27E56",
        "is_wheelchair_accessible": false,
        "name": "Sparkjøp",
        "notes": "",
        "verified": true
      },
      "type": "Feature"
    },
    {
      "type": "Feature",
      "geometry": {
        "coordinates": [
          11.1073682,
          59.2833635
        ],
        "type": "Point"
      },
      "properties": {
        "category": "cafe",
        "description": "",
        "has_changing_area": true,
        "has_child_seats": true,
        "has_nursing_area": false,
        "has_playground": false,
        "id": "F02C6471-9154-4AFA-B9B7-D76E48A52626",
        "is_wheelchair_accessible": true,
        "name": "Espresso House Storbyen Sarpsborg",
        "notes": "",
        "verified": false
      }
    },
    {
      "type": "Feature",
      "geometry": {
        "coordinates": [
          19.0076472,
          69.6461422
        ],
        "type": "Point"
      },
      "properties": {
        "category": "playground",
        "description": "",
        "has_changing_area": false,
        "has_child_seats": false,
        "has_nursing_area": false,
        "has_playground": true,
        "id": "0834D780-2434-44C0-89BE-E2EF257B5A7D",
        "is_wheelchair_accessible": false,
        "name": "Pølsesvevet",
        "notes": "",
        "verified": false
      }
    },
    {
      "type": "Feature",
      "geometry": {
        "coordinates": [
          11.3957848,
          62.5793592
        ],
        "type": "Point"
      },
      "properties": {
        "category": "playground",
        "description": "",
        "has_changing_area": false,
        "has_child_seats": false,
        "has_nursing_area": false,
        "has_playground": true,
        "id": "B5287D94-9ABB-4E3F-9990-F18BEF890C05",
        "is_wheelchair_accessible": false,
        "name": "Mælan",
        "notes": "",
        "verified": false
      }
    },
    {
      "type": "Feature",
      "geometry": {
        "coordinates": [
          10.7921502,
          59.9305489
        ],
        "type": "Point"
      },
      "properties": {
        "category": "shopping",
        "description": "",
        "has_changing_area": false,
        "has_child_seats": false,
        "has_nursing_area": false,
        "has_playground": false,
        "id": "D7834FD1-802F-4DE9-A0F9-E5B3AE6A7E4C",
        "is_wheelchair_accessible": false,
        "name": "Green Kids and Moms",
        "notes": "",
        "verified": false
      }
    },
    {
      "type": "Feature",
      "geometry": {
        "coordinates": [
          11.0217547,
          59.240295
        ],
        "type": "Point"
      },
      "properties": {
        "category": "playground",
        "description": "",
        "has_changing_area": false,
        "has_child_seats": false,
        "has_nursing_area": false,
        "has_playground": true,
        "id": "91BD8A63-104C-4BAC-A821-40A28785365D",
        "is_wheelchair_accessible": false,
        "name": "Snørn lekeplass",
        "notes": "",
        "verified": false
      }
    },
    {
      "type": "Feature",
      "geometry": {
        "coordinates": [
          10.74108,
          59.9153224
        ],
        "type": "Point"
      },
      "properties": {
        "category": "cafe",
        "description": "",
        "has_changing_area": false,
        "has_child_seats": false,
        "has_nursing_area": false,
        "has_playground": false,
        "id": "2BEDB9BB-457E-4804-A51D-1D7D144A474D",
        "is_wheelchair_accessible": false,
        "name": "Fru Nilsen",
        "notes": "",
        "verified": false
      }
    },
    {
      "type": "Feature",
      "geometry": {
        "coordinates": [
          10.3966456,
          63.4302616
        ],
        "type": "Point"
      },
      "properties": {
        "category": "cafe",
        "description": "",
        "has_changing_area": false,
        "has_child_seats": false,
        "has_nursing_area": false,
        "has_playground": false,
        "id": "202D8B13-ED86-461B-9B80-10F5020AFE01",
        "is_wheelchair_accessible": false,
        "name": "Café Horneman",
        "notes": "",
        "verified": false
      }
    },
    {
      "type": "Feature",
      "geometry": {
        "coordinates": [
          10.870577,
          60.053088
        ],
        "type": "Point"
      },
      "properties": {
        "category": "cafe",
        "description": "",
        "has_changing_area": false,
        "has_child_seats": false,
        "has_nursing_area": false,
        "has_playground": false,
        "id": "65A11D22-036C-44F4-8E5C-B01D2E3FDD01",
        "is_wheelchair_accessible": false,
        "name": "Nybrent",
        "notes": "",
        "verified": false
      }
    },
    {
      "type": "Feature",
      "geometry": {
        "coordinates": [
          10.3051714,
          63.3800866
        ],
        "type": "Point"
      },
      "properties": {
        "category": "playground",
        "description": "",
        "has_changing_area": false,
        "has_child_seats": false,
        "has_nursing_area": false,
        "has_playground": true,
        "id": "189AD528-018C-4FC8-8C34-5CECABC6F36D",
        "is_wheelchair_accessible": false,
        "name": "Granåsen aktivitetspark",
        "notes": "",
        "verified": false
      }
    },
    {
      "type": "Feature",
      "geometry": {
        "coordinates": [
          7.0935823,
          62.6280879
        ],
        "type": "Point"
      },
      "properties": {
        "category": "other",
        "description": "",
        "has_changing_area": true,
        "has_child_seats": false,
        "has_nursing_area": false,
        "has_playground": false,
        "id": "81EA3A77-85A9-44A3-BAB8-AE225F6D71EE",
        "is_wheelchair_accessible": true,
        "name": "Public toilets (with changing table)",
        "notes": "",
        "verified": false
      }
    },
    {
      "type": "Feature",
      "geometry": {
        "coordinates": [
          5.326059,
          60.391543
        ],
        "type": "Point"
      },
      "properties": {
        "category": "cafe",
        "description": "",
        "has_changing_area": false,
        "has_child_seats": true,
        "has_nursing_area": false,
        "has_playground": false,
        "id": "2EAE9C6F-2A44-4AE2-8B83-4CE2DCC0E4D8",
        "is_wheelchair_accessible": true,
        "name": "Godt Brød",
        "notes": "",
        "verified": false
      }
    },
    {
      "type": "Feature",
      "geometry": {
        "coordinates": [
          5.319832,
          60.387763
        ],
        "type": "Point"
      },
      "properties": {
        "category": "cafe",
        "description": "",
        "has_changing_area": false,
        "has_child_seats": false,
        "has_nursing_area": false,
        "has_playground": false,
        "id": "E7025408-D253-490B-A798-64169B5799A3",
        "is_wheelchair_accessible": true,
        "name": "Sammen Kaffebar UB",
        "notes": "",
        "verified": false
      }
    },
    {
      "type": "Feature",
      "geometry": {
        "coordinates": [
          5.355474,
          60.265056
        ],
        "type": "Point"
      },
      "properties": {
        "category": "playground",
        "description": "",
        "has_changing_area": false,
        "has_child_seats": false,
        "has_nursing_area": false,
        "has_playground": true,
        "id": "C54FDD06-3FC7-4C7A-A766-00DDD7390E48",
        "is_wheelchair_accessible": false,
        "name": "Norheim lekeplass",
        "notes": "",
        "verified": false
      }
    },
    {
      "type": "Feature",
      "geometry": {
        "coordinates": [
          10.9538848,
          63.4598895
        ],
        "type": "Point"
      },
      "properties": {
        "category": "playground",
        "description": "",
        "has_changing_area": false,
        "has_child_seats": false,
        "has_nursing_area": false,
        "has_playground": true,
        "id": "8A167DF1-3BE2-4B5B-9379-15BF209CA869",
        "is_wheelchair_accessible": false,
        "name": "Lekeplass Kongshaugvegen",
        "notes": "",
        "verified": false
      }
    },
    {
      "type": "Feature",
      "geometry": {
        "coordinates": [
          10.7283009,
          59.9135067
        ],
        "type": "Point"
      },
      "properties": {
        "category": "cafe",
        "description": "",
        "has_changing_area": false,
        "has_child_seats": false,
        "has_nursing_area": false,
        "has_playground": false,
        "id": "1C519EA1-015C-4DCD-A85A-C44C44DB82A1",
        "is_wheelchair_accessible": false,
        "name": "Kaffebrenneriet",
        "notes": "",
        "verified": false
      }
    },
    {
      "type": "Feature",
      "geometry": {
        "coordinates": [
          10.1845883,
          59.735191
        ],
        "type": "Point"
      },
      "properties": {
        "category": "playground",
        "description": "",
        "has_changing_area": false,
        "has_child_seats": false,
        "has_nursing_area": false,
        "has_playground": true,
        "id": "42FD3E03-5A6C-4C90-ADBC-4D0BAA9E389C",
        "is_wheelchair_accessible": false,
        "name": "Blektjernveien lekeplass",
        "notes": "",
        "verified": false
      }
    },
    {
      "type": "Feature",
      "geometry": {
        "coordinates": [
          7.9934902,
          58.1452431
        ],
        "type": "Point"
      },
      "properties": {
        "category": "cafe",
        "description": "",
        "has_changing_area": false,
        "has_child_seats": false,
        "has_nursing_area": false,
        "has_playground": false,
        "id": "F35CA1C8-5EB9-4200-9750-CF28C2974D50",
        "is_wheelchair_accessible": false,
        "name": "Hos naboen",
        "notes": "",
        "verified": false
      }
    },
    {
      "type": "Feature",
      "geometry": {
        "coordinates": [
          5.3533456,
          60.3191578
        ],
        "type": "Point"
      },
      "properties": {
        "category": "cafe",
        "description": "",
        "has_changing_area": false,
        "has_child_seats": false,
        "has_nursing_area": false,
        "has_playground": false,
        "id": "71F438A7-4C86-4A4C-9F2D-4593A370EE73",
        "is_wheelchair_accessible": true,
        "name": "Solbrød",
        "notes": "",
        "verified": false
      }
    },
    {
      "type": "Feature",
      "geometry": {
        "coordinates": [
          6.3543583,
          59.6501585
        ],
        "type": "Point"
      },
      "properties": {
        "category": "shopping",
        "description": "",
        "has_changing_area": false,
        "has_child_seats": false,
        "has_nursing_area": false,
        "has_playground": false,
        "id": "0CF09300-BA0D-4642-9740-6C0D00B65AC7",
        "is_wheelchair_accessible": false,
        "name": "Vaiana",
        "notes": "",
        "verified": false
      }
    },
    {
      "type": "Feature",
      "geometry": {
        "coordinates": [
          7.9947454,
          58.0839654
        ],
        "type": "Point"
      },
      "properties": {
        "category": "shopping",
        "description": "",
        "has_changing_area": false,
        "has_child_seats": false,
        "has_nursing_area": false,
        "has_playground": false,
        "id": "748D43C0-268E-419B-B2FA-621E8CE0A96C",
        "is_wheelchair_accessible": true,
        "name": "Kjerringodden",
        "notes": "",
        "verified": false
      }
    },
    {
      "type": "Feature",
      "geometry": {
        "coordinates": [
          5.214053,
          60.4446181
        ],
        "type": "Point"
      },
      "properties": {
        "category": "playground",
        "description": "",
        "has_changing_area": false,
        "has_child_seats": false,
        "has_nursing_area": false,
        "has_playground": true,
        "id": "A28E35B5-69EA-4B4A-AE8E-7FDA6A5B4524",
        "is_wheelchair_accessible": false,
        "name": "Sykkelbane",
        "notes": "",
        "verified": false
      }
    },
    {
      "type": "Feature",
      "geometry": {
        "coordinates": [
          10.5068606,
          61.106382
        ],
        "type": "Point"
      },
      "properties": {
        "category": "playground",
        "description": "",
        "has_changing_area": false,
        "has_child_seats": false,
        "has_nursing_area": false,
        "has_playground": true,
        "id": "B4351D0C-C043-4C26-B114-67E66C89B3DA",
        "is_wheelchair_accessible": false,
        "name": "Dyreskogen",
        "notes": "",
        "verified": false
      }
    },
    {
      "type": "Feature",
      "geometry": {
        "coordinates": [
          5.3248787,
          60.393159
        ],
        "type": "Point"
      },
      "properties": {
        "category": "cafe",
        "description": "",
        "has_changing_area": false,
        "has_child_seats": false,
        "has_nursing_area": false,
        "has_playground": false,
        "id": "A30921F8-1C7C-401C-9A4A-1BFB125EA235",
        "is_wheelchair_accessible": false,
        "name": "Dromedar",
        "notes": "",
        "verified": false
      }
    },
    {
      "type": "Feature",
      "geometry": {
        "coordinates": [
          11.0950629,
          63.251318
        ],
        "type": "Point"
      },
      "properties": {
        "category": "playground",
        "description": "",
        "has_changing_area": false,
        "has_child_seats": false,
        "has_nursing_area": false,
        "has_playground": true,
        "id": "3321B88D-27AA-468E-9E59-295B849ADE3A",
        "is_wheelchair_accessible": false,
        "name": "Trollparken",
        "notes": "",
        "verified": false
      }
    },
    {
      "type": "Feature",
      "geometry": {
        "coordinates": [
          9.9706308,
          59.0025565
        ],
        "type": "Point"
      },
      "properties": {
        "category": "playground",
        "description": "",
        "has_changing_area": false,
        "has_child_seats": false,
        "has_nursing_area": false,
        "has_playground": true,
        "id": "54154470-80F8-417D-AB77-29EBB060AF59",
        "is_wheelchair_accessible": false,
        "name": "Sandkasse",
        "notes": "",
        "verified": false
      }
    },
    {
      "type": "Feature",
      "geometry": {
        "coordinates": [
          7.535188,
          59.212497
        ],
        "type": "Point"
      },
      "properties": {
        "category": "playground",
        "description": "",
        "has_changing_area": false,
        "has_child_seats": false,
        "has_nursing_area": false,
        "has_playground": true,
        "id": "9508E0F1-732E-45A3-8924-783983E83D74",
        "is_wheelchair_accessible": false,
        "name": "Valle folkebibliotek",
        "notes": "",
        "verified": false
      }
    },
    {
      "type": "Feature",
      "geometry": {
        "coordinates": [
          5.1802134,
          60.371803
        ],
        "type": "Point"
      },
      "properties": {
        "category": "other",
        "description": "",
        "has_changing_area": true,
        "has_child_seats": false,
        "has_nursing_area": false,
        "has_playground": false,
        "id": "40D9D4FF-58F4-4349-B3F8-27B8DF564C30",
        "is_wheelchair_accessible": true,
        "name": "Public toilets (with changing table)",
        "notes": "",
        "verified": false
      }
    },
    {
      "type": "Feature",
      "geometry": {
        "coordinates": [
          10.2717717,
          60.179447
        ],
        "type": "Point"
      },
      "properties": {
        "category": "playground",
        "description": "",
        "has_changing_area": false,
        "has_child_seats": false,
        "has_nursing_area": false,
        "has_playground": true,
        "id": "11E6B11E-3286-45AD-A226-6BE020945F45",
        "is_wheelchair_accessible": false,
        "name": "Hønen Alle Lekeplass",
        "notes": "",
        "verified": false
      }
    },
    {
      "type": "Feature",
      "geometry": {
        "coordinates": [
          10.7674801,
          59.910405
        ],
        "type": "Point"
      },
      "properties": {
        "category": "cafe",
        "description": "",
        "has_changing_area": false,
        "has_child_seats": false,
        "has_nursing_area": false,
        "has_playground": false,
        "id": "8238EB12-B6D6-45A7-BA3B-761DC2CB4ACE",
        "is_wheelchair_accessible": false,
        "name": "Kafé Saba",
        "notes": "",
        "verified": false
      }
    },
    {
      "type": "Feature",
      "geometry": {
        "coordinates": [
          10.7049841,
          59.9185389
        ],
        "type": "Point"
      },
      "properties": {
        "category": "shopping",
        "description": "",
        "has_changing_area": false,
        "has_child_seats": false,
        "has_nursing_area": false,
        "has_playground": false,
        "id": "7421263C-E35B-4BB3-9B54-42DB0ED2BE65",
        "is_wheelchair_accessible": true,
        "name": "Bamsebua",
        "notes": "",
        "verified": false
      }
    },
    {
      "type": "Feature",
      "geometry": {
        "coordinates": [
          10.7399467,
          59.9261261
        ],
        "type": "Point"
      },
      "properties": {
        "category": "cafe",
        "description": "",
        "has_changing_area": false,
        "has_child_seats": false,
        "has_nursing_area": false,
        "has_playground": false,
        "id": "E3A27CD0-5310-4095-B24E-6C63784DDBEF",
        "is_wheelchair_accessible": false,
        "name": "St. Hanshaugen utendørs restaurant",
        "notes": "",
        "verified": false
      }
    },
    {
      "type": "Feature",
      "geometry": {
        "coordinates": [
          10.7257503,
          59.9234036
        ],
        "type": "Point"
      },
      "properties": {
        "category": "shopping",
        "description": "",
        "has_changing_area": false,
        "has_child_seats": false,
        "has_nursing_area": false,
        "has_playground": true,
        "id": "33BEBBC7-A9E5-4284-B405-B5E5F8B8B9B3",
        "is_wheelchair_accessible": true,
        "name": "Sprell",
        "notes": "",
        "verified": false
      }
    },
    {
      "type": "Feature",
      "geometry": {
        "coordinates": [
          9.8412696,
          63.2873031
        ],
        "type": "Point"
      },
      "properties": {
        "category": "playground",
        "description": "",
        "has_changing_area": false,
        "has_child_seats": false,
        "has_nursing_area": false,
        "has_playground": true,
        "id": "E429A24B-89DC-45FC-87FB-8968761729DB",
        "is_wheelchair_accessible": false,
        "name": "Lekeplass Evjen skole",
        "notes": "",
        "verified": false
      }
    },
    {
      "type": "Feature",
      "geometry": {
        "coordinates": [
          10.4119293,
          63.434797
        ],
        "type": "Point"
      },
      "properties": {
        "category": "cafe",
        "description": "",
        "has_changing_area": false,
        "has_child_seats": false,
        "has_nursing_area": false,
        "has_playground": false,
        "id": "9DBB6042-C5A5-4819-A21B-EB87310909A2",
        "is_wheelchair_accessible": false,
        "name": "Rosenborg bakeri",
        "notes": "",
        "verified": false
      }
    },
    {
      "type": "Feature",
      "geometry": {
        "coordinates": [
          11.4479943,
          59.9280864
        ],
        "type": "Point"
      },
      "properties": {
        "category": "playground",
        "description": "",
        "has_changing_area": false,
        "has_child_seats": false,
        "has_nursing_area": false,
        "has_playground": true,
        "id": "A738B5D8-3554-4DCB-93F9-77C2E0306B87",
        "is_wheelchair_accessible": false,
        "name": "Sverdsrup lekepark",
        "notes": "",
        "verified": false
      }
    },
    {
      "type": "Feature",
      "geometry": {
        "coordinates": [
          10.4145003,
          60.0056265
        ],
        "type": "Point"
      },
      "properties": {
        "category": "cafe",
        "description": "",
        "has_changing_area": false,
        "has_child_seats": false,
        "has_nursing_area": false,
        "has_playground": false,
        "id": "A2834873-A66E-46FB-98DA-67A7010B2EC6",
        "is_wheelchair_accessible": false,
        "name": "Greinehytta",
        "notes": "",
        "verified": false
      }
    },
    {
      "type": "Feature",
      "geometry": {
        "coordinates": [
          10.5061817,
          59.9966418
        ],
        "type": "Point"
      },
      "properties": {
        "category": "cafe",
        "description": "",
        "has_changing_area": false,
        "has_child_seats": false,
        "has_nursing_area": false,
        "has_playground": false,
        "id": "A8F11A39-F087-465B-B754-8D6BCAADC70E",
        "is_wheelchair_accessible": false,
        "name": "Vensåsseter",
        "notes": "",
        "verified": false
      }
    },
    {
      "type": "Feature",
      "geometry": {
        "coordinates": [
          10.6923418,
          59.9103091
        ],
        "type": "Point"
      },
      "properties": {
        "category": "cafe",
        "description": "",
        "has_changing_area": false,
        "has_child_seats": false,
        "has_nursing_area": false,
        "has_playground": false,
        "id": "3CDF30E4-4B3A-4843-A47A-10DB424ED7A9",
        "is_wheelchair_accessible": false,
        "name": "Galleri Joséphine",
        "notes": "",
        "verified": false
      }
    },
    {
      "type": "Feature",
      "geometry": {
        "coordinates": [
          8.1452995,
          58.187832
        ],
        "type": "Point"
      },
      "properties": {
        "category": "cafe",
        "description": "",
        "has_changing_area": false,
        "has_child_seats": false,
        "has_nursing_area": false,
        "has_playground": false,
        "id": "C23A44DC-F2E9-47EF-8F05-1D1D2B147CF0",
        "is_wheelchair_accessible": false,
        "name": "Teina",
        "notes": "",
        "verified": false
      }
    },
    {
      "type": "Feature",
      "geometry": {
        "coordinates": [
          10.6882027,
          59.9212962
        ],
        "type": "Point"
      },
      "properties": {
        "category": "cafe",
        "description": "",
        "has_changing_area": false,
        "has_child_seats": false,
        "has_nursing_area": false,
        "has_playground": false,
        "id": "8D368EF7-E2F4-42C3-9F0D-383A1BB36770",
        "is_wheelchair_accessible": false,
        "name": "CafeRo",
        "notes": "",
        "verified": false
      }
    },
    {
      "type": "Feature",
      "geometry": {
        "coordinates": [
          7.9951161,
          58.1447039
        ],
        "type": "Point"
      },
      "properties": {
        "category": "cafe",
        "description": "",
        "has_changing_area": false,
        "has_child_seats": false,
        "has_nursing_area": false,
        "has_playground": false,
        "id": "3BB39FBE-A008-43C4-959E-FAF1533094B9",
        "is_wheelchair_accessible": false,
        "name": "Joe & the Juice, Sandens senter",
        "notes": "",
        "verified": false
      }
    },
    {
      "type": "Feature",
      "geometry": {
        "coordinates": [
          10.5871916,
          59.9174651
        ],
        "type": "Point"
      },
      "properties": {
        "category": "cafe",
        "description": "",
        "has_changing_area": false,
        "has_child_seats": true,
        "has_nursing_area": false,
        "has_playground": false,
        "id": "11CD1DF2-9021-4489-8D50-D1FF3CB48C6C",
        "is_wheelchair_accessible": true,
        "name": "W.B. Samson",
        "notes": "",
        "verified": false
      }
    },
    {
      "type": "Feature",
      "geometry": {
        "coordinates": [
          10.7412136,
          59.9136313
        ],
        "type": "Point"
      },
      "properties": {
        "category": "cafe",
        "description": "",
        "has_changing_area": false,
        "has_child_seats": false,
        "has_nursing_area": false,
        "has_playground": false,
        "id": "041278C1-1BF4-493F-B9EA-34E4D3725237",
        "is_wheelchair_accessible": false,
        "name": "Baker Hansen",
        "notes": "",
        "verified": false
      }
    },
    {
      "type": "Feature",
      "geometry": {
        "coordinates": [
          5.4991031,
          59.7783618
        ],
        "type": "Point"
      },
      "properties": {
        "category": "shopping",
        "description": "",
        "has_changing_area": false,
        "has_child_seats": false,
        "has_nursing_area": false,
        "has_playground": false,
        "id": "2A367B25-E2F5-4F4F-B904-17C6E582180C",
        "is_wheelchair_accessible": true,
        "name": "RINGO",
        "notes": "",
        "verified": false
      }
    },
    {
      "type": "Feature",
      "geometry": {
        "coordinates": [
          10.9265554,
          59.9608649
        ],
        "type": "Point"
      },
      "properties": {
        "category": "cafe",
        "description": "",
        "has_changing_area": false,
        "has_child_seats": false,
        "has_nursing_area": false,
        "has_playground": false,
        "id": "49CBDF5E-61EE-47B7-978E-C3D55E5D837C",
        "is_wheelchair_accessible": false,
        "name": "Karachi Street Food",
        "notes": "",
        "verified": false
      }
    },
    {
      "type": "Feature",
      "geometry": {
        "coordinates": [
          5.3505281,
          60.3650797
        ],
        "type": "Point"
      },
      "properties": {
        "category": "playground",
        "description": "",
        "has_changing_area": false,
        "has_child_seats": false,
        "has_nursing_area": false,
        "has_playground": true,
        "id": "AA7E5288-DF70-4810-8535-521056832778",
        "is_wheelchair_accessible": false,
        "name": "Jacob Aalls vei lekeplass",
        "notes": "",
        "verified": false
      }
    },
    {
      "type": "Feature",
      "geometry": {
        "coordinates": [
          6.1797006,
          59.2370255
        ],
        "type": "Point"
      },
      "properties": {
        "category": "playground",
        "description": "",
        "has_changing_area": false,
        "has_child_seats": false,
        "has_nursing_area": false,
        "has_playground": true,
        "id": "DC0D817B-2322-4D76-A2EB-F16B7C8567A9",
        "is_wheelchair_accessible": false,
        "name": "Ryfylkebiblioteket Hjelmeland",
        "notes": "",
        "verified": false
      }
    },
    {
      "type": "Feature",
      "geometry": {
        "coordinates": [
          5.298894,
          60.3824195
        ],
        "type": "Point"
      },
      "properties": {
        "category": "playground",
        "description": "",
        "has_changing_area": false,
        "has_child_seats": false,
        "has_nursing_area": false,
        "has_playground": true,
        "id": "6B0D6995-8BD2-42F8-BA99-BB38C3C0784E",
        "is_wheelchair_accessible": false,
        "name": "Ungdommens hus lekeplass",
        "notes": "",
        "verified": false
      }
    },
    {
      "type": "Feature",
      "geometry": {
        "coordinates": [
          10.780636,
          59.938574
        ],
        "type": "Point"
      },
      "properties": {
        "category": "cafe",
        "description": "",
        "has_changing_area": false,
        "has_child_seats": false,
        "has_nursing_area": false,
        "has_playground": false,
        "id": "F6878334-17CB-404B-BEB7-D158CC8FA60C",
        "is_wheelchair_accessible": false,
        "name": "Campino Sinsen",
        "notes": "",
        "verified": false
      }
    },
    {
      "type": "Feature",
      "geometry": {
        "coordinates": [
          10.7962898,
          59.9521515
        ],
        "type": "Point"
      },
      "properties": {
        "category": "cafe",
        "description": "",
        "has_changing_area": false,
        "has_child_seats": false,
        "has_nursing_area": false,
        "has_playground": false,
        "id": "3BC3E9D4-68C0-461D-805C-48FE216404A6",
        "is_wheelchair_accessible": false,
        "name": "Trollbua",
        "notes": "",
        "verified": false
      }
    },
    {
      "type": "Feature",
      "geometry": {
        "coordinates": [
          5.244798,
          60.351005
        ],
        "type": "Point"
      },
      "properties": {
        "category": "cafe",
        "description": "",
        "has_changing_area": false,
        "has_child_seats": false,
        "has_nursing_area": false,
        "has_playground": false,
        "id": "A40E2DF1-7285-4BB6-A37A-9D2DC47FECA7",
        "is_wheelchair_accessible": true,
        "name": "Tin Tin Loi",
        "notes": "",
        "verified": false
      }
    },
    {
      "type": "Feature",
      "geometry": {
        "coordinates": [
          11.1222847,
          59.8329887
        ],
        "type": "Point"
      },
      "properties": {
        "category": "cafe",
        "description": "",
        "has_changing_area": false,
        "has_child_seats": false,
        "has_nursing_area": false,
        "has_playground": false,
        "id": "791F5ED6-B596-41C2-B574-858BEC8A839B",
        "is_wheelchair_accessible": false,
        "name": "Streifinn",
        "notes": "",
        "verified": false
      }
    },
    {
      "type": "Feature",
      "geometry": {
        "coordinates": [
          10.7839923,
          59.8306812
        ],
        "type": "Point"
      },
      "properties": {
        "category": "playground",
        "description": "",
        "has_changing_area": false,
        "has_child_seats": false,
        "has_nursing_area": false,
        "has_playground": true,
        "id": "4FBC0B9B-361D-41D9-8578-BD0147DC782D",
        "is_wheelchair_accessible": false,
        "name": "Brannbilen",
        "notes": "",
        "verified": false
      }
    },
    {
      "type": "Feature",
      "geometry": {
        "coordinates": [
          10.20363,
          59.739014
        ],
        "type": "Point"
      },
      "properties": {
        "category": "shopping",
        "description": "",
        "has_changing_area": false,
        "has_child_seats": false,
        "has_nursing_area": false,
        "has_playground": false,
        "id": "635A9FBB-40A3-41D6-9593-00C4175F5AD8",
        "is_wheelchair_accessible": false,
        "name": "Retropiken",
        "notes": "",
        "verified": false
      }
    },
    {
      "type": "Feature",
      "geometry": {
        "coordinates": [
          5.2922096,
          60.3489839
        ],
        "type": "Point"
      },
      "properties": {
        "category": "cafe",
        "description": "",
        "has_changing_area": false,
        "has_child_seats": false,
        "has_nursing_area": false,
        "has_playground": false,
        "id": "C761A346-F796-4F15-9FE4-DD559BB385FC",
        "is_wheelchair_accessible": false,
        "name": "Solbrød",
        "notes": "",
        "verified": false
      }
    },
    {
      "type": "Feature",
      "geometry": {
        "coordinates": [
          18.9075743,
          69.679259
        ],
        "type": "Point"
      },
      "properties": {
        "category": "cafe",
        "description": "",
        "has_changing_area": false,
        "has_child_seats": false,
        "has_nursing_area": false,
        "has_playground": false,
        "id": "131622E0-8F0E-4585-87E0-C5D72075F51D",
        "is_wheelchair_accessible": false,
        "name": "Ritazza",
        "notes": "",
        "verified": false
      }
    },
    {
      "type": "Feature",
      "geometry": {
        "coordinates": [
          5.3252448,
          60.3927917
        ],
        "type": "Point"
      },
      "properties": {
        "category": "other",
        "description": "",
        "has_changing_area": true,
        "has_child_seats": false,
        "has_nursing_area": false,
        "has_playground": false,
        "id": "757EF4D6-EDA2-4382-94CA-56313F203DF4",
        "is_wheelchair_accessible": true,
        "name": "Galleriet",
        "notes": "",
        "verified": false
      }
    },
    {
      "type": "Feature",
      "geometry": {
        "coordinates": [
          17.8399346,
          68.8735346
        ],
        "type": "Point"
      },
      "properties": {
        "category": "playground",
        "description": "",
        "has_changing_area": false,
        "has_child_seats": false,
        "has_nursing_area": false,
        "has_playground": true,
        "id": "5177B057-4601-4D97-ADCC-A14185A2C6E4",
        "is_wheelchair_accessible": false,
        "name": "Strandparken/U4 lekeplass",
        "notes": "",
        "verified": false
      }
    },
    {
      "type": "Feature",
      "geometry": {
        "coordinates": [
          10.749308,
          60.078875
        ],
        "type": "Point"
      },
      "properties": {
        "category": "cafe",
        "description": "",
        "has_changing_area": false,
        "has_child_seats": false,
        "has_nursing_area": false,
        "has_playground": false,
        "id": "9F217709-DC3C-47B9-A6D3-73AE183F092D",
        "is_wheelchair_accessible": false,
        "name": "Gørjahytta",
        "notes": "",
        "verified": false
      }
    },
    {
      "type": "Feature",
      "geometry": {
        "coordinates": [
          7.9919042,
          58.1460333
        ],
        "type": "Point"
      },
      "properties": {
        "category": "cafe",
        "description": "",
        "has_changing_area": false,
        "has_child_seats": false,
        "has_nursing_area": false,
        "has_playground": false,
        "id": "6892E301-60CD-41EA-973F-A78E7EF02D2B",
        "is_wheelchair_accessible": true,
        "name": "Til stede",
        "notes": "",
        "verified": false
      }
    },
    {
      "type": "Feature",
      "geometry": {
        "coordinates": [
          8.0062934,
          58.1477677
        ],
        "type": "Point"
      },
      "properties": {
        "category": "cafe",
        "description": "",
        "has_changing_area": false,
        "has_child_seats": false,
        "has_nursing_area": false,
        "has_playground": false,
        "id": "60B7D28A-2FB9-4753-B806-CA5AC91C111D",
        "is_wheelchair_accessible": false,
        "name": "Snadderkiosken",
        "notes": "",
        "verified": false
      }
    },
    {
      "type": "Feature",
      "geometry": {
        "coordinates": [
          10.7649069,
          59.923053
        ],
        "type": "Point"
      },
      "properties": {
        "category": "playground",
        "description": "",
        "has_changing_area": false,
        "has_child_seats": false,
        "has_nursing_area": false,
        "has_playground": true,
        "id": "ADCC0170-75AA-4B41-8E41-886691132827",
        "is_wheelchair_accessible": false,
        "name": "Sofienbergparken lekeplass",
        "notes": "",
        "verified": false
      }
    },
    {
      "type": "Feature",
      "geometry": {
        "coordinates": [
          10.7522,
          59.9139
        ],
        "type": "Point"
      },
      "properties": {
        "category": "playground",
        "description": "",
        "has_changing_area": true,
        "has_child_seats": true,
        "has_nursing_area": false,
        "has_playground": true,
        "id": "3B560F40-D641-4713-AA39-26B874467613",
        "is_wheelchair_accessible": true,
        "name": "Babysang Lista Menighet",
        "notes": "",
        "verified": false
      }
    },
    {
      "type": "Feature",
      "geometry": {
        "coordinates": [
          11.0962187,
          60.194499
        ],
        "type": "Point"
      },
      "properties": {
        "category": "other",
        "description": "",
        "has_changing_area": true,
        "has_child_seats": false,
        "has_nursing_area": false,
        "has_playground": false,
        "id": "30427DE1-63A4-457E-BAB6-2021100001AF",
        "is_wheelchair_accessible": true,
        "name": "Public toilets (with changing table)",
        "notes": "",
        "verified": false
      }
    },
    {
      "type": "Feature",
      "geometry": {
        "coordinates": [
          5.3233028,
          60.3926935
        ],
        "type": "Point"
      },
      "properties": {
        "category": "cafe",
        "description": "",
        "has_changing_area": true,
        "has_child_seats": true,
        "has_nursing_area": false,
        "has_playground": false,
        "id": "8E05DF34-D7E7-4BC8-A87C-514AFD43C902",
        "is_wheelchair_accessible": true,
        "name": "Espresso House Torgallmenningen",
        "notes": "",
        "verified": false
      }
    },
    {
      "type": "Feature",
      "geometry": {
        "coordinates": [
          10.7656318,
          59.9548552
        ],
        "type": "Point"
      },
      "properties": {
        "category": "cafe",
        "description": "",
        "has_changing_area": false,
        "has_child_seats": false,
        "has_nursing_area": false,
        "has_playground": false,
        "id": "B7F66C56-6AA8-435A-9E13-0E9601C94FCC",
        "is_wheelchair_accessible": false,
        "name": "Aji spiseri",
        "notes": "",
        "verified": false
      }
    },
    {
      "type": "Feature",
      "geometry": {
        "coordinates": [
          10.4622592,
          61.1171663
        ],
        "type": "Point"
      },
      "properties": {
        "category": "other",
        "description": "",
        "has_changing_area": true,
        "has_child_seats": false,
        "has_nursing_area": false,
        "has_playground": false,
        "id": "EE65C7AB-B22E-4A85-AE03-548F0612ED9C",
        "is_wheelchair_accessible": false,
        "name": "Public toilets (with changing table)",
        "notes": "",
        "verified": false
      }
    },
    {
      "type": "Feature",
      "geometry": {
        "coordinates": [
          5.264018,
          60.482059
        ],
        "type": "Point"
      },
      "properties": {
        "category": "playground",
        "description": "",
        "has_changing_area": false,
        "has_child_seats": false,
        "has_nursing_area": false,
        "has_playground": true,
        "id": "2C8691FE-29AE-4F08-B552-E6C1AB057E2B",
        "is_wheelchair_accessible": false,
        "name": "Lokketodalen lekeplass",
        "notes": "",
        "verified": false
      }
    },
    {
      "type": "Feature",
      "geometry": {
        "coordinates": [
          10.8234757,
          59.8684549
        ],
        "type": "Point"
      },
      "properties": {
        "category": "playground",
        "description": "",
        "has_changing_area": false,
        "has_child_seats": false,
        "has_nursing_area": false,
        "has_playground": true,
        "id": "338B3D57-9D43-4E0C-A93B-05E050A97E57",
        "is_wheelchair_accessible": false,
        "name": "Steinspranget lekeplass",
        "notes": "",
        "verified": false
      }
    },
    {
      "type": "Feature",
      "geometry": {
        "coordinates": [
          11.0056042,
          59.9476661
        ],
        "type": "Point"
      },
      "properties": {
        "category": "cafe",
        "description": "",
        "has_changing_area": true,
        "has_child_seats": true,
        "has_nursing_area": false,
        "has_playground": false,
        "id": "6AAABA40-6E50-4F77-BD4F-767AD86B147F",
        "is_wheelchair_accessible": true,
        "name": "Espresso House Strømmen Storsenter",
        "notes": "",
        "verified": false
      }
    },
    {
      "type": "Feature",
      "geometry": {
        "coordinates": [
          7.1587944,
          62.7368497
        ],
        "type": "Point"
      },
      "properties": {
        "category": "cafe",
        "description": "",
        "has_changing_area": true,
        "has_child_seats": false,
        "has_nursing_area": false,
        "has_playground": false,
        "id": "D2EFCC65-234C-4122-8A3D-12ACFF400EF4",
        "is_wheelchair_accessible": true,
        "name": "Den Gode Smak",
        "notes": "",
        "verified": false
      }
    },
    {
      "type": "Feature",
      "geometry": {
        "coordinates": [
          10.767026,
          59.911564
        ],
        "type": "Point"
      },
      "properties": {
        "category": "cafe",
        "description": "",
        "has_changing_area": false,
        "has_child_seats": false,
        "has_nursing_area": false,
        "has_playground": false,
        "id": "6C7FEE73-4A70-4DA5-8B4A-A0E74908187B",
        "is_wheelchair_accessible": false,
        "name": "Kaffebrenneriet",
        "notes": "",
        "verified": false
      }
    },
    {
      "type": "Feature",
      "geometry": {
        "coordinates": [
          10.3410138,
          59.8499257
        ],
        "type": "Point"
      },
      "properties": {
        "category": "cafe",
        "description": "",
        "has_changing_area": false,
        "has_child_seats": false,
        "has_nursing_area": false,
        "has_playground": false,
        "id": "C015C7B5-FE28-4F61-A4A3-9FA0068FEED5",
        "is_wheelchair_accessible": false,
        "name": "Solli gård",
        "notes": "",
        "verified": false
      }
    },
    {
      "type": "Feature",
      "geometry": {
        "coordinates": [
          5.4765333,
          59.6920813
        ],
        "type": "Point"
      },
      "properties": {
        "category": "other",
        "description": "",
        "has_changing_area": true,
        "has_child_seats": false,
        "has_nursing_area": false,
        "has_playground": false,
        "id": "FA0F1CDF-A91B-41F4-8755-66ACAD26902C",
        "is_wheelchair_accessible": true,
        "name": "Public toilets (with changing table)",
        "notes": "",
        "verified": false
      }
    },
    {
      "type": "Feature",
      "geometry": {
        "coordinates": [
          5.230483,
          60.2871181
        ],
        "type": "Point"
      },
      "properties": {
        "category": "other",
        "description": "",
        "has_changing_area": true,
        "has_child_seats": false,
        "has_nursing_area": false,
        "has_playground": false,
        "id": "6A92C18C-F06F-4BE2-B0EA-9C7971238EC6",
        "is_wheelchair_accessible": false,
        "name": "Public toilets (with changing table)",
        "notes": "",
        "verified": false
      }
    },
    {
      "type": "Feature",
      "geometry": {
        "coordinates": [
          5.5229053,
          59.7963168
        ],
        "type": "Point"
      },
      "properties": {
        "category": "playground",
        "description": "",
        "has_changing_area": false,
        "has_child_seats": false,
        "has_nursing_area": false,
        "has_playground": true,
        "id": "02935786-6479-452D-B737-601C3FEC7A7B",
        "is_wheelchair_accessible": false,
        "name": "Drømmehaugen Lekeplass",
        "notes": "",
        "verified": false
      }
    },
    {
      "type": "Feature",
      "geometry": {
        "coordinates": [
          10.7044114,
          59.9428389
        ],
        "type": "Point"
      },
      "properties": {
        "category": "cafe",
        "description": "",
        "has_changing_area": false,
        "has_child_seats": false,
        "has_nursing_area": false,
        "has_playground": false,
        "id": "704EEEFA-8760-4F06-AD10-0BE3A78C69AA",
        "is_wheelchair_accessible": false,
        "name": "United Bakeries Vinderen",
        "notes": "",
        "verified": false
      }
    },
    {
      "type": "Feature",
      "geometry": {
        "coordinates": [
          5.723605,
          58.8639019
        ],
        "type": "Point"
      },
      "properties": {
        "category": "playground",
        "description": "",
        "has_changing_area": false,
        "has_child_seats": false,
        "has_nursing_area": false,
        "has_playground": true,
        "id": "12DC41F9-D6E5-41E4-B7A7-5B88A41901E0",
        "is_wheelchair_accessible": false,
        "name": "Kjærholen Akebakke",
        "notes": "",
        "verified": false
      }
    },
    {
      "type": "Feature",
      "geometry": {
        "coordinates": [
          10.7396256,
          59.9244544
        ],
        "type": "Point"
      },
      "properties": {
        "category": "cafe",
        "description": "",
        "has_changing_area": false,
        "has_child_seats": false,
        "has_nursing_area": false,
        "has_playground": false,
        "id": "2DA6AE5D-065C-40C2-B171-F370A4A8A7D0",
        "is_wheelchair_accessible": true,
        "name": "Pascal",
        "notes": "",
        "verified": false
      }
    },
    {
      "type": "Feature",
      "geometry": {
        "coordinates": [
          5.3509097,
          60.3753818
        ],
        "type": "Point"
      },
      "properties": {
        "category": "playground",
        "description": "",
        "has_changing_area": false,
        "has_child_seats": false,
        "has_nursing_area": false,
        "has_playground": true,
        "id": "EE6B4D58-5A71-4051-AD92-E67EA134E249",
        "is_wheelchair_accessible": false,
        "name": "Jonas Lies vei lekeplass",
        "notes": "",
        "verified": false
      }
    },
    {
      "type": "Feature",
      "geometry": {
        "coordinates": [
          8.1307836,
          58.1796705
        ],
        "type": "Point"
      },
      "properties": {
        "category": "cafe",
        "description": "",
        "has_changing_area": false,
        "has_child_seats": false,
        "has_nursing_area": false,
        "has_playground": false,
        "id": "59A2D2F6-4D38-4B83-8BFA-35C2FC2FAB31",
        "is_wheelchair_accessible": false,
        "name": "Geheb conditori Sørlandssenteret",
        "notes": "",
        "verified": false
      }
    },
    {
      "type": "Feature",
      "geometry": {
        "coordinates": [
          8.143968,
          58.1847494
        ],
        "type": "Point"
      },
      "properties": {
        "category": "playground",
        "description": "",
        "has_changing_area": false,
        "has_child_seats": false,
        "has_nursing_area": false,
        "has_playground": true,
        "id": "0A2E4447-707A-4391-A02B-A9ACB91D480C",
        "is_wheelchair_accessible": false,
        "name": "Jungelland",
        "notes": "",
        "verified": false
      }
    },
    {
      "type": "Feature",
      "geometry": {
        "coordinates": [
          10.7828185,
          59.8821678
        ],
        "type": "Point"
      },
      "properties": {
        "category": "cafe",
        "description": "",
        "has_changing_area": false,
        "has_child_seats": false,
        "has_nursing_area": false,
        "has_playground": false,
        "id": "35768ADC-3247-449C-861C-53DC81481C6F",
        "is_wheelchair_accessible": false,
        "name": "Skalldyrekspressen",
        "notes": "",
        "verified": false
      }
    },
    {
      "type": "Feature",
      "geometry": {
        "coordinates": [
          7.4201674,
          58.6193914
        ],
        "type": "Point"
      },
      "properties": {
        "category": "playground",
        "description": "",
        "has_changing_area": false,
        "has_child_seats": false,
        "has_nursing_area": false,
        "has_playground": true,
        "id": "6D69C717-8CC1-46E2-AF68-08D2A2DA6794",
        "is_wheelchair_accessible": false,
        "name": "Åseral bibliotek",
        "notes": "",
        "verified": false
      }
    },
    {
      "type": "Feature",
      "geometry": {
        "coordinates": [
          5.3150887,
          60.417339
        ],
        "type": "Point"
      },
      "properties": {
        "category": "playground",
        "description": "",
        "has_changing_area": false,
        "has_child_seats": false,
        "has_nursing_area": false,
        "has_playground": true,
        "id": "DA0915FB-F715-4754-8868-0684D28EFE4E",
        "is_wheelchair_accessible": false,
        "name": "Munkebotn lekeplass",
        "notes": "",
        "verified": false
      }
    },
    {
      "type": "Feature",
      "geometry": {
        "coordinates": [
          5.317533,
          60.395726
        ],
        "type": "Point"
      },
      "properties": {
        "category": "cafe",
        "description": "",
        "has_changing_area": false,
        "has_child_seats": false,
        "has_nursing_area": false,
        "has_playground": false,
        "id": "8F830126-67CC-4876-848F-5B92BCA76E4F",
        "is_wheelchair_accessible": false,
        "name": "Dromedar kaffebar",
        "notes": "",
        "verified": false
      }
    },
    {
      "type": "Feature",
      "geometry": {
        "coordinates": [
          11.0448816,
          59.9535421
        ],
        "type": "Point"
      },
      "properties": {
        "category": "cafe",
        "description": "",
        "has_changing_area": false,
        "has_child_seats": false,
        "has_nursing_area": false,
        "has_playground": false,
        "id": "F51729B0-B280-4777-B8C1-3911F07FDFE1",
        "is_wheelchair_accessible": false,
        "name": "Tea Fusion",
        "notes": "",
        "verified": false
      }
    },
    {
      "type": "Feature",
      "geometry": {
        "coordinates": [
          10.7801561,
          59.9263848
        ],
        "type": "Point"
      },
      "properties": {
        "category": "cafe",
        "description": "",
        "has_changing_area": false,
        "has_child_seats": false,
        "has_nursing_area": false,
        "has_playground": false,
        "id": "9461A579-A3A3-4A2F-AD26-09B6FADD321F",
        "is_wheelchair_accessible": false,
        "name": "Billedhoggerhuset",
        "notes": "",
        "verified": false
      }
    },
    {
      "type": "Feature",
      "geometry": {
        "coordinates": [
          10.7573896,
          59.9238593
        ],
        "type": "Point"
      },
      "properties": {
        "category": "shopping",
        "description": "",
        "has_changing_area": false,
        "has_child_seats": false,
        "has_nursing_area": false,
        "has_playground": false,
        "id": "11968C2B-A2B7-47C4-A67E-33CB51590574",
        "is_wheelchair_accessible": true,
        "name": "Små Spor",
        "notes": "",
        "verified": false
      }
    },
    {
      "type": "Feature",
      "geometry": {
        "coordinates": [
          10.400626,
          63.4160977
        ],
        "type": "Point"
      },
      "properties": {
        "category": "playground",
        "description": "",
        "has_changing_area": false,
        "has_child_seats": false,
        "has_nursing_area": false,
        "has_playground": true,
        "id": "6E5F7F83-79EF-49EE-9D4F-2F35D7ED5449",
        "is_wheelchair_accessible": false,
        "name": "Schøyens gt 10",
        "notes": "",
        "verified": false
      }
    },
    {
      "type": "Feature",
      "geometry": {
        "coordinates": [
          10.7305968,
          59.9194087
        ],
        "type": "Point"
      },
      "properties": {
        "category": "cafe",
        "description": "",
        "has_changing_area": false,
        "has_child_seats": false,
        "has_nursing_area": false,
        "has_playground": false,
        "id": "AB83D2AA-CEC2-4BC9-9A9A-4CDC907EAFAC",
        "is_wheelchair_accessible": false,
        "name": "Kunstnernes hus",
        "notes": "",
        "verified": false
      }
    },
    {
      "type": "Feature",
      "geometry": {
        "coordinates": [
          10.5846279,
          59.9179022
        ],
        "type": "Point"
      },
      "properties": {
        "category": "playground",
        "description": "",
        "has_changing_area": false,
        "has_child_seats": false,
        "has_nursing_area": false,
        "has_playground": true,
        "id": "5AF52EE7-3F38-4D6B-899F-8F1948D9667B",
        "is_wheelchair_accessible": true,
        "name": "Bærum bibliotek, Bekkestua",
        "notes": "",
        "verified": false
      }
    },
    {
      "type": "Feature",
      "geometry": {
        "coordinates": [
          10.739569,
          59.924174
        ],
        "type": "Point"
      },
      "properties": {
        "category": "cafe",
        "description": "",
        "has_changing_area": false,
        "has_child_seats": false,
        "has_nursing_area": false,
        "has_playground": false,
        "id": "C396C886-56A1-44FB-898D-004C56FC676A",
        "is_wheelchair_accessible": false,
        "name": "Baker Hansen",
        "notes": "",
        "verified": false
      }
    },
    {
      "type": "Feature",
      "geometry": {
        "coordinates": [
          10.7165469,
          59.9295317
        ],
        "type": "Point"
      },
      "properties": {
        "category": "cafe",
        "description": "",
        "has_changing_area": false,
        "has_child_seats": false,
        "has_nursing_area": false,
        "has_playground": false,
        "id": "37B56732-F782-4813-BD93-B14D19831840",
        "is_wheelchair_accessible": false,
        "name": "Baker Hansen",
        "notes": "",
        "verified": false
      }
    },
    {
      "type": "Feature",
      "geometry": {
        "coordinates": [
          5.7353172,
          58.9710179
        ],
        "type": "Point"
      },
      "properties": {
        "category": "shopping",
        "description": "",
        "has_changing_area": false,
        "has_child_seats": false,
        "has_nursing_area": false,
        "has_playground": false,
        "id": "9F6803F0-8A18-4F0E-AF96-D6F593FF69E4",
        "is_wheelchair_accessible": true,
        "name": "Polarn O. Pyret",
        "notes": "",
        "verified": false
      }
    },
    {
      "type": "Feature",
      "geometry": {
        "coordinates": [
          5.7154855,
          58.8607657
        ],
        "type": "Point"
      },
      "properties": {
        "category": "playground",
        "description": "",
        "has_changing_area": false,
        "has_child_seats": false,
        "has_nursing_area": false,
        "has_playground": true,
        "id": "AB7BFAA7-400E-4EAA-8D14-4BE293011A65",
        "is_wheelchair_accessible": false,
        "name": "Blåklokkeveien og Lupinveien Lekeplass",
        "notes": "",
        "verified": false
      }
    },
    {
      "type": "Feature",
      "geometry": {
        "coordinates": [
          5.316059,
          60.3895294
        ],
        "type": "Point"
      },
      "properties": {
        "category": "playground",
        "description": "",
        "has_changing_area": false,
        "has_child_seats": false,
        "has_nursing_area": false,
        "has_playground": true,
        "id": "F0219276-A686-4B5D-84C0-3C0305BC4061",
        "is_wheelchair_accessible": false,
        "name": "Dragesmauet lekeplass",
        "notes": "",
        "verified": false
      }
    },
    {
      "type": "Feature",
      "geometry": {
        "coordinates": [
          5.3228978,
          60.393694
        ],
        "type": "Point"
      },
      "properties": {
        "category": "cafe",
        "description": "",
        "has_changing_area": false,
        "has_child_seats": false,
        "has_nursing_area": false,
        "has_playground": false,
        "id": "32F3CA93-2A9C-4DDF-8363-04CC6EE21559",
        "is_wheelchair_accessible": false,
        "name": "Asian Street Food",
        "notes": "",
        "verified": false
      }
    },
    {
      "type": "Feature",
      "geometry": {
        "coordinates": [
          10.79427,
          59.834253
        ],
        "type": "Point"
      },
      "properties": {
        "category": "cafe",
        "description": "",
        "has_changing_area": false,
        "has_child_seats": false,
        "has_nursing_area": false,
        "has_playground": false,
        "id": "76C3E248-F115-4527-9E09-60504E4BA72C",
        "is_wheelchair_accessible": false,
        "name": "Krem Kafé og Konditori",
        "notes": "",
        "verified": false
      }
    },
    {
      "type": "Feature",
      "geometry": {
        "coordinates": [
          10.9280859,
          59.7446256
        ],
        "type": "Point"
      },
      "properties": {
        "category": "cafe",
        "description": "",
        "has_changing_area": false,
        "has_child_seats": false,
        "has_nursing_area": false,
        "has_playground": false,
        "id": "68C7B69A-7196-4013-89CE-E6BC5ADDED53",
        "is_wheelchair_accessible": false,
        "name": "Skeidarkollen",
        "notes": "",
        "verified": false
      }
    },
    {
      "type": "Feature",
      "geometry": {
        "coordinates": [
          11.1131802,
          59.9837767
        ],
        "type": "Point"
      },
      "properties": {
        "category": "cafe",
        "description": "",
        "has_changing_area": false,
        "has_child_seats": false,
        "has_nursing_area": false,
        "has_playground": false,
        "id": "D33474A5-CF11-4586-AEB5-23B7F1090C06",
        "is_wheelchair_accessible": false,
        "name": "Leirsund skihytte",
        "notes": "",
        "verified": false
      }
    },
    {
      "type": "Feature",
      "geometry": {
        "coordinates": [
          5.2280089,
          59.7216311
        ],
        "type": "Point"
      },
      "properties": {
        "category": "playground",
        "description": "",
        "has_changing_area": false,
        "has_child_seats": false,
        "has_nursing_area": false,
        "has_playground": true,
        "id": "85FF86C9-BBBF-407C-BE77-2DD5583A951B",
        "is_wheelchair_accessible": false,
        "name": "Bømlo folkebibliotek, Finnås filial",
        "notes": "",
        "verified": false
      }
    },
    {
      "type": "Feature",
      "geometry": {
        "coordinates": [
          5.5657721,
          58.8689655
        ],
        "type": "Point"
      },
      "properties": {
        "category": "cafe",
        "description": "",
        "has_changing_area": false,
        "has_child_seats": false,
        "has_nursing_area": false,
        "has_playground": false,
        "id": "C2EE539E-CECF-4D22-88ED-166D5A1C1E43",
        "is_wheelchair_accessible": true,
        "name": "Ølbergkiosken",
        "notes": "",
        "verified": false
      }
    },
    {
      "type": "Feature",
      "geometry": {
        "coordinates": [
          11.2416985,
          59.9695907
        ],
        "type": "Point"
      },
      "properties": {
        "category": "playground",
        "description": "",
        "has_changing_area": false,
        "has_child_seats": false,
        "has_nursing_area": false,
        "has_playground": true,
        "id": "7BC30411-DAB0-4C45-AD83-F3742095D784",
        "is_wheelchair_accessible": false,
        "name": "Generasjonsparken",
        "notes": "",
        "verified": false
      }
    },
    {
      "type": "Feature",
      "geometry": {
        "coordinates": [
          10.740345,
          59.911979
        ],
        "type": "Point"
      },
      "properties": {
        "category": "cafe",
        "description": "",
        "has_changing_area": false,
        "has_child_seats": false,
        "has_nursing_area": false,
        "has_playground": false,
        "id": "2813D0FB-9D13-41BE-B1F3-1B4C4E024B61",
        "is_wheelchair_accessible": true,
        "name": "Kaffebrenneriet",
        "notes": "",
        "verified": false
      }
    },
    {
      "type": "Feature",
      "geometry": {
        "coordinates": [
          10.7631841,
          59.9140463
        ],
        "type": "Point"
      },
      "properties": {
        "category": "cafe",
        "description": "",
        "has_changing_area": false,
        "has_child_seats": false,
        "has_nursing_area": false,
        "has_playground": false,
        "id": "8B576D4D-93F5-48D8-9813-24A4C946E3B9",
        "is_wheelchair_accessible": false,
        "name": "Udug Kaffe",
        "notes": "",
        "verified": false
      }
    },
    {
      "type": "Feature",
      "geometry": {
        "coordinates": [
          5.3328233,
          60.3892438
        ],
        "type": "Point"
      },
      "properties": {
        "category": "cafe",
        "description": "",
        "has_changing_area": false,
        "has_child_seats": false,
        "has_nursing_area": false,
        "has_playground": false,
        "id": "4AC5D057-FF94-4038-AF84-726BD8CF1E75",
        "is_wheelchair_accessible": true,
        "name": "Cyclo TO GO",
        "notes": "",
        "verified": false
      }
    },
    {
      "type": "Feature",
      "geometry": {
        "coordinates": [
          18.8290458,
          68.3488993
        ],
        "type": "Point"
      },
      "properties": {
        "category": "other",
        "description": "",
        "has_changing_area": true,
        "has_child_seats": false,
        "has_nursing_area": false,
        "has_playground": false,
        "id": "127B3709-631B-4C00-93F3-6A51DDC63344",
        "is_wheelchair_accessible": true,
        "name": "Public toilets (with changing table)",
        "notes": "",
        "verified": false
      }
    },
    {
      "type": "Feature",
      "geometry": {
        "coordinates": [
          5.323999,
          60.4001161
        ],
        "type": "Point"
      },
      "properties": {
        "category": "playground",
        "description": "",
        "has_changing_area": false,
        "has_child_seats": false,
        "has_nursing_area": false,
        "has_playground": true,
        "id": "7557663B-17ED-44FE-BC88-0709133A6C49",
        "is_wheelchair_accessible": false,
        "name": "Birkebeinergaten lekeplass",
        "notes": "",
        "verified": false
      }
    },
    {
      "type": "Feature",
      "geometry": {
        "coordinates": [
          8.1308704,
          58.179146
        ],
        "type": "Point"
      },
      "properties": {
        "category": "cafe",
        "description": "",
        "has_changing_area": false,
        "has_child_seats": false,
        "has_nursing_area": false,
        "has_playground": false,
        "id": "40FFD451-3655-4B55-8A48-FDCAFDB84728",
        "is_wheelchair_accessible": false,
        "name": "La Baguette",
        "notes": "",
        "verified": false
      }
    },
    {
      "type": "Feature",
      "geometry": {
        "coordinates": [
          7.1270277,
          58.0430705
        ],
        "type": "Point"
      },
      "properties": {
        "category": "other",
        "description": "",
        "has_changing_area": true,
        "has_child_seats": false,
        "has_nursing_area": false,
        "has_playground": false,
        "id": "1DF984E0-74A6-4FA3-8367-2579E8ADD5F9",
        "is_wheelchair_accessible": true,
        "name": "Public toilets (with changing table)",
        "notes": "",
        "verified": false
      }
    },
    {
      "type": "Feature",
      "geometry": {
        "coordinates": [
          10.7331627,
          60.9417801
        ],
        "type": "Point"
      },
      "properties": {
        "category": "playground",
        "description": "",
        "has_changing_area": false,
        "has_child_seats": false,
        "has_nursing_area": false,
        "has_playground": true,
        "id": "7133892E-90C7-4310-817E-CCB3ACD07DF7",
        "is_wheelchair_accessible": false,
        "name": "Aspelienga Lekeplass",
        "notes": "",
        "verified": false
      }
    },
    {
      "type": "Feature",
      "geometry": {
        "coordinates": [
          10.4056844,
          59.7368168
        ],
        "type": "Point"
      },
      "properties": {
        "category": "playground",
        "description": "",
        "has_changing_area": false,
        "has_child_seats": false,
        "has_nursing_area": false,
        "has_playground": true,
        "id": "856263F5-8557-4EBA-8F6E-00F15FA070B8",
        "is_wheelchair_accessible": false,
        "name": "Liverud lekeplass",
        "notes": "",
        "verified": false
      }
    },
    {
      "type": "Feature",
      "geometry": {
        "coordinates": [
          10.6216929,
          59.8980339
        ],
        "type": "Point"
      },
      "properties": {
        "category": "cafe",
        "description": "",
        "has_changing_area": false,
        "has_child_seats": false,
        "has_nursing_area": false,
        "has_playground": false,
        "id": "D6F81F6B-1FF0-444B-9DFC-329C3F77F805",
        "is_wheelchair_accessible": false,
        "name": "The Codfather",
        "notes": "",
        "verified": false
      }
    },
    {
      "type": "Feature",
      "geometry": {
        "coordinates": [
          10.7247553,
          59.9409781
        ],
        "type": "Point"
      },
      "properties": {
        "category": "cafe",
        "description": "",
        "has_changing_area": false,
        "has_child_seats": false,
        "has_nursing_area": false,
        "has_playground": false,
        "id": "F6AE0889-60C4-4610-852A-8848FBE8D49C",
        "is_wheelchair_accessible": false,
        "name": "Eilert",
        "notes": "",
        "verified": false
      }
    },
    {
      "type": "Feature",
      "geometry": {
        "coordinates": [
          7.8140795,
          61.048259
        ],
        "type": "Point"
      },
      "properties": {
        "category": "other",
        "description": "",
        "has_changing_area": true,
        "has_child_seats": false,
        "has_nursing_area": false,
        "has_playground": false,
        "id": "E7B44A6A-EB61-4337-991F-2E2C6DB08257",
        "is_wheelchair_accessible": true,
        "name": "Borgund stavkyrkje museum",
        "notes": "",
        "verified": false
      }
    },
    {
      "type": "Feature",
      "geometry": {
        "coordinates": [
          10.6011892,
          59.9480817
        ],
        "type": "Point"
      },
      "properties": {
        "category": "playground",
        "description": "",
        "has_changing_area": true,
        "has_child_seats": false,
        "has_nursing_area": false,
        "has_playground": true,
        "id": "00912313-311E-43C8-982B-CABF67722D94",
        "is_wheelchair_accessible": false,
        "name": "Rush trampolinepark",
        "notes": "",
        "verified": false
      }
    },
    {
      "type": "Feature",
      "geometry": {
        "coordinates": [
          18.9079583,
          69.6800056
        ],
        "type": "Point"
      },
      "properties": {
        "category": "cafe",
        "description": "",
        "has_changing_area": false,
        "has_child_seats": false,
        "has_nursing_area": false,
        "has_playground": false,
        "id": "5035670B-9ABE-47E8-8869-37002C9162ED",
        "is_wheelchair_accessible": false,
        "name": "Café Ritazza",
        "notes": "",
        "verified": false
      }
    },
    {
      "type": "Feature",
      "geometry": {
        "coordinates": [
          10.2309197,
          59.7249999
        ],
        "type": "Point"
      },
      "properties": {
        "category": "playground",
        "description": "",
        "has_changing_area": false,
        "has_child_seats": false,
        "has_nursing_area": false,
        "has_playground": true,
        "id": "E4AAEBE7-EFBF-496E-892D-5C030F357670",
        "is_wheelchair_accessible": false,
        "name": "Maria Fegths gate lekeplass",
        "notes": "",
        "verified": false
      }
    },
    {
      "type": "Feature",
      "geometry": {
        "coordinates": [
          7.0699346,
          60.4665675
        ],
        "type": "Point"
      },
      "properties": {
        "category": "other",
        "description": "",
        "has_changing_area": true,
        "has_child_seats": false,
        "has_nursing_area": false,
        "has_playground": false,
        "id": "0D765948-D78E-407B-B728-0629F828E3AD",
        "is_wheelchair_accessible": true,
        "name": "Public toilets (with changing table)",
        "notes": "",
        "verified": false
      }
    },
    {
      "type": "Feature",
      "geometry": {
        "coordinates": [
          10.757,
          59.938
        ],
        "type": "Point"
      },
      "properties": {
        "category": "playground",
        "description": "",
        "has_changing_area": false,
        "has_child_seats": false,
        "has_nursing_area": false,
        "has_playground": true,
        "id": "9EF9B259-ADD8-45C3-92B6-316DA8AEED6F",
        "is_wheelchair_accessible": true,
        "name": "Torshovparken",
        "notes": "",
        "verified": false
      }
    },
    {
      "type": "Feature",
      "geometry": {
        "coordinates": [
          10.7655207,
          59.938648
        ],
        "type": "Point"
      },
      "properties": {
        "category": "cafe",
        "description": "",
        "has_changing_area": false,
        "has_child_seats": false,
        "has_nursing_area": false,
        "has_playground": false,
        "id": "816D8413-7869-480D-8617-A7AFC8A97788",
        "is_wheelchair_accessible": false,
        "name": "Den Andre Caféen",
        "notes": "",
        "verified": false
      }
    },
    {
      "type": "Feature",
      "geometry": {
        "coordinates": [
          10.7923854,
          59.9304831
        ],
        "type": "Point"
      },
      "properties": {
        "category": "cafe",
        "description": "",
        "has_changing_area": false,
        "has_child_seats": false,
        "has_nursing_area": false,
        "has_playground": false,
        "id": "6AC7A002-CFE8-4C59-A5BA-26790F8506F2",
        "is_wheelchair_accessible": false,
        "name": "Kaffebrenneriet",
        "notes": "",
        "verified": false
      }
    },
    {
      "type": "Feature",
      "geometry": {
        "coordinates": [
          10.7523512,
          59.9095032
        ],
        "type": "Point"
      },
      "properties": {
        "category": "cafe",
        "description": "",
        "has_changing_area": false,
        "has_child_seats": false,
        "has_nursing_area": false,
        "has_playground": false,
        "id": "BC60A762-0EA5-4B2B-BD9F-726DE1DF4200",
        "is_wheelchair_accessible": false,
        "name": "Backstube",
        "notes": "",
        "verified": false
      }
    },
    {
      "type": "Feature",
      "geometry": {
        "coordinates": [
          5.51916,
          59.801123
        ],
        "type": "Point"
      },
      "properties": {
        "category": "playground",
        "description": "",
        "has_changing_area": false,
        "has_child_seats": false,
        "has_nursing_area": false,
        "has_playground": true,
        "id": "A93BB97B-4478-48E0-82FC-55B54EBBFA67",
        "is_wheelchair_accessible": false,
        "name": "Dalen Lekeplass",
        "notes": "",
        "verified": false
      }
    },
    {
      "type": "Feature",
      "geometry": {
        "coordinates": [
          10.409217,
          59.8274349
        ],
        "type": "Point"
      },
      "properties": {
        "category": "playground",
        "description": "",
        "has_changing_area": false,
        "has_child_seats": false,
        "has_nursing_area": false,
        "has_playground": true,
        "id": "8414BA91-31C3-44ED-8413-B9509D8A2F17",
        "is_wheelchair_accessible": false,
        "name": "Leiker'n",
        "notes": "",
        "verified": false
      }
    },
    {
      "type": "Feature",
      "geometry": {
        "coordinates": [
          10.9259,
          59.961621
        ],
        "type": "Point"
      },
      "properties": {
        "category": "playground",
        "description": "",
        "has_changing_area": false,
        "has_child_seats": false,
        "has_nursing_area": false,
        "has_playground": true,
        "id": "C17DDDDD-4A93-4702-9CBD-15BF390D2ADF",
        "is_wheelchair_accessible": false,
        "name": "Deichman Stovner",
        "notes": "",
        "verified": false
      }
    },
    {
      "type": "Feature",
      "geometry": {
        "coordinates": [
          5.304358,
          60.398659
        ],
        "type": "Point"
      },
      "properties": {
        "category": "playground",
        "description": "",
        "has_changing_area": false,
        "has_child_seats": false,
        "has_nursing_area": false,
        "has_playground": true,
        "id": "BCDB6426-ACB2-445B-9405-46E591CAC3FA",
        "is_wheelchair_accessible": false,
        "name": "Nordnesbakken lekeplass",
        "notes": "",
        "verified": false
      }
    },
    {
      "type": "Feature",
      "geometry": {
        "coordinates": [
          5.3138168,
          60.3936702
        ],
        "type": "Point"
      },
      "properties": {
        "category": "cafe",
        "description": "",
        "has_changing_area": false,
        "has_child_seats": false,
        "has_nursing_area": false,
        "has_playground": false,
        "id": "B6B2D3FB-AA4F-4BB2-9EE3-4CBDC94EBA64",
        "is_wheelchair_accessible": false,
        "name": "Dirty Vegan",
        "notes": "",
        "verified": false
      }
    },
    {
      "type": "Feature",
      "geometry": {
        "coordinates": [
          10.732358,
          59.928014
        ],
        "type": "Point"
      },
      "properties": {
        "category": "shopping",
        "description": "",
        "has_changing_area": false,
        "has_child_seats": false,
        "has_nursing_area": false,
        "has_playground": false,
        "id": "E5C8BB24-4EF1-44B5-B351-AD9F05A2418D",
        "is_wheelchair_accessible": false,
        "name": "Memini",
        "notes": "",
        "verified": false
      }
    },
    {
      "type": "Feature",
      "geometry": {
        "coordinates": [
          10.7686618,
          59.7392171
        ],
        "type": "Point"
      },
      "properties": {
        "category": "playground",
        "description": "",
        "has_changing_area": false,
        "has_child_seats": false,
        "has_nursing_area": false,
        "has_playground": true,
        "id": "7653E1B9-7F3A-482B-BBBF-965317C1AACE",
        "is_wheelchair_accessible": false,
        "name": "Ås bibliotek, Nordby",
        "notes": "",
        "verified": false
      }
    },
    {
      "type": "Feature",
      "geometry": {
        "coordinates": [
          14.3966694,
          67.2785135
        ],
        "type": "Point"
      },
      "properties": {
        "category": "playground",
        "description": "",
        "has_changing_area": false,
        "has_child_seats": false,
        "has_nursing_area": false,
        "has_playground": true,
        "id": "C9BA07D5-0ABC-4C9E-B6CF-D7842B197A64",
        "is_wheelchair_accessible": false,
        "name": "Klatrestativ",
        "notes": "",
        "verified": false
      }
    },
    {
      "type": "Feature",
      "geometry": {
        "coordinates": [
          10.8056796,
          59.8048704
        ],
        "type": "Point"
      },
      "properties": {
        "category": "cafe",
        "description": "",
        "has_changing_area": false,
        "has_child_seats": false,
        "has_nursing_area": false,
        "has_playground": false,
        "id": "EDA8AF55-7B9D-4F64-B3F2-52E5AA477DD1",
        "is_wheelchair_accessible": false,
        "name": "Lunch & catering AS",
        "notes": "",
        "verified": false
      }
    },
    {
      "type": "Feature",
      "geometry": {
        "coordinates": [
          9.971563,
          59.002831
        ],
        "type": "Point"
      },
      "properties": {
        "category": "other",
        "description": "",
        "has_changing_area": true,
        "has_child_seats": false,
        "has_nursing_area": false,
        "has_playground": false,
        "id": "8A8CFECC-CD09-4837-9A70-CDB39C5C12C1",
        "is_wheelchair_accessible": true,
        "name": "Public toilets (with changing table)",
        "notes": "",
        "verified": false
      }
    },
    {
      "type": "Feature",
      "geometry": {
        "coordinates": [
          10.7590166,
          59.9334354
        ],
        "type": "Point"
      },
      "properties": {
        "category": "playground",
        "description": "",
        "has_changing_area": false,
        "has_child_seats": false,
        "has_nursing_area": false,
        "has_playground": true,
        "id": "F5D8D645-4CF0-438E-8F99-90E5EC03EE48",
        "is_wheelchair_accessible": false,
        "name": "Lille Lab",
        "notes": "",
        "verified": false
      }
    },
    {
      "type": "Feature",
      "geometry": {
        "coordinates": [
          10.7227946,
          59.9255891
        ],
        "type": "Point"
      },
      "properties": {
        "category": "shopping",
        "description": "",
        "has_changing_area": false,
        "has_child_seats": false,
        "has_nursing_area": false,
        "has_playground": false,
        "id": "C9DDF79D-2FFF-4FB6-A2CE-49FCD57955F6",
        "is_wheelchair_accessible": true,
        "name": "Polarn O. Pyret",
        "notes": "",
        "verified": false
      }
    },
    {
      "type": "Feature",
      "geometry": {
        "coordinates": [
          5.6964474,
          58.9466295
        ],
        "type": "Point"
      },
      "properties": {
        "category": "playground",
        "description": "",
        "has_changing_area": false,
        "has_child_seats": false,
        "has_nursing_area": false,
        "has_playground": true,
        "id": "45A24459-547D-4EB9-8755-4F1B48066EBB",
        "is_wheelchair_accessible": false,
        "name": "Lekeplass i Springarstien 2",
        "notes": "",
        "verified": false
      }
    },
    {
      "type": "Feature",
      "geometry": {
        "coordinates": [
          5.4291204,
          60.2675085
        ],
        "type": "Point"
      },
      "properties": {
        "category": "playground",
        "description": "",
        "has_changing_area": false,
        "has_child_seats": false,
        "has_nursing_area": false,
        "has_playground": true,
        "id": "6B98F03D-7694-491D-89A7-B75EC87BD2F9",
        "is_wheelchair_accessible": false,
        "name": "Kaland stasjon lekeplass",
        "notes": "",
        "verified": false
      }
    },
    {
      "type": "Feature",
      "geometry": {
        "coordinates": [
          10.268451,
          59.6974779
        ],
        "type": "Point"
      },
      "properties": {
        "category": "playground",
        "description": "",
        "has_changing_area": false,
        "has_child_seats": false,
        "has_nursing_area": false,
        "has_playground": true,
        "id": "5799A2B6-17C2-443D-B3FC-FF2D1781FA11",
        "is_wheelchair_accessible": false,
        "name": "Einar Haflans vei lekeplass",
        "notes": "",
        "verified": false
      }
    },
    {
      "type": "Feature",
      "geometry": {
        "coordinates": [
          6.287621,
          58.3417009
        ],
        "type": "Point"
      },
      "properties": {
        "category": "playground",
        "description": "",
        "has_changing_area": false,
        "has_child_seats": false,
        "has_nursing_area": false,
        "has_playground": true,
        "id": "1FCDDBD9-FA14-4363-9FDA-2B90C888AAB2",
        "is_wheelchair_accessible": false,
        "name": "Hauge lekeplass",
        "notes": "",
        "verified": false
      }
    },
    {
      "type": "Feature",
      "geometry": {
        "coordinates": [
          9.4582148,
          60.4305981
        ],
        "type": "Point"
      },
      "properties": {
        "category": "other",
        "description": "",
        "has_changing_area": true,
        "has_child_seats": false,
        "has_nursing_area": false,
        "has_playground": false,
        "id": "3890A2FC-6496-4BFF-B25D-DC2F15BD6FE5",
        "is_wheelchair_accessible": false,
        "name": "Public toilets (with changing table)",
        "notes": "",
        "verified": false
      }
    },
    {
      "type": "Feature",
      "geometry": {
        "coordinates": [
          10.9507465,
          60.7531667
        ],
        "type": "Point"
      },
      "properties": {
        "category": "playground",
        "description": "",
        "has_changing_area": false,
        "has_child_seats": false,
        "has_nursing_area": false,
        "has_playground": true,
        "id": "D3CC998C-B9FD-4441-A85C-8168255EBC65",
        "is_wheelchair_accessible": false,
        "name": "Midttun",
        "notes": "",
        "verified": false
      }
    },
    {
      "type": "Feature",
      "geometry": {
        "coordinates": [
          10.6289165,
          59.6634678
        ],
        "type": "Point"
      },
      "properties": {
        "category": "playground",
        "description": "",
        "has_changing_area": false,
        "has_child_seats": false,
        "has_nursing_area": false,
        "has_playground": true,
        "id": "3922AE14-470A-4F7C-B489-36C7C56C0E27",
        "is_wheelchair_accessible": false,
        "name": "Frogn bibliotek",
        "notes": "",
        "verified": false
      }
    },
    {
      "type": "Feature",
      "geometry": {
        "coordinates": [
          10.9213393,
          63.4539281
        ],
        "type": "Point"
      },
      "properties": {
        "category": "other",
        "description": "",
        "has_changing_area": true,
        "has_child_seats": false,
        "has_nursing_area": false,
        "has_playground": false,
        "id": "24D3D790-77F8-4CBD-B76C-1D038E502C6B",
        "is_wheelchair_accessible": true,
        "name": "Public toilets (with changing table)",
        "notes": "",
        "verified": false
      }
    },
    {
      "type": "Feature",
      "geometry": {
        "coordinates": [
          18.9509877,
          69.6460797
        ],
        "type": "Point"
      },
      "properties": {
        "category": "cafe",
        "description": "",
        "has_changing_area": false,
        "has_child_seats": false,
        "has_nursing_area": false,
        "has_playground": false,
        "id": "4AE7D202-90CA-4998-87AB-B78F335F31B4",
        "is_wheelchair_accessible": true,
        "name": "Driv",
        "notes": "",
        "verified": false
      }
    },
    {
      "type": "Feature",
      "geometry": {
        "coordinates": [
          10.470988,
          63.39011
        ],
        "type": "Point"
      },
      "properties": {
        "category": "playground",
        "description": "",
        "has_changing_area": false,
        "has_child_seats": false,
        "has_nursing_area": false,
        "has_playground": true,
        "id": "1EED116F-0767-4ED6-8009-FB7FB0F84C95",
        "is_wheelchair_accessible": false,
        "name": "Skoglekeplass",
        "notes": "",
        "verified": false
      }
    },
    {
      "type": "Feature",
      "geometry": {
        "coordinates": [
          10.7529423,
          59.9127177
        ],
        "type": "Point"
      },
      "properties": {
        "category": "cafe",
        "description": "",
        "has_changing_area": false,
        "has_child_seats": false,
        "has_nursing_area": false,
        "has_playground": false,
        "id": "4595EAED-8888-4BFE-A703-DBFE767E02F4",
        "is_wheelchair_accessible": false,
        "name": "Delicia",
        "notes": "",
        "verified": false
      }
    },
    {
      "type": "Feature",
      "geometry": {
        "coordinates": [
          5.752768,
          58.968939
        ],
        "type": "Point"
      },
      "properties": {
        "category": "cafe",
        "description": "",
        "has_changing_area": false,
        "has_child_seats": false,
        "has_nursing_area": false,
        "has_playground": false,
        "id": "18DD2569-1561-421D-BE59-DFD744E1A63D",
        "is_wheelchair_accessible": false,
        "name": "Hverdagsgodt",
        "notes": "",
        "verified": false
      }
    },
    {
      "type": "Feature",
      "geometry": {
        "coordinates": [
          10.9952792,
          59.9599118
        ],
        "type": "Point"
      },
      "properties": {
        "category": "playground",
        "description": "",
        "has_changing_area": false,
        "has_child_seats": false,
        "has_nursing_area": false,
        "has_playground": true,
        "id": "9D1BC80F-F176-4A37-884A-E1C6E22D59C8",
        "is_wheelchair_accessible": false,
        "name": "Lekeplass",
        "notes": "",
        "verified": false
      }
    },
    {
      "type": "Feature",
      "geometry": {
        "coordinates": [
          10.731432,
          59.9135344
        ],
        "type": "Point"
      },
      "properties": {
        "category": "cafe",
        "description": "",
        "has_changing_area": false,
        "has_child_seats": false,
        "has_nursing_area": false,
        "has_playground": false,
        "id": "53950FED-17B1-47AA-98E5-CE5A1945E632",
        "is_wheelchair_accessible": false,
        "name": "Café Sjakk Matt",
        "notes": "",
        "verified": false
      }
    },
    {
      "type": "Feature",
      "geometry": {
        "coordinates": [
          7.9534925,
          58.1252846
        ],
        "type": "Point"
      },
      "properties": {
        "category": "cafe",
        "description": "",
        "has_changing_area": false,
        "has_child_seats": false,
        "has_nursing_area": false,
        "has_playground": false,
        "id": "1D232DF9-23D2-4F8A-A325-2674774860C3",
        "is_wheelchair_accessible": false,
        "name": "Lykke gourmet og kaffebar",
        "notes": "",
        "verified": false
      }
    },
    {
      "type": "Feature",
      "geometry": {
        "coordinates": [
          10.751711,
          59.913642
        ],
        "type": "Point"
      },
      "properties": {
        "category": "shopping",
        "description": "",
        "has_changing_area": false,
        "has_child_seats": false,
        "has_nursing_area": false,
        "has_playground": false,
        "id": "4E0F6942-D8A6-4C18-8D79-BDDFC4BD7C81",
        "is_wheelchair_accessible": false,
        "name": "Festmagasinet Standard",
        "notes": "",
        "verified": false
      }
    },
    {
      "type": "Feature",
      "geometry": {
        "coordinates": [
          5.8678935,
          58.9188037
        ],
        "type": "Point"
      },
      "properties": {
        "category": "playground",
        "description": "",
        "has_changing_area": false,
        "has_child_seats": false,
        "has_nursing_area": false,
        "has_playground": true,
        "id": "C9A92640-D206-4F8E-83FE-C2BB74D1B476",
        "is_wheelchair_accessible": false,
        "name": "Frøilandslekeplassen",
        "notes": "",
        "verified": false
      }
    },
    {
      "type": "Feature",
      "geometry": {
        "coordinates": [
          10.5879164,
          59.9162624
        ],
        "type": "Point"
      },
      "properties": {
        "category": "other",
        "description": "",
        "has_changing_area": true,
        "has_child_seats": false,
        "has_nursing_area": false,
        "has_playground": false,
        "id": "549D6BE9-168B-4BFA-90BD-8FA6A7884595",
        "is_wheelchair_accessible": true,
        "name": "Public toilets (with changing table)",
        "notes": "",
        "verified": false
      }
    },
    {
      "type": "Feature",
      "geometry": {
        "coordinates": [
          18.957672,
          69.651428
        ],
        "type": "Point"
      },
      "properties": {
        "category": "cafe",
        "description": "",
        "has_changing_area": false,
        "has_child_seats": false,
        "has_nursing_area": false,
        "has_playground": false,
        "id": "35CAC93D-2095-4425-877F-BA36CB523D2A",
        "is_wheelchair_accessible": false,
        "name": "Rakettkiosken",
        "notes": "",
        "verified": false
      }
    },
    {
      "type": "Feature",
      "geometry": {
        "coordinates": [
          5.322436,
          60.407238
        ],
        "type": "Point"
      },
      "properties": {
        "category": "playground",
        "description": "",
        "has_changing_area": false,
        "has_child_seats": false,
        "has_nursing_area": false,
        "has_playground": true,
        "id": "6E2D8552-D05B-46AD-9C7B-20E78E3407F6",
        "is_wheelchair_accessible": false,
        "name": "Fjæregrenden lekeplass",
        "notes": "",
        "verified": false
      }
    },
    {
      "type": "Feature",
      "geometry": {
        "coordinates": [
          10.4464102,
          63.4435238
        ],
        "type": "Point"
      },
      "properties": {
        "category": "cafe",
        "description": "",
        "has_changing_area": false,
        "has_child_seats": false,
        "has_nursing_area": false,
        "has_playground": false,
        "id": "87430BCF-90D1-4CEF-BB78-F5AC896843AD",
        "is_wheelchair_accessible": false,
        "name": "Coop Obs! Kafé",
        "notes": "",
        "verified": false
      }
    },
    {
      "type": "Feature",
      "geometry": {
        "coordinates": [
          18.9539854,
          69.6476509
        ],
        "type": "Point"
      },
      "properties": {
        "category": "cafe",
        "description": "",
        "has_changing_area": false,
        "has_child_seats": false,
        "has_nursing_area": false,
        "has_playground": false,
        "id": "31735269-6829-4BEE-9619-8FFC9BBE0910",
        "is_wheelchair_accessible": false,
        "name": "Tøllefsen",
        "notes": "",
        "verified": false
      }
    },
    {
      "type": "Feature",
      "geometry": {
        "coordinates": [
          5.7217645,
          58.8567592
        ],
        "type": "Point"
      },
      "properties": {
        "category": "playground",
        "description": "",
        "has_changing_area": false,
        "has_child_seats": false,
        "has_nursing_area": false,
        "has_playground": true,
        "id": "B13B6120-3FBB-44A8-9637-F32FC3BA1C47",
        "is_wheelchair_accessible": false,
        "name": "Fiolveien Lekeplass",
        "notes": "",
        "verified": false
      }
    },
    {
      "type": "Feature",
      "geometry": {
        "coordinates": [
          5.9326506,
          59.7318673
        ],
        "type": "Point"
      },
      "properties": {
        "category": "playground",
        "description": "",
        "has_changing_area": false,
        "has_child_seats": false,
        "has_nursing_area": false,
        "has_playground": true,
        "id": "44D604B9-B763-4371-8520-220DC652BC1B",
        "is_wheelchair_accessible": false,
        "name": "Etne bibliotek, avd. Skånevik",
        "notes": "",
        "verified": false
      }
    },
    {
      "type": "Feature",
      "geometry": {
        "coordinates": [
          5.7129625,
          58.8600949
        ],
        "type": "Point"
      },
      "properties": {
        "category": "playground",
        "description": "",
        "has_changing_area": false,
        "has_child_seats": false,
        "has_nursing_area": false,
        "has_playground": true,
        "id": "35EDF3A3-0626-4CBF-8740-7CFB63C51349",
        "is_wheelchair_accessible": false,
        "name": "Tysenfrydveien Lekeplass",
        "notes": "",
        "verified": false
      }
    },
    {
      "type": "Feature",
      "geometry": {
        "coordinates": [
          10.4112004,
          59.2695037
        ],
        "type": "Point"
      },
      "properties": {
        "category": "cafe",
        "description": "",
        "has_changing_area": true,
        "has_child_seats": true,
        "has_nursing_area": false,
        "has_playground": false,
        "id": "F607F821-A8E4-40F9-99D4-C44ED2F7AD93",
        "is_wheelchair_accessible": true,
        "name": "Espresso House Farmandstredet",
        "notes": "",
        "verified": false
      }
    },
    {
      "type": "Feature",
      "geometry": {
        "coordinates": [
          10.769673,
          59.908157
        ],
        "type": "Point"
      },
      "properties": {
        "category": "cafe",
        "description": "",
        "has_changing_area": false,
        "has_child_seats": false,
        "has_nursing_area": false,
        "has_playground": false,
        "id": "9CBD84B9-EE63-430F-AA17-1DE1F72A0A1F",
        "is_wheelchair_accessible": false,
        "name": "Arv Kaffe & Retro",
        "notes": "",
        "verified": false
      }
    },
    {
      "type": "Feature",
      "geometry": {
        "coordinates": [
          5.3323558,
          60.4658006
        ],
        "type": "Point"
      },
      "properties": {
        "category": "playground",
        "description": "",
        "has_changing_area": false,
        "has_child_seats": false,
        "has_nursing_area": false,
        "has_playground": true,
        "id": "6AF6E7D3-6C82-4BC8-BAD0-44058B81F0D2",
        "is_wheelchair_accessible": false,
        "name": "Storåsen lekeplass",
        "notes": "",
        "verified": false
      }
    },
    {
      "type": "Feature",
      "geometry": {
        "coordinates": [
          11.0426517,
          59.954745
        ],
        "type": "Point"
      },
      "properties": {
        "category": "cafe",
        "description": "",
        "has_changing_area": false,
        "has_child_seats": false,
        "has_nursing_area": false,
        "has_playground": false,
        "id": "BDB1A8EF-57FA-4DE0-9C5E-50B4F39CA3BA",
        "is_wheelchair_accessible": false,
        "name": "Grønn Pase Kafé",
        "notes": "",
        "verified": false
      }
    },
    {
      "type": "Feature",
      "geometry": {
        "coordinates": [
          10.757167,
          59.9311099
        ],
        "type": "Point"
      },
      "properties": {
        "category": "cafe",
        "description": "",
        "has_changing_area": false,
        "has_child_seats": false,
        "has_nursing_area": false,
        "has_playground": false,
        "id": "21A1C36E-B098-42D9-B519-62C8556C2841",
        "is_wheelchair_accessible": false,
        "name": "Månefisken",
        "notes": "",
        "verified": false
      }
    },
    {
      "type": "Feature",
      "geometry": {
        "coordinates": [
          10.439888,
          63.429031
        ],
        "type": "Point"
      },
      "properties": {
        "category": "cafe",
        "description": "",
        "has_changing_area": false,
        "has_child_seats": false,
        "has_nursing_area": false,
        "has_playground": false,
        "id": "86B1A9D5-599E-4148-AF8C-507FABF587CE",
        "is_wheelchair_accessible": false,
        "name": "Sansen for Smak Cafe",
        "notes": "",
        "verified": false
      }
    },
    {
      "type": "Feature",
      "geometry": {
        "coordinates": [
          14.4690364,
          67.2769531
        ],
        "type": "Point"
      },
      "properties": {
        "category": "playground",
        "description": "",
        "has_changing_area": false,
        "has_child_seats": false,
        "has_nursing_area": false,
        "has_playground": true,
        "id": "1602D9B1-E0EE-4772-B4B8-59A7BA63E3AD",
        "is_wheelchair_accessible": false,
        "name": "Jensvolltunet Lekeplass",
        "notes": "",
        "verified": false
      }
    },
    {
      "type": "Feature",
      "geometry": {
        "coordinates": [
          10.7602842,
          59.9123762
        ],
        "type": "Point"
      },
      "properties": {
        "category": "cafe",
        "description": "",
        "has_changing_area": false,
        "has_child_seats": false,
        "has_nursing_area": false,
        "has_playground": false,
        "id": "ECF9699B-EB89-4BE8-A1D6-58C56E455A03",
        "is_wheelchair_accessible": false,
        "name": "Chaiwala",
        "notes": "",
        "verified": false
      }
    },
    {
      "type": "Feature",
      "geometry": {
        "coordinates": [
          10.8096387,
          63.4219979
        ],
        "type": "Point"
      },
      "properties": {
        "category": "playground",
        "description": "",
        "has_changing_area": false,
        "has_child_seats": false,
        "has_nursing_area": false,
        "has_playground": true,
        "id": "12BBD200-6296-4A6D-84B0-A887AEFEAD23",
        "is_wheelchair_accessible": false,
        "name": "Lekeplass",
        "notes": "",
        "verified": false
      }
    },
    {
      "type": "Feature",
      "geometry": {
        "coordinates": [
          5.6912865,
          58.9843483
        ],
        "type": "Point"
      },
      "properties": {
        "category": "cafe",
        "description": "",
        "has_changing_area": false,
        "has_child_seats": false,
        "has_nursing_area": false,
        "has_playground": false,
        "id": "E719A852-6CEE-4C15-A90F-6CF01729B4EB",
        "is_wheelchair_accessible": false,
        "name": "Bagel Buddy",
        "notes": "",
        "verified": false
      }
    },
    {
      "type": "Feature",
      "geometry": {
        "coordinates": [
          10.648326873779297,
          59.43367348267308
        ],
        "type": "Point"
      },
      "properties": {
        "category": "other",
        "description": "",
        "has_changing_area": true,
        "has_child_seats": true,
        "has_nursing_area": true,
        "has_playground": false,
        "id": "142A4476-2601-407B-9F20-094DFF90CF9C",
        "is_wheelchair_accessible": false,
        "name": "Babylounge Mosseporten ",
        "notes": "",
        "verified": false
      }
    },
    {
      "type": "Feature",
      "geometry": {
        "coordinates": [
          10.7669309,
          59.9110846
        ],
        "type": "Point"
      },
      "properties": {
        "category": "cafe",
        "description": "",
        "has_changing_area": false,
        "has_child_seats": false,
        "has_nursing_area": false,
        "has_playground": false,
        "id": "A24CDD27-30DA-4EF6-AEB8-626A5912F12C",
        "is_wheelchair_accessible": false,
        "name": "Aleppo",
        "notes": "",
        "verified": false
      }
    },
    {
      "type": "Feature",
      "geometry": {
        "coordinates": [
          8.1453064,
          58.1860488
        ],
        "type": "Point"
      },
      "properties": {
        "category": "cafe",
        "description": "",
        "has_changing_area": false,
        "has_child_seats": false,
        "has_nursing_area": false,
        "has_playground": false,
        "id": "7A84CF40-EEA9-41C2-871B-B8ACC82CB68C",
        "is_wheelchair_accessible": false,
        "name": "Hiv o'Hoi",
        "notes": "",
        "verified": false
      }
    },
    {
      "type": "Feature",
      "geometry": {
        "coordinates": [
          10.3950324,
          63.422605
        ],
        "type": "Point"
      },
      "properties": {
        "category": "cafe",
        "description": "",
        "has_changing_area": false,
        "has_child_seats": false,
        "has_nursing_area": false,
        "has_playground": false,
        "id": "736F6EC2-CEB5-46AB-899A-E134FBA49E0D",
        "is_wheelchair_accessible": true,
        "name": "Sesam Studentersamfundet",
        "notes": "",
        "verified": false
      }
    },
    {
      "type": "Feature",
      "geometry": {
        "coordinates": [
          11.4292247,
          59.9424318
        ],
        "type": "Point"
      },
      "properties": {
        "category": "cafe",
        "description": "",
        "has_changing_area": false,
        "has_child_seats": true,
        "has_nursing_area": false,
        "has_playground": false,
        "id": "7E35A920-AE4D-4DA1-BEC1-E1B90CB02AD7",
        "is_wheelchair_accessible": false,
        "name": "Nina's Café",
        "notes": "",
        "verified": false
      }
    },
    {
      "type": "Feature",
      "geometry": {
        "coordinates": [
          7.995179,
          58.145639
        ],
        "type": "Point"
      },
      "properties": {
        "category": "cafe",
        "description": "",
        "has_changing_area": false,
        "has_child_seats": false,
        "has_nursing_area": false,
        "has_playground": false,
        "id": "B38F425F-D54A-4F2B-9127-69AA9A06B3B2",
        "is_wheelchair_accessible": false,
        "name": "Panda Panda",
        "notes": "",
        "verified": false
      }
    },
    {
      "type": "Feature",
      "geometry": {
        "coordinates": [
          10.8167289,
          59.8765997
        ],
        "type": "Point"
      },
      "properties": {
        "category": "playground",
        "description": "",
        "has_changing_area": false,
        "has_child_seats": false,
        "has_nursing_area": false,
        "has_playground": true,
        "id": "D6219534-C17D-48D7-8A73-CB831ADD45BA",
        "is_wheelchair_accessible": false,
        "name": "Nylænde lekeplass",
        "notes": "",
        "verified": false
      }
    },
    {
      "type": "Feature",
      "geometry": {
        "coordinates": [
          10.3935234,
          63.4298647
        ],
        "type": "Point"
      },
      "properties": {
        "category": "cafe",
        "description": "",
        "has_changing_area": false,
        "has_child_seats": false,
        "has_nursing_area": false,
        "has_playground": false,
        "id": "1895FD23-92FE-4414-A93F-AEF6182D48B2",
        "is_wheelchair_accessible": true,
        "name": "Kaféen Torvet",
        "notes": "",
        "verified": false
      }
    },
    {
      "type": "Feature",
      "geometry": {
        "coordinates": [
          5.301587,
          60.385986
        ],
        "type": "Point"
      },
      "properties": {
        "category": "playground",
        "description": "",
        "has_changing_area": false,
        "has_child_seats": false,
        "has_nursing_area": false,
        "has_playground": true,
        "id": "4EBD443B-BB7D-4D3F-B36C-402356272FDD",
        "is_wheelchair_accessible": false,
        "name": "Laksevåg lekeplass",
        "notes": "",
        "verified": false
      }
    },
    {
      "type": "Feature",
      "geometry": {
        "coordinates": [
          6.1930862,
          59.155932
        ],
        "type": "Point"
      },
      "properties": {
        "category": "playground",
        "description": "",
        "has_changing_area": false,
        "has_child_seats": false,
        "has_nursing_area": false,
        "has_playground": true,
        "id": "2830BBC3-143A-4465-80A6-3F237A6AC899",
        "is_wheelchair_accessible": false,
        "name": "Ryfylkebiblioteket Hjelmeland, Årdal filial",
        "notes": "",
        "verified": false
      }
    },
    {
      "type": "Feature",
      "geometry": {
        "coordinates": [
          10.7473989,
          59.9187565
        ],
        "type": "Point"
      },
      "properties": {
        "category": "cafe",
        "description": "",
        "has_changing_area": false,
        "has_child_seats": false,
        "has_nursing_area": false,
        "has_playground": false,
        "id": "97551D82-6493-441E-B509-FB48D59AD13C",
        "is_wheelchair_accessible": false,
        "name": "Smakeriet",
        "notes": "",
        "verified": false
      }
    },
    {
      "type": "Feature",
      "geometry": {
        "coordinates": [
          5.3275339,
          60.3980194
        ],
        "type": "Point"
      },
      "properties": {
        "category": "playground",
        "description": "",
        "has_changing_area": false,
        "has_child_seats": false,
        "has_nursing_area": false,
        "has_playground": true,
        "id": "5A1B9FDF-3C42-4893-AC8C-D5FD2151BCFC",
        "is_wheelchair_accessible": false,
        "name": "Steinkjellerbakken lekeplass",
        "notes": "",
        "verified": false
      }
    },
    {
      "type": "Feature",
      "geometry": {
        "coordinates": [
          5.3094012,
          59.2828189
        ],
        "type": "Point"
      },
      "properties": {
        "category": "playground",
        "description": "",
        "has_changing_area": false,
        "has_child_seats": false,
        "has_nursing_area": false,
        "has_playground": true,
        "id": "82652CA4-9B94-4533-A5A7-E07E348E6F37",
        "is_wheelchair_accessible": false,
        "name": "Karmøy folkebibliotek",
        "notes": "",
        "verified": false
      }
    },
    {
      "type": "Feature",
      "geometry": {
        "coordinates": [
          10.392057,
          63.4292899
        ],
        "type": "Point"
      },
      "properties": {
        "category": "cafe",
        "description": "",
        "has_changing_area": false,
        "has_child_seats": false,
        "has_nursing_area": false,
        "has_playground": false,
        "id": "5896F125-E1A2-4AA0-8A01-A8FB913EAF2C",
        "is_wheelchair_accessible": false,
        "name": "Theatercafeen",
        "notes": "",
        "verified": false
      }
    },
    {
      "type": "Feature",
      "geometry": {
        "coordinates": [
          4.9476222,
          60.4650178
        ],
        "type": "Point"
      },
      "properties": {
        "category": "playground",
        "description": "",
        "has_changing_area": false,
        "has_child_seats": false,
        "has_nursing_area": false,
        "has_playground": true,
        "id": "4254399B-711B-4F6F-8E82-1FB1AB50A430",
        "is_wheelchair_accessible": false,
        "name": "Pardalsmyra",
        "notes": "",
        "verified": false
      }
    },
    {
      "type": "Feature",
      "geometry": {
        "coordinates": [
          10.403182,
          63.428234
        ],
        "type": "Point"
      },
      "properties": {
        "category": "cafe",
        "description": "",
        "has_changing_area": false,
        "has_child_seats": false,
        "has_nursing_area": false,
        "has_playground": false,
        "id": "CD1757C5-E0D3-43BA-8A4F-6F55AA67CADE",
        "is_wheelchair_accessible": false,
        "name": "Dromedar Kaffebar",
        "notes": "",
        "verified": false
      }
    },
    {
      "type": "Feature",
      "geometry": {
        "coordinates": [
          10.855,
          59.921
        ],
        "type": "Point"
      },
      "properties": {
        "category": "other",
        "description": "",
        "has_changing_area": false,
        "has_child_seats": false,
        "has_nursing_area": false,
        "has_playground": false,
        "id": "C5CB7B85-EB47-4C25-853A-7D80387F49BB",
        "is_wheelchair_accessible": true,
        "name": "Babyshop Alna",
        "notes": "",
        "verified": false
      }
    },
    {
      "type": "Feature",
      "geometry": {
        "coordinates": [
          10.7338544,
          59.949702
        ],
        "type": "Point"
      },
      "properties": {
        "category": "cafe",
        "description": "",
        "has_changing_area": false,
        "has_child_seats": false,
        "has_nursing_area": false,
        "has_playground": false,
        "id": "E452759F-B332-47F6-9D34-0CBA6E2BEEE3",
        "is_wheelchair_accessible": false,
        "name": "Baker Hansen",
        "notes": "",
        "verified": false
      }
    },
    {
      "type": "Feature",
      "geometry": {
        "coordinates": [
          5.8745705,
          62.3416038
        ],
        "type": "Point"
      },
      "properties": {
        "category": "playground",
        "description": "",
        "has_changing_area": false,
        "has_child_seats": false,
        "has_nursing_area": false,
        "has_playground": true,
        "id": "7F5BC1C3-6A5A-41BB-B804-3E5D5BE3098B",
        "is_wheelchair_accessible": false,
        "name": "Gnist Støylane",
        "notes": "",
        "verified": false
      }
    },
    {
      "type": "Feature",
      "geometry": {
        "coordinates": [
          10.7590487,
          59.9239633
        ],
        "type": "Point"
      },
      "properties": {
        "category": "cafe",
        "description": "",
        "has_changing_area": false,
        "has_child_seats": true,
        "has_nursing_area": false,
        "has_playground": false,
        "id": "F2C237FE-8313-4409-AC53-D381209F65E4",
        "is_wheelchair_accessible": true,
        "name": "Godt Brød",
        "notes": "",
        "verified": false
      }
    },
    {
      "type": "Feature",
      "geometry": {
        "coordinates": [
          10.7562122,
          59.9276384
        ],
        "type": "Point"
      },
      "properties": {
        "category": "cafe",
        "description": "",
        "has_changing_area": false,
        "has_child_seats": false,
        "has_nursing_area": false,
        "has_playground": false,
        "id": "C9DF1418-A2D8-4DB6-A0E9-D5246D57738E",
        "is_wheelchair_accessible": false,
        "name": "Kanskje kommer kongen",
        "notes": "",
        "verified": false
      }
    },
    {
      "type": "Feature",
      "geometry": {
        "coordinates": [
          10.7761818,
          59.913689
        ],
        "type": "Point"
      },
      "properties": {
        "category": "cafe",
        "description": "",
        "has_changing_area": false,
        "has_child_seats": false,
        "has_nursing_area": false,
        "has_playground": false,
        "id": "F3F84345-0129-45CF-B60E-7AA16DAE3636",
        "is_wheelchair_accessible": false,
        "name": "Hagestuen Café",
        "notes": "",
        "verified": false
      }
    },
    {
      "type": "Feature",
      "geometry": {
        "coordinates": [
          5.3480692,
          60.3653253
        ],
        "type": "Point"
      },
      "properties": {
        "category": "playground",
        "description": "",
        "has_changing_area": false,
        "has_child_seats": false,
        "has_nursing_area": false,
        "has_playground": true,
        "id": "9F9F7246-ED21-4AA7-8E4E-F901CDD15E5A",
        "is_wheelchair_accessible": false,
        "name": "Leaparken barnehage",
        "notes": "",
        "verified": false
      }
    },
    {
      "type": "Feature",
      "geometry": {
        "coordinates": [
          5.327198,
          60.395333
        ],
        "type": "Point"
      },
      "properties": {
        "category": "cafe",
        "description": "",
        "has_changing_area": false,
        "has_child_seats": false,
        "has_nursing_area": false,
        "has_playground": false,
        "id": "DA72773A-6CB5-4ECF-91C9-791CF3894E50",
        "is_wheelchair_accessible": true,
        "name": "3-kroneren",
        "notes": "",
        "verified": false
      }
    },
    {
      "type": "Feature",
      "geometry": {
        "coordinates": [
          10.4183331,
          63.4368726
        ],
        "type": "Point"
      },
      "properties": {
        "category": "playground",
        "description": "",
        "has_changing_area": false,
        "has_child_seats": false,
        "has_nursing_area": false,
        "has_playground": true,
        "id": "EED0D804-C7E1-4F06-A5D6-EB98B796FCF4",
        "is_wheelchair_accessible": false,
        "name": "Strandveiparken lekeplass",
        "notes": "",
        "verified": false
      }
    },
    {
      "type": "Feature",
      "geometry": {
        "coordinates": [
          5.4627929,
          59.7650844
        ],
        "type": "Point"
      },
      "properties": {
        "category": "shopping",
        "description": "",
        "has_changing_area": false,
        "has_child_seats": false,
        "has_nursing_area": false,
        "has_playground": false,
        "id": "3B69C798-C745-4B2B-915B-A587F1FCEE22",
        "is_wheelchair_accessible": true,
        "name": "Lekia",
        "notes": "",
        "verified": false
      }
    },
    {
      "type": "Feature",
      "geometry": {
        "coordinates": [
          5.2906918,
          60.4400636
        ],
        "type": "Point"
      },
      "properties": {
        "category": "playground",
        "description": "",
        "has_changing_area": false,
        "has_child_seats": false,
        "has_nursing_area": false,
        "has_playground": true,
        "id": "1A32EA06-087C-49EC-AE59-2FCDA5A38F63",
        "is_wheelchair_accessible": false,
        "name": "Fagerdalshøgda lekeplass",
        "notes": "",
        "verified": false
      }
    },
    {
      "type": "Feature",
      "geometry": {
        "coordinates": [
          10.9570147,
          63.482039
        ],
        "type": "Point"
      },
      "properties": {
        "category": "playground",
        "description": "",
        "has_changing_area": false,
        "has_child_seats": false,
        "has_nursing_area": false,
        "has_playground": true,
        "id": "E5EE9AB2-293B-4D70-BA78-31A74B8746BB",
        "is_wheelchair_accessible": false,
        "name": "Lekeplass",
        "notes": "",
        "verified": false
      }
    },
    {
      "type": "Feature",
      "geometry": {
        "coordinates": [
          6.0286366,
          62.3693283
        ],
        "type": "Point"
      },
      "properties": {
        "category": "playground",
        "description": "",
        "has_changing_area": false,
        "has_child_seats": false,
        "has_nursing_area": false,
        "has_playground": true,
        "id": "6DF5AC47-75C1-459E-B648-A504E2932A2B",
        "is_wheelchair_accessible": false,
        "name": "Hareid Kommune Lekeplass",
        "notes": "",
        "verified": false
      }
    },
    {
      "type": "Feature",
      "geometry": {
        "coordinates": [
          10.7406167,
          59.9178896
        ],
        "type": "Point"
      },
      "properties": {
        "category": "cafe",
        "description": "",
        "has_changing_area": false,
        "has_child_seats": false,
        "has_nursing_area": false,
        "has_playground": false,
        "id": "525549B9-2CA3-4CC7-AC77-212739868F79",
        "is_wheelchair_accessible": false,
        "name": "Blings",
        "notes": "",
        "verified": false
      }
    },
    {
      "type": "Feature",
      "geometry": {
        "coordinates": [
          8.1596977,
          58.1873037
        ],
        "type": "Point"
      },
      "properties": {
        "category": "cafe",
        "description": "",
        "has_changing_area": true,
        "has_child_seats": true,
        "has_nursing_area": false,
        "has_playground": true,
        "id": "1D0B8CFB-E418-45C1-805F-234BA9307904",
        "is_wheelchair_accessible": true,
        "name": "IKEA Restaurant",
        "notes": "",
        "verified": false
      }
    },
    {
      "type": "Feature",
      "geometry": {
        "coordinates": [
          10.8047233,
          59.84696
        ],
        "type": "Point"
      },
      "properties": {
        "category": "cafe",
        "description": "",
        "has_changing_area": false,
        "has_child_seats": false,
        "has_nursing_area": false,
        "has_playground": false,
        "id": "5B85CCAA-130C-4941-95F2-184DD0C08DF9",
        "is_wheelchair_accessible": false,
        "name": "Namnam Hauketo",
        "notes": "",
        "verified": false
      }
    },
    {
      "type": "Feature",
      "geometry": {
        "coordinates": [
          10.650779,
          59.9267961
        ],
        "type": "Point"
      },
      "properties": {
        "category": "cafe",
        "description": "",
        "has_changing_area": false,
        "has_child_seats": false,
        "has_nursing_area": false,
        "has_playground": false,
        "id": "EBACF7D4-5989-4335-88DD-CF08D0BAFFFB",
        "is_wheelchair_accessible": true,
        "name": "De tre Stuer",
        "notes": "",
        "verified": false
      }
    },
    {
      "type": "Feature",
      "geometry": {
        "coordinates": [
          10.643849,
          59.948265
        ],
        "type": "Point"
      },
      "properties": {
        "category": "cafe",
        "description": "",
        "has_changing_area": false,
        "has_child_seats": false,
        "has_nursing_area": false,
        "has_playground": false,
        "id": "B55DEE34-F96E-452D-B020-4FEE94428FAC",
        "is_wheelchair_accessible": false,
        "name": "Baker Hansen",
        "notes": "",
        "verified": false
      }
    },
    {
      "type": "Feature",
      "geometry": {
        "coordinates": [
          10.4590608,
          63.4417012
        ],
        "type": "Point"
      },
      "properties": {
        "category": "cafe",
        "description": "",
        "has_changing_area": false,
        "has_child_seats": false,
        "has_nursing_area": false,
        "has_playground": false,
        "id": "F3CAD854-3CCD-4573-B21C-FAD8580FC13D",
        "is_wheelchair_accessible": false,
        "name": "Cafe Mocca",
        "notes": "",
        "verified": false
      }
    },
    {
      "type": "Feature",
      "geometry": {
        "coordinates": [
          6.2878467,
          58.341638
        ],
        "type": "Point"
      },
      "properties": {
        "category": "other",
        "description": "",
        "has_changing_area": true,
        "has_child_seats": false,
        "has_nursing_area": false,
        "has_playground": false,
        "id": "2C113DE6-6A57-4C0E-AA30-105D4EF02CA0",
        "is_wheelchair_accessible": true,
        "name": "Facility (with changing table)",
        "notes": "",
        "verified": false
      }
    },
    {
      "type": "Feature",
      "geometry": {
        "coordinates": [
          5.741293,
          58.953714
        ],
        "type": "Point"
      },
      "properties": {
        "category": "cafe",
        "description": "",
        "has_changing_area": false,
        "has_child_seats": false,
        "has_nursing_area": false,
        "has_playground": false,
        "id": "AA5CDC44-90D4-4799-A562-28A1453739FC",
        "is_wheelchair_accessible": false,
        "name": "China Wok",
        "notes": "",
        "verified": false
      }
    },
    {
      "type": "Feature",
      "geometry": {
        "coordinates": [
          5.3325106,
          60.3894814
        ],
        "type": "Point"
      },
      "properties": {
        "category": "cafe",
        "description": "",
        "has_changing_area": false,
        "has_child_seats": false,
        "has_nursing_area": false,
        "has_playground": false,
        "id": "249C9539-F26D-40FF-9816-B4B1A08D8047",
        "is_wheelchair_accessible": true,
        "name": "Baker Brun",
        "notes": "",
        "verified": false
      }
    },
    {
      "type": "Feature",
      "geometry": {
        "coordinates": [
          5.4381023,
          60.4587465
        ],
        "type": "Point"
      },
      "properties": {
        "category": "playground",
        "description": "",
        "has_changing_area": false,
        "has_child_seats": false,
        "has_nursing_area": false,
        "has_playground": true,
        "id": "FA55783C-9510-4D0E-A916-F29D2991EC12",
        "is_wheelchair_accessible": false,
        "name": "Alf Bondes veg lekeplass",
        "notes": "",
        "verified": false
      }
    },
    {
      "type": "Feature",
      "geometry": {
        "coordinates": [
          10.734824,
          59.918673
        ],
        "type": "Point"
      },
      "properties": {
        "category": "cafe",
        "description": "",
        "has_changing_area": false,
        "has_child_seats": false,
        "has_nursing_area": false,
        "has_playground": false,
        "id": "D6703585-7A71-4EC4-9F2C-547B8CC3CF41",
        "is_wheelchair_accessible": false,
        "name": "Tullin's kafé",
        "notes": "",
        "verified": false
      }
    },
    {
      "type": "Feature",
      "geometry": {
        "coordinates": [
          5.5229253,
          59.7963366
        ],
        "type": "Point"
      },
      "properties": {
        "category": "playground",
        "description": "",
        "has_changing_area": false,
        "has_child_seats": false,
        "has_nursing_area": false,
        "has_playground": true,
        "id": "337B6F27-2555-4737-9295-B3D09343B472",
        "is_wheelchair_accessible": false,
        "name": "Zandra Lekeplass",
        "notes": "",
        "verified": false
      }
    },
    {
      "type": "Feature",
      "geometry": {
        "coordinates": [
          5.329568,
          60.402653
        ],
        "type": "Point"
      },
      "properties": {
        "category": "playground",
        "description": "",
        "has_changing_area": false,
        "has_child_seats": false,
        "has_nursing_area": false,
        "has_playground": true,
        "id": "64E6D19A-E4B5-4445-AD7F-21356AD484A1",
        "is_wheelchair_accessible": false,
        "name": "Sophus Pihls gate lekeplass",
        "notes": "",
        "verified": false
      }
    },
    {
      "type": "Feature",
      "geometry": {
        "coordinates": [
          6.3059383,
          58.3458424
        ],
        "type": "Point"
      },
      "properties": {
        "category": "playground",
        "description": "",
        "has_changing_area": false,
        "has_child_seats": false,
        "has_nursing_area": false,
        "has_playground": true,
        "id": "19061784-4299-4CAA-AA3D-5D1F5B335DA0",
        "is_wheelchair_accessible": false,
        "name": "Risbakken Lekeplass",
        "notes": "",
        "verified": false
      }
    },
    {
      "type": "Feature",
      "geometry": {
        "coordinates": [
          5.7131831,
          58.859107
        ],
        "type": "Point"
      },
      "properties": {
        "category": "playground",
        "description": "",
        "has_changing_area": false,
        "has_child_seats": false,
        "has_nursing_area": false,
        "has_playground": true,
        "id": "9736C92C-0FA2-4D9A-A540-2BBE74FAE4A8",
        "is_wheelchair_accessible": false,
        "name": "Gartneriveien Lekeplass",
        "notes": "",
        "verified": false
      }
    },
    {
      "type": "Feature",
      "geometry": {
        "coordinates": [
          8.1388812,
          58.1843586
        ],
        "type": "Point"
      },
      "properties": {
        "category": "cafe",
        "description": "",
        "has_changing_area": false,
        "has_child_seats": false,
        "has_nursing_area": false,
        "has_playground": false,
        "id": "8E07872E-8C1D-4B51-AD7A-4B051F12B186",
        "is_wheelchair_accessible": false,
        "name": "Setra",
        "notes": "",
        "verified": false
      }
    },
    {
      "type": "Feature",
      "geometry": {
        "coordinates": [
          5.7452923,
          58.9422358
        ],
        "type": "Point"
      },
      "properties": {
        "category": "cafe",
        "description": "",
        "has_changing_area": false,
        "has_child_seats": false,
        "has_nursing_area": false,
        "has_playground": false,
        "id": "9062BC83-F9C0-47EA-8BE9-530664769602",
        "is_wheelchair_accessible": false,
        "name": "Romsøes konditori",
        "notes": "",
        "verified": false
      }
    },
    {
      "type": "Feature",
      "geometry": {
        "coordinates": [
          5.7278089,
          58.9464693
        ],
        "type": "Point"
      },
      "properties": {
        "category": "playground",
        "description": "",
        "has_changing_area": false,
        "has_child_seats": false,
        "has_nursing_area": false,
        "has_playground": true,
        "id": "E496BB74-1CF9-4016-BCB1-965D369E6651",
        "is_wheelchair_accessible": false,
        "name": "Auglend barnehage",
        "notes": "",
        "verified": false
      }
    },
    {
      "type": "Feature",
      "geometry": {
        "coordinates": [
          8.139758,
          58.186057
        ],
        "type": "Point"
      },
      "properties": {
        "category": "cafe",
        "description": "",
        "has_changing_area": false,
        "has_child_seats": false,
        "has_nursing_area": false,
        "has_playground": false,
        "id": "C1C71031-21A9-40FB-82D1-97A3AAE9A43C",
        "is_wheelchair_accessible": true,
        "name": "Ekorn-Jensen",
        "notes": "",
        "verified": false
      }
    },
    {
      "type": "Feature",
      "geometry": {
        "coordinates": [
          10.9109656,
          59.9528959
        ],
        "type": "Point"
      },
      "properties": {
        "category": "cafe",
        "description": "",
        "has_changing_area": false,
        "has_child_seats": false,
        "has_nursing_area": false,
        "has_playground": false,
        "id": "9FFDB0CA-5291-45C8-9659-51423F779C8F",
        "is_wheelchair_accessible": false,
        "name": "Jafs",
        "notes": "",
        "verified": false
      }
    },
    {
      "type": "Feature",
      "geometry": {
        "coordinates": [
          5.7332926,
          58.8500111
        ],
        "type": "Point"
      },
      "properties": {
        "category": "cafe",
        "description": "",
        "has_changing_area": false,
        "has_child_seats": false,
        "has_nursing_area": false,
        "has_playground": false,
        "id": "F54BA6C5-A434-4B56-A3BE-C471BF16AAC3",
        "is_wheelchair_accessible": false,
        "name": "Konditoriet",
        "notes": "",
        "verified": false
      }
    },
    {
      "type": "Feature",
      "geometry": {
        "coordinates": [
          10.7174387,
          59.9430608
        ],
        "type": "Point"
      },
      "properties": {
        "category": "cafe",
        "description": "",
        "has_changing_area": false,
        "has_child_seats": false,
        "has_nursing_area": false,
        "has_playground": false,
        "id": "9093B7EB-B2FF-4512-A4AC-631D2100F76E",
        "is_wheelchair_accessible": false,
        "name": "Ole-Johan spiseri",
        "notes": "",
        "verified": false
      }
    },
    {
      "type": "Feature",
      "geometry": {
        "coordinates": [
          5.3138206,
          59.9305538
        ],
        "type": "Point"
      },
      "properties": {
        "category": "playground",
        "description": "",
        "has_changing_area": false,
        "has_child_seats": false,
        "has_nursing_area": false,
        "has_playground": true,
        "id": "58A94FE8-CCC3-4B5B-A0BB-5B24D73DECA2",
        "is_wheelchair_accessible": false,
        "name": "Lekeplass",
        "notes": "",
        "verified": false
      }
    },
    {
      "type": "Feature",
      "geometry": {
        "coordinates": [
          10.8083605,
          59.874591
        ],
        "type": "Point"
      },
      "properties": {
        "category": "playground",
        "description": "",
        "has_changing_area": false,
        "has_child_seats": false,
        "has_nursing_area": false,
        "has_playground": true,
        "id": "84C2DBD0-3AAD-4699-8B67-847C80113776",
        "is_wheelchair_accessible": false,
        "name": "Knausen lekeplass",
        "notes": "",
        "verified": false
      }
    },
    {
      "type": "Feature",
      "geometry": {
        "coordinates": [
          7.070492,
          58.1383118
        ],
        "type": "Point"
      },
      "properties": {
        "category": "shopping",
        "description": "",
        "has_changing_area": false,
        "has_child_seats": false,
        "has_nursing_area": false,
        "has_playground": false,
        "id": "2AFEE374-29F6-49C4-BA80-D7C4616BBA72",
        "is_wheelchair_accessible": false,
        "name": "Lille Ollebolle",
        "notes": "",
        "verified": false
      }
    },
    {
      "type": "Feature",
      "geometry": {
        "coordinates": [
          10.3981224,
          59.7757691
        ],
        "type": "Point"
      },
      "properties": {
        "category": "cafe",
        "description": "",
        "has_changing_area": false,
        "has_child_seats": false,
        "has_nursing_area": false,
        "has_playground": false,
        "id": "FB49E4CF-9FD9-4E41-B613-AEEFB4405D42",
        "is_wheelchair_accessible": false,
        "name": "Blåfjellhytta",
        "notes": "",
        "verified": false
      }
    },
    {
      "type": "Feature",
      "geometry": {
        "coordinates": [
          5.6450922,
          58.8864196
        ],
        "type": "Point"
      },
      "properties": {
        "category": "cafe",
        "description": "",
        "has_changing_area": false,
        "has_child_seats": false,
        "has_nursing_area": false,
        "has_playground": false,
        "id": "B6B2357A-73DB-4020-885E-3900CFA83015",
        "is_wheelchair_accessible": false,
        "name": "Snadderbuå",
        "notes": "",
        "verified": false
      }
    },
    {
      "type": "Feature",
      "geometry": {
        "coordinates": [
          5.325601,
          60.405636
        ],
        "type": "Point"
      },
      "properties": {
        "category": "playground",
        "description": "",
        "has_changing_area": false,
        "has_child_seats": false,
        "has_nursing_area": false,
        "has_playground": true,
        "id": "A79FDFD7-ACF8-4AC6-A7BE-A22BD7798CF1",
        "is_wheelchair_accessible": false,
        "name": "Sandvikskirken lekeplass",
        "notes": "",
        "verified": false
      }
    },
    {
      "type": "Feature",
      "geometry": {
        "coordinates": [
          10.744534,
          59.9130866
        ],
        "type": "Point"
      },
      "properties": {
        "category": "cafe",
        "description": "",
        "has_changing_area": false,
        "has_child_seats": false,
        "has_nursing_area": false,
        "has_playground": false,
        "id": "A9755026-8E9A-4F9B-B4C0-27649D01B64C",
        "is_wheelchair_accessible": false,
        "name": "Northland",
        "notes": "",
        "verified": false
      }
    },
    {
      "type": "Feature",
      "geometry": {
        "coordinates": [
          12.1087776,
          63.3113601
        ],
        "type": "Point"
      },
      "properties": {
        "category": "other",
        "description": "",
        "has_changing_area": true,
        "has_child_seats": false,
        "has_nursing_area": false,
        "has_playground": false,
        "id": "DD008558-99FB-4DB5-B16A-AAC04674A39D",
        "is_wheelchair_accessible": false,
        "name": "Public toilets (with changing table)",
        "notes": "",
        "verified": false
      }
    },
    {
      "type": "Feature",
      "geometry": {
        "coordinates": [
          10.7571777,
          59.9226482
        ],
        "type": "Point"
      },
      "properties": {
        "category": "cafe",
        "description": "",
        "has_changing_area": false,
        "has_child_seats": false,
        "has_nursing_area": false,
        "has_playground": false,
        "id": "4E06D481-FB18-4467-A39B-9C15F292C5AB",
        "is_wheelchair_accessible": true,
        "name": "Babbo Collective",
        "notes": "",
        "verified": false
      }
    },
    {
      "type": "Feature",
      "geometry": {
        "coordinates": [
          10.7616663,
          59.9152812
        ],
        "type": "Point"
      },
      "properties": {
        "category": "cafe",
        "description": "",
        "has_changing_area": false,
        "has_child_seats": false,
        "has_nursing_area": false,
        "has_playground": false,
        "id": "7570BA0F-4037-4B92-A71F-4453B7009E35",
        "is_wheelchair_accessible": false,
        "name": "Kaffebrenneriet",
        "notes": "",
        "verified": false
      }
    },
    {
      "type": "Feature",
      "geometry": {
        "coordinates": [
          9.0887257,
          59.3002287
        ],
        "type": "Point"
      },
      "properties": {
        "category": "other",
        "description": "",
        "has_changing_area": true,
        "has_child_seats": false,
        "has_nursing_area": false,
        "has_playground": false,
        "id": "C14554BF-C2FB-4863-92DF-66800233CF81",
        "is_wheelchair_accessible": true,
        "name": "Public toilets (with changing table)",
        "notes": "",
        "verified": false
      }
    },
    {
      "type": "Feature",
      "geometry": {
        "coordinates": [
          5.6978737,
          58.9648062
        ],
        "type": "Point"
      },
      "properties": {
        "category": "playground",
        "description": "",
        "has_changing_area": false,
        "has_child_seats": false,
        "has_nursing_area": false,
        "has_playground": true,
        "id": "1379A376-20CF-49A4-98ED-9134023F5F40",
        "is_wheelchair_accessible": false,
        "name": "Kaprifolstubben lekeplass",
        "notes": "",
        "verified": false
      }
    },
    {
      "type": "Feature",
      "geometry": {
        "coordinates": [
          10.7698558,
          59.939148
        ],
        "type": "Point"
      },
      "properties": {
        "category": "cafe",
        "description": "",
        "has_changing_area": false,
        "has_child_seats": false,
        "has_nursing_area": false,
        "has_playground": false,
        "id": "05410371-2FDC-4B98-8AE1-43C27FE54245",
        "is_wheelchair_accessible": false,
        "name": "Kafé Nær",
        "notes": "",
        "verified": false
      }
    },
    {
      "type": "Feature",
      "geometry": {
        "coordinates": [
          14.483291,
          67.2775106
        ],
        "type": "Point"
      },
      "properties": {
        "category": "playground",
        "description": "",
        "has_changing_area": false,
        "has_child_seats": false,
        "has_nursing_area": false,
        "has_playground": true,
        "id": "51702E22-6289-46A1-941E-C77CD95E5095",
        "is_wheelchair_accessible": false,
        "name": "Alstadtoppen lekeplass",
        "notes": "",
        "verified": false
      }
    },
    {
      "type": "Feature",
      "geometry": {
        "coordinates": [
          10.43363,
          61.2281817
        ],
        "type": "Point"
      },
      "properties": {
        "category": "other",
        "description": "",
        "has_changing_area": true,
        "has_child_seats": false,
        "has_nursing_area": false,
        "has_playground": false,
        "id": "E1BD10FE-6FBB-4CB6-9256-B493566A3CFC",
        "is_wheelchair_accessible": false,
        "name": "Public toilets (with changing table)",
        "notes": "",
        "verified": false
      }
    },
    {
      "type": "Feature",
      "geometry": {
        "coordinates": [
          10.811156,
          59.9445361
        ],
        "type": "Point"
      },
      "properties": {
        "category": "cafe",
        "description": "",
        "has_changing_area": false,
        "has_child_seats": false,
        "has_nursing_area": false,
        "has_playground": false,
        "id": "3C29C710-B7D2-4F06-8FFC-2D8FA65E5FF1",
        "is_wheelchair_accessible": false,
        "name": "En glad gutt",
        "notes": "",
        "verified": false
      }
    },
    {
      "type": "Feature",
      "geometry": {
        "coordinates": [
          6.0935605,
          58.6384413
        ],
        "type": "Point"
      },
      "properties": {
        "category": "playground",
        "description": "",
        "has_changing_area": false,
        "has_child_seats": false,
        "has_nursing_area": false,
        "has_playground": true,
        "id": "67A0CF3C-2206-4D12-A25A-ED090BDAE7D9",
        "is_wheelchair_accessible": false,
        "name": "Bjerkreim folkebibliotek",
        "notes": "",
        "verified": false
      }
    },
    {
      "type": "Feature",
      "geometry": {
        "coordinates": [
          11.064286,
          59.9240559
        ],
        "type": "Point"
      },
      "properties": {
        "category": "cafe",
        "description": "",
        "has_changing_area": false,
        "has_child_seats": false,
        "has_nursing_area": false,
        "has_playground": false,
        "id": "64293AD3-318F-4A2D-930D-AA55D3F60535",
        "is_wheelchair_accessible": false,
        "name": "Ravinen Cafe & Bistro",
        "notes": "",
        "verified": false
      }
    },
    {
      "type": "Feature",
      "geometry": {
        "coordinates": [
          10.7163562,
          59.9307549
        ],
        "type": "Point"
      },
      "properties": {
        "category": "playground",
        "description": "",
        "has_changing_area": false,
        "has_child_seats": false,
        "has_nursing_area": false,
        "has_playground": true,
        "id": "6D6D37D0-F5DF-4E9D-AB5F-702E070A28EC",
        "is_wheelchair_accessible": true,
        "name": "Deichman Majorstuen",
        "notes": "",
        "verified": false
      }
    },
    {
      "type": "Feature",
      "geometry": {
        "coordinates": [
          10.9032892,
          59.7666575
        ],
        "type": "Point"
      },
      "properties": {
        "category": "cafe",
        "description": "",
        "has_changing_area": false,
        "has_child_seats": false,
        "has_nursing_area": false,
        "has_playground": false,
        "id": "F39C8F83-B762-41FD-B9AC-AC52580A3153",
        "is_wheelchair_accessible": false,
        "name": "Sterkerud",
        "notes": "",
        "verified": false
      }
    },
    {
      "type": "Feature",
      "geometry": {
        "coordinates": [
          10.7740193,
          59.8920674
        ],
        "type": "Point"
      },
      "properties": {
        "category": "cafe",
        "description": "",
        "has_changing_area": false,
        "has_child_seats": false,
        "has_nursing_area": false,
        "has_playground": false,
        "id": "07FDCE71-A2F2-4498-8BA6-C8C236E2F2F9",
        "is_wheelchair_accessible": false,
        "name": "Spis Sunt",
        "notes": "",
        "verified": false
      }
    },
    {
      "type": "Feature",
      "geometry": {
        "coordinates": [
          10.8017732,
          59.9050692
        ],
        "type": "Point"
      },
      "properties": {
        "category": "cafe",
        "description": "",
        "has_changing_area": false,
        "has_child_seats": false,
        "has_nursing_area": false,
        "has_playground": false,
        "id": "2B49C245-B306-41B5-B798-78CC9DB9D525",
        "is_wheelchair_accessible": false,
        "name": "Kruttverket",
        "notes": "",
        "verified": false
      }
    },
    {
      "type": "Feature",
      "geometry": {
        "coordinates": [
          18.9691053,
          69.6817938
        ],
        "type": "Point"
      },
      "properties": {
        "category": "cafe",
        "description": "",
        "has_changing_area": false,
        "has_child_seats": false,
        "has_nursing_area": false,
        "has_playground": false,
        "id": "75BA7A11-C0F5-43D3-B2E7-D98670C266DE",
        "is_wheelchair_accessible": false,
        "name": "Sjampanjekafeen",
        "notes": "",
        "verified": false
      }
    },
    {
      "type": "Feature",
      "geometry": {
        "coordinates": [
          10.7171015,
          59.8713816
        ],
        "type": "Point"
      },
      "properties": {
        "category": "other",
        "description": "",
        "has_changing_area": true,
        "has_child_seats": false,
        "has_nursing_area": false,
        "has_playground": false,
        "id": "F2DABF1F-0E52-457A-8A92-77499D463E43",
        "is_wheelchair_accessible": true,
        "name": "Public toilets (with changing table)",
        "notes": "",
        "verified": false
      }
    },
    {
      "type": "Feature",
      "geometry": {
        "coordinates": [
          7.3581388,
          59.3569109
        ],
        "type": "Point"
      },
      "properties": {
        "category": "playground",
        "description": "",
        "has_changing_area": false,
        "has_child_seats": false,
        "has_nursing_area": false,
        "has_playground": true,
        "id": "52AC9C5E-0499-482D-AE8D-11330DE92B80",
        "is_wheelchair_accessible": false,
        "name": "Bykle folkebibliotek",
        "notes": "",
        "verified": false
      }
    },
    {
      "type": "Feature",
      "geometry": {
        "coordinates": [
          5.3100154,
          60.3993342
        ],
        "type": "Point"
      },
      "properties": {
        "category": "playground",
        "description": "",
        "has_changing_area": false,
        "has_child_seats": false,
        "has_nursing_area": false,
        "has_playground": true,
        "id": "8612EEC1-975D-4F2F-9EF4-06A90B457F61",
        "is_wheelchair_accessible": false,
        "name": "Aktiv Tollbodkai",
        "notes": "",
        "verified": false
      }
    },
    {
      "type": "Feature",
      "geometry": {
        "coordinates": [
          5.2896194,
          60.3568757
        ],
        "type": "Point"
      },
      "properties": {
        "category": "playground",
        "description": "",
        "has_changing_area": false,
        "has_child_seats": false,
        "has_nursing_area": false,
        "has_playground": true,
        "id": "BDE353F5-5C0C-4DAF-A2C6-9EB7CDC32F8A",
        "is_wheelchair_accessible": false,
        "name": "Seljebakken Terrasse lekeplass",
        "notes": "",
        "verified": false
      }
    },
    {
      "type": "Feature",
      "geometry": {
        "coordinates": [
          10.7292321,
          59.9111876
        ],
        "type": "Point"
      },
      "properties": {
        "category": "cafe",
        "description": "",
        "has_changing_area": false,
        "has_child_seats": false,
        "has_nursing_area": false,
        "has_playground": false,
        "id": "3564A620-1862-457A-8184-53A23CC651BB",
        "is_wheelchair_accessible": false,
        "name": "Nasjonalmuseet kafé",
        "notes": "",
        "verified": false
      }
    },
    {
      "type": "Feature",
      "geometry": {
        "coordinates": [
          10.8816484,
          63.4906209
        ],
        "type": "Point"
      },
      "properties": {
        "category": "other",
        "description": "",
        "has_changing_area": true,
        "has_child_seats": false,
        "has_nursing_area": false,
        "has_playground": false,
        "id": "C6EDAC0A-916C-476D-A316-D13BC6DDC741",
        "is_wheelchair_accessible": true,
        "name": "Public toilets (with changing table)",
        "notes": "",
        "verified": false
      }
    },
    {
      "type": "Feature",
      "geometry": {
        "coordinates": [
          10.6318827,
          59.9904491
        ],
        "type": "Point"
      },
      "properties": {
        "category": "cafe",
        "description": "",
        "has_changing_area": false,
        "has_child_seats": false,
        "has_nursing_area": false,
        "has_playground": false,
        "id": "5A933B29-08B3-4654-8DD7-1F6FFD18CDEC",
        "is_wheelchair_accessible": false,
        "name": "Wyllerstua",
        "notes": "",
        "verified": false
      }
    },
    {
      "type": "Feature",
      "geometry": {
        "coordinates": [
          10.7513881,
          59.9282531
        ],
        "type": "Point"
      },
      "properties": {
        "category": "cafe",
        "description": "",
        "has_changing_area": false,
        "has_child_seats": false,
        "has_nursing_area": false,
        "has_playground": false,
        "id": "DB8EAF09-34E0-4205-8030-099FD36E122D",
        "is_wheelchair_accessible": false,
        "name": "J&Co",
        "notes": "",
        "verified": false
      }
    },
    {
      "type": "Feature",
      "geometry": {
        "coordinates": [
          10.4044192,
          63.4154175
        ],
        "type": "Point"
      },
      "properties": {
        "category": "cafe",
        "description": "",
        "has_changing_area": false,
        "has_child_seats": false,
        "has_nursing_area": false,
        "has_playground": false,
        "id": "849BE9E5-69A4-41A8-8880-A8AD737DD3F1",
        "is_wheelchair_accessible": true,
        "name": "SiT Kafe Realfag",
        "notes": "",
        "verified": false
      }
    },
    {
      "type": "Feature",
      "geometry": {
        "coordinates": [
          5.6237871,
          58.998262
        ],
        "type": "Point"
      },
      "properties": {
        "category": "playground",
        "description": "",
        "has_changing_area": false,
        "has_child_seats": false,
        "has_nursing_area": false,
        "has_playground": true,
        "id": "506297A6-93B6-450B-97A5-58553DA75DE8",
        "is_wheelchair_accessible": false,
        "name": "Rygghagen",
        "notes": "",
        "verified": false
      }
    },
    {
      "type": "Feature",
      "geometry": {
        "coordinates": [
          5.3253609,
          60.3929661
        ],
        "type": "Point"
      },
      "properties": {
        "category": "cafe",
        "description": "",
        "has_changing_area": false,
        "has_child_seats": false,
        "has_nursing_area": false,
        "has_playground": false,
        "id": "17948243-8514-40FE-86EF-2A51A8FAB3FF",
        "is_wheelchair_accessible": true,
        "name": "BIT",
        "notes": "",
        "verified": false
      }
    },
    {
      "type": "Feature",
      "geometry": {
        "coordinates": [
          10.7590029,
          59.9258992
        ],
        "type": "Point"
      },
      "properties": {
        "category": "cafe",
        "description": "",
        "has_changing_area": false,
        "has_child_seats": false,
        "has_nursing_area": false,
        "has_playground": false,
        "id": "0ED6DD00-1676-4D0A-B3A7-28C93BED9554",
        "is_wheelchair_accessible": false,
        "name": "Birken Lunch",
        "notes": "",
        "verified": false
      }
    },
    {
      "type": "Feature",
      "geometry": {
        "coordinates": [
          10.9321438,
          60.8925733
        ],
        "type": "Point"
      },
      "properties": {
        "category": "playground",
        "description": "",
        "has_changing_area": false,
        "has_child_seats": false,
        "has_nursing_area": false,
        "has_playground": true,
        "id": "24F5A022-8FB8-4B4A-BB91-1044BB0044CC",
        "is_wheelchair_accessible": false,
        "name": "Lekeområde på kulturskolen",
        "notes": "",
        "verified": false
      }
    },
    {
      "type": "Feature",
      "geometry": {
        "coordinates": [
          10.7377123,
          59.9173866
        ],
        "type": "Point"
      },
      "properties": {
        "category": "playground",
        "description": "",
        "has_changing_area": false,
        "has_child_seats": false,
        "has_nursing_area": false,
        "has_playground": true,
        "id": "4B070436-9E33-4A17-BF78-CB0CD6C2653A",
        "is_wheelchair_accessible": false,
        "name": "Oslo Mikrolekeri",
        "notes": "",
        "verified": false
      }
    },
    {
      "type": "Feature",
      "geometry": {
        "coordinates": [
          10.2939845,
          63.4018117
        ],
        "type": "Point"
      },
      "properties": {
        "category": "cafe",
        "description": "",
        "has_changing_area": false,
        "has_child_seats": false,
        "has_nursing_area": false,
        "has_playground": false,
        "id": "1D8C5102-53CA-4965-92C9-5CE44F8D1097",
        "is_wheelchair_accessible": false,
        "name": "Døvehytta «Granly»",
        "notes": "",
        "verified": false
      }
    },
    {
      "type": "Feature",
      "geometry": {
        "coordinates": [
          10.9473924,
          60.8750288
        ],
        "type": "Point"
      },
      "properties": {
        "category": "playground",
        "description": "",
        "has_changing_area": false,
        "has_child_seats": false,
        "has_nursing_area": false,
        "has_playground": true,
        "id": "4DAE37E4-66C2-48C7-9D9B-C9BA2B58F0D7",
        "is_wheelchair_accessible": false,
        "name": "Parkvegen Lekeplass",
        "notes": "",
        "verified": false
      }
    },
    {
      "type": "Feature",
      "geometry": {
        "coordinates": [
          5.3269645,
          60.3988095
        ],
        "type": "Point"
      },
      "properties": {
        "category": "playground",
        "description": "",
        "has_changing_area": false,
        "has_child_seats": false,
        "has_nursing_area": false,
        "has_playground": true,
        "id": "35AC640F-4B70-42D1-ADC1-E930375C8B8F",
        "is_wheelchair_accessible": false,
        "name": "Steinkjellergaten lekeplass",
        "notes": "",
        "verified": false
      }
    },
    {
      "type": "Feature",
      "geometry": {
        "coordinates": [
          10.7631503,
          59.9285173
        ],
        "type": "Point"
      },
      "properties": {
        "category": "cafe",
        "description": "",
        "has_changing_area": false,
        "has_child_seats": false,
        "has_nursing_area": false,
        "has_playground": false,
        "id": "60835E4A-F600-487E-B920-43625ABE6FD7",
        "is_wheelchair_accessible": false,
        "name": "Mac + Cheese Bar",
        "notes": "",
        "verified": false
      }
    },
    {
      "type": "Feature",
      "geometry": {
        "coordinates": [
          5.3357377,
          60.3708603
        ],
        "type": "Point"
      },
      "properties": {
        "category": "playground",
        "description": "",
        "has_changing_area": false,
        "has_child_seats": false,
        "has_nursing_area": false,
        "has_playground": true,
        "id": "7B258A79-E743-4EDA-873B-CF9015046217",
        "is_wheelchair_accessible": true,
        "name": "Hordagaten lekeplass",
        "notes": "",
        "verified": false
      }
    },
    {
      "type": "Feature",
      "geometry": {
        "coordinates": [
          10.7384472,
          59.9140647
        ],
        "type": "Point"
      },
      "properties": {
        "category": "cafe",
        "description": "",
        "has_changing_area": false,
        "has_child_seats": false,
        "has_nursing_area": false,
        "has_playground": false,
        "id": "722260E2-0AF6-44AE-B85A-5AA0DE0081F2",
        "is_wheelchair_accessible": false,
        "name": "NIO House",
        "notes": "",
        "verified": false
      }
    },
    {
      "type": "Feature",
      "geometry": {
        "coordinates": [
          11.0396462,
          60.0011068
        ],
        "type": "Point"
      },
      "properties": {
        "category": "playground",
        "description": "",
        "has_changing_area": false,
        "has_child_seats": false,
        "has_nursing_area": false,
        "has_playground": true,
        "id": "FCC898BC-CC71-4B6C-9F75-4C212DFFC68D",
        "is_wheelchair_accessible": false,
        "name": "Skedsmo bibliotek, Skedsmokorset bibliotekfilial",
        "notes": "",
        "verified": false
      }
    },
    {
      "type": "Feature",
      "geometry": {
        "coordinates": [
          7.7902043,
          58.8071881
        ],
        "type": "Point"
      },
      "properties": {
        "category": "other",
        "description": "",
        "has_changing_area": true,
        "has_child_seats": false,
        "has_nursing_area": false,
        "has_playground": false,
        "id": "B22C2879-E9C7-4644-9AD8-47DC102176C3",
        "is_wheelchair_accessible": false,
        "name": "Public toilets (with changing table)",
        "notes": "",
        "verified": false
      }
    },
    {
      "type": "Feature",
      "geometry": {
        "coordinates": [
          7.9905224,
          58.1470347
        ],
        "type": "Point"
      },
      "properties": {
        "category": "cafe",
        "description": "",
        "has_changing_area": false,
        "has_child_seats": false,
        "has_nursing_area": false,
        "has_playground": false,
        "id": "01767295-3942-4BE8-BA87-AA04534D7FF8",
        "is_wheelchair_accessible": false,
        "name": "Dampbageriet Markensgate",
        "notes": "",
        "verified": false
      }
    },
    {
      "type": "Feature",
      "geometry": {
        "coordinates": [
          11.0636923,
          59.9239914
        ],
        "type": "Point"
      },
      "properties": {
        "category": "playground",
        "description": "",
        "has_changing_area": false,
        "has_child_seats": false,
        "has_nursing_area": false,
        "has_playground": true,
        "id": "DBF4F958-6903-4D07-9494-2FF5BA340E36",
        "is_wheelchair_accessible": false,
        "name": "Rælingen bibliotek",
        "notes": "",
        "verified": false
      }
    },
    {
      "type": "Feature",
      "geometry": {
        "coordinates": [
          10.305429,
          63.3249958
        ],
        "type": "Point"
      },
      "properties": {
        "category": "other",
        "description": "",
        "has_changing_area": true,
        "has_child_seats": false,
        "has_nursing_area": false,
        "has_playground": false,
        "id": "14855EB8-6173-4709-AC45-6FAC4B5D8C00",
        "is_wheelchair_accessible": false,
        "name": "Circle K E6 Klett",
        "notes": "",
        "verified": false
      }
    },
    {
      "type": "Feature",
      "geometry": {
        "coordinates": [
          7.1787205,
          62.7393103
        ],
        "type": "Point"
      },
      "properties": {
        "category": "cafe",
        "description": "",
        "has_changing_area": true,
        "has_child_seats": true,
        "has_nursing_area": false,
        "has_playground": false,
        "id": "7870D305-04FA-484B-8F75-CFC764EC7091",
        "is_wheelchair_accessible": true,
        "name": "Jordbærpikene",
        "notes": "",
        "verified": false
      }
    },
    {
      "type": "Feature",
      "geometry": {
        "coordinates": [
          5.8727766,
          58.919065
        ],
        "type": "Point"
      },
      "properties": {
        "category": "playground",
        "description": "",
        "has_changing_area": false,
        "has_child_seats": false,
        "has_nursing_area": false,
        "has_playground": true,
        "id": "7E791875-5A6B-42B0-9BA9-C55775EAE0A3",
        "is_wheelchair_accessible": false,
        "name": "Klatrestativet",
        "notes": "",
        "verified": false
      }
    },
    {
      "type": "Feature",
      "geometry": {
        "coordinates": [
          11.5596498,
          60.8771872
        ],
        "type": "Point"
      },
      "properties": {
        "category": "playground",
        "description": "",
        "has_changing_area": false,
        "has_child_seats": false,
        "has_nursing_area": false,
        "has_playground": true,
        "id": "2AD96DA2-2D43-43F8-B6C4-EA10C6762E3C",
        "is_wheelchair_accessible": false,
        "name": "Pernille",
        "notes": "",
        "verified": false
      }
    },
    {
      "type": "Feature",
      "geometry": {
        "coordinates": [
          7.9183981,
          58.4572943
        ],
        "type": "Point"
      },
      "properties": {
        "category": "playground",
        "description": "",
        "has_changing_area": false,
        "has_child_seats": false,
        "has_nursing_area": false,
        "has_playground": true,
        "id": "927A8CD3-0020-45A4-9FDC-791EC7CE4613",
        "is_wheelchair_accessible": false,
        "name": "Iveland folkebibliotek",
        "notes": "",
        "verified": false
      }
    },
    {
      "type": "Feature",
      "geometry": {
        "coordinates": [
          10.7768432,
          59.9289526
        ],
        "type": "Point"
      },
      "properties": {
        "category": "cafe",
        "description": "",
        "has_changing_area": false,
        "has_child_seats": false,
        "has_nursing_area": false,
        "has_playground": false,
        "id": "34AB6359-79C1-4183-B5D2-E676575A0EA9",
        "is_wheelchair_accessible": false,
        "name": "Ming Wok",
        "notes": "",
        "verified": false
      }
    },
    {
      "type": "Feature",
      "geometry": {
        "coordinates": [
          10.5969304,
          59.9273764
        ],
        "type": "Point"
      },
      "properties": {
        "category": "cafe",
        "description": "",
        "has_changing_area": false,
        "has_child_seats": false,
        "has_nursing_area": false,
        "has_playground": false,
        "id": "E91FA8D9-492F-475C-B5B1-A6A16196FA39",
        "is_wheelchair_accessible": false,
        "name": "Texbab Nadderud",
        "notes": "",
        "verified": false
      }
    },
    {
      "type": "Feature",
      "geometry": {
        "coordinates": [
          5.7056131,
          58.9463765
        ],
        "type": "Point"
      },
      "properties": {
        "category": "playground",
        "description": "",
        "has_changing_area": false,
        "has_child_seats": false,
        "has_nursing_area": false,
        "has_playground": true,
        "id": "F4BC3FB3-7C6D-49D6-9531-971644A25C29",
        "is_wheelchair_accessible": false,
        "name": "Plutokroken",
        "notes": "",
        "verified": false
      }
    },
    {
      "type": "Feature",
      "geometry": {
        "coordinates": [
          10.7528331,
          59.9084681
        ],
        "type": "Point"
      },
      "properties": {
        "category": "cafe",
        "description": "",
        "has_changing_area": false,
        "has_child_seats": false,
        "has_nursing_area": false,
        "has_playground": false,
        "id": "6D7D33F2-B6C7-4492-8A2A-74E3BF66B7E2",
        "is_wheelchair_accessible": false,
        "name": "Kaffoteket",
        "notes": "",
        "verified": false
      }
    },
    {
      "type": "Feature",
      "geometry": {
        "coordinates": [
          10.7244809,
          59.870986
        ],
        "type": "Point"
      },
      "properties": {
        "category": "other",
        "description": "",
        "has_changing_area": true,
        "has_child_seats": false,
        "has_nursing_area": false,
        "has_playground": false,
        "id": "6DE2C64D-9408-44B6-BDF9-4DEAA73EA659",
        "is_wheelchair_accessible": true,
        "name": "Public toilets (with changing table)",
        "notes": "",
        "verified": false
      }
    },
    {
      "type": "Feature",
      "geometry": {
        "coordinates": [
          10.721044,
          59.9073661
        ],
        "type": "Point"
      },
      "properties": {
        "category": "cafe",
        "description": "",
        "has_changing_area": false,
        "has_child_seats": false,
        "has_nursing_area": false,
        "has_playground": false,
        "id": "B690A6B8-7F3D-466E-8ABF-5647374591CF",
        "is_wheelchair_accessible": false,
        "name": "Åpent Bakeri",
        "notes": "",
        "verified": false
      }
    },
    {
      "type": "Feature",
      "geometry": {
        "coordinates": [
          10.4410324,
          63.4240624
        ],
        "type": "Point"
      },
      "properties": {
        "category": "cafe",
        "description": "",
        "has_changing_area": false,
        "has_child_seats": false,
        "has_nursing_area": false,
        "has_playground": false,
        "id": "11AFD286-A9F1-44FB-BE93-323348FC9065",
        "is_wheelchair_accessible": false,
        "name": "Fyr",
        "notes": "",
        "verified": false
      }
    },
    {
      "type": "Feature",
      "geometry": {
        "coordinates": [
          5.8457814,
          58.7698629
        ],
        "type": "Point"
      },
      "properties": {
        "category": "shopping",
        "description": "",
        "has_changing_area": false,
        "has_child_seats": false,
        "has_nursing_area": false,
        "has_playground": false,
        "id": "6AFC541F-F27F-4E96-9A1A-B423951F0620",
        "is_wheelchair_accessible": true,
        "name": "Ringo",
        "notes": "",
        "verified": false
      }
    },
    {
      "type": "Feature",
      "geometry": {
        "coordinates": [
          5.7382307,
          58.8716872
        ],
        "type": "Point"
      },
      "properties": {
        "category": "cafe",
        "description": "",
        "has_changing_area": false,
        "has_child_seats": false,
        "has_nursing_area": false,
        "has_playground": false,
        "id": "6C5A05F0-238C-421B-A0BA-801A843A51C4",
        "is_wheelchair_accessible": false,
        "name": "Matglede bistro",
        "notes": "",
        "verified": false
      }
    },
    {
      "type": "Feature",
      "geometry": {
        "coordinates": [
          17.9877154,
          69.2302232
        ],
        "type": "Point"
      },
      "properties": {
        "category": "playground",
        "description": "",
        "has_changing_area": false,
        "has_child_seats": false,
        "has_nursing_area": false,
        "has_playground": true,
        "id": "0FE8619D-511D-4BBD-B274-0522951F6EAE",
        "is_wheelchair_accessible": false,
        "name": "Lekeparken",
        "notes": "",
        "verified": false
      }
    },
    {
      "type": "Feature",
      "geometry": {
        "coordinates": [
          5.7213842,
          58.9398393
        ],
        "type": "Point"
      },
      "properties": {
        "category": "cafe",
        "description": "",
        "has_changing_area": false,
        "has_child_seats": false,
        "has_nursing_area": false,
        "has_playground": false,
        "id": "0DE0A125-4211-475D-ADFE-8F117FE4500E",
        "is_wheelchair_accessible": false,
        "name": "Deja Vu",
        "notes": "",
        "verified": false
      }
    },
    {
      "type": "Feature",
      "geometry": {
        "coordinates": [
          5.4023837,
          59.0620665
        ],
        "type": "Point"
      },
      "properties": {
        "category": "playground",
        "description": "",
        "has_changing_area": false,
        "has_child_seats": false,
        "has_nursing_area": false,
        "has_playground": true,
        "id": "8CA0C478-EB81-4CF4-BB75-B19188DA1AA4",
        "is_wheelchair_accessible": false,
        "name": "Kvitsøy folkebibliotek",
        "notes": "",
        "verified": false
      }
    },
    {
      "type": "Feature",
      "geometry": {
        "coordinates": [
          7.1974674,
          58.4872168
        ],
        "type": "Point"
      },
      "properties": {
        "category": "playground",
        "description": "",
        "has_changing_area": false,
        "has_child_seats": false,
        "has_nursing_area": false,
        "has_playground": true,
        "id": "183246CD-A6AE-4BF5-80C0-0D9F01106E5F",
        "is_wheelchair_accessible": false,
        "name": "Hægebostad og Eiken folkebibliotek",
        "notes": "",
        "verified": false
      }
    },
    {
      "type": "Feature",
      "geometry": {
        "coordinates": [
          5.7213185,
          58.8635888
        ],
        "type": "Point"
      },
      "properties": {
        "category": "playground",
        "description": "",
        "has_changing_area": false,
        "has_child_seats": false,
        "has_nursing_area": false,
        "has_playground": true,
        "id": "6978A1F2-9C62-47D4-A076-487CA6B73382",
        "is_wheelchair_accessible": false,
        "name": "Kjærholen Lekeplass",
        "notes": "",
        "verified": false
      }
    },
    {
      "type": "Feature",
      "geometry": {
        "coordinates": [
          5.325583,
          60.3939945
        ],
        "type": "Point"
      },
      "properties": {
        "category": "cafe",
        "description": "",
        "has_changing_area": false,
        "has_child_seats": false,
        "has_nursing_area": false,
        "has_playground": false,
        "id": "1E152B48-E583-4618-B5F9-00B1DAD6ACB2",
        "is_wheelchair_accessible": true,
        "name": "Kaffelade",
        "notes": "",
        "verified": false
      }
    },
    {
      "type": "Feature",
      "geometry": {
        "coordinates": [
          5.7354755,
          58.9695874
        ],
        "type": "Point"
      },
      "properties": {
        "category": "shopping",
        "description": "",
        "has_changing_area": false,
        "has_child_seats": false,
        "has_nursing_area": false,
        "has_playground": false,
        "id": "1A1EAEDA-0D9D-46FC-BD53-9A27A6419C9D",
        "is_wheelchair_accessible": false,
        "name": "Birkemo",
        "notes": "",
        "verified": false
      }
    },
    {
      "type": "Feature",
      "geometry": {
        "coordinates": [
          7.5964465,
          59.7382588
        ],
        "type": "Point"
      },
      "properties": {
        "category": "playground",
        "description": "",
        "has_changing_area": false,
        "has_child_seats": false,
        "has_nursing_area": false,
        "has_playground": true,
        "id": "D36509FB-41CF-4BE5-8457-9DE119B17EFF",
        "is_wheelchair_accessible": false,
        "name": "Vinje folkebibliotek, Edland avdeling",
        "notes": "",
        "verified": false
      }
    },
    {
      "type": "Feature",
      "geometry": {
        "coordinates": [
          10.7286515,
          59.9105996
        ],
        "type": "Point"
      },
      "properties": {
        "category": "cafe",
        "description": "",
        "has_changing_area": true,
        "has_child_seats": true,
        "has_nursing_area": false,
        "has_playground": false,
        "id": "B3FA174C-2B23-466F-AE1C-738EB5EC595D",
        "is_wheelchair_accessible": true,
        "name": "Espresso House Aker Brygge",
        "notes": "",
        "verified": false
      }
    },
    {
      "type": "Feature",
      "geometry": {
        "coordinates": [
          18.9779015,
          69.6827774
        ],
        "type": "Point"
      },
      "properties": {
        "category": "cafe",
        "description": "",
        "has_changing_area": false,
        "has_child_seats": false,
        "has_nursing_area": false,
        "has_playground": false,
        "id": "36555598-F469-4848-A9FD-5168D51C0FDA",
        "is_wheelchair_accessible": false,
        "name": "MH-kantina",
        "notes": "",
        "verified": false
      }
    },
    {
      "type": "Feature",
      "geometry": {
        "coordinates": [
          6.7274457,
          60.3779356
        ],
        "type": "Point"
      },
      "properties": {
        "category": "playground",
        "description": "",
        "has_changing_area": false,
        "has_child_seats": false,
        "has_nursing_area": false,
        "has_playground": true,
        "id": "8486C929-429C-4B3B-9B1E-716AC6B8B598",
        "is_wheelchair_accessible": false,
        "name": "Bondegården",
        "notes": "",
        "verified": false
      }
    },
    {
      "type": "Feature",
      "geometry": {
        "coordinates": [
          5.3661839,
          60.356383
        ],
        "type": "Point"
      },
      "properties": {
        "category": "playground",
        "description": "",
        "has_changing_area": false,
        "has_child_seats": false,
        "has_nursing_area": false,
        "has_playground": true,
        "id": "31348BC5-13AE-4DF4-99A4-D1AC0BBC694F",
        "is_wheelchair_accessible": false,
        "name": "Natland borettslag lekeplass",
        "notes": "",
        "verified": false
      }
    },
    {
      "type": "Feature",
      "geometry": {
        "coordinates": [
          10.762659,
          59.9191511
        ],
        "type": "Point"
      },
      "properties": {
        "category": "cafe",
        "description": "",
        "has_changing_area": false,
        "has_child_seats": false,
        "has_nursing_area": false,
        "has_playground": false,
        "id": "62A47D42-F34D-4F17-ADBF-1A7514076C40",
        "is_wheelchair_accessible": false,
        "name": "Burek Factory",
        "notes": "",
        "verified": false
      }
    },
    {
      "type": "Feature",
      "geometry": {
        "coordinates": [
          5.345401,
          60.326405
        ],
        "type": "Point"
      },
      "properties": {
        "category": "playground",
        "description": "",
        "has_changing_area": false,
        "has_child_seats": false,
        "has_nursing_area": false,
        "has_playground": true,
        "id": "0E4F0FA9-92BA-47F6-B68F-67A2D5CE318A",
        "is_wheelchair_accessible": false,
        "name": "Hop lekeplass",
        "notes": "",
        "verified": false
      }
    },
    {
      "type": "Feature",
      "geometry": {
        "coordinates": [
          5.8094308,
          58.5179416
        ],
        "type": "Point"
      },
      "properties": {
        "category": "playground",
        "description": "",
        "has_changing_area": false,
        "has_child_seats": false,
        "has_nursing_area": false,
        "has_playground": true,
        "id": "B97B375C-740B-4922-81F6-7EEC3D6C443B",
        "is_wheelchair_accessible": false,
        "name": "Hå folkebibliotek, avd. Ogna",
        "notes": "",
        "verified": false
      }
    },
    {
      "type": "Feature",
      "geometry": {
        "coordinates": [
          14.4660524,
          67.2742755
        ],
        "type": "Point"
      },
      "properties": {
        "category": "playground",
        "description": "",
        "has_changing_area": false,
        "has_child_seats": false,
        "has_nursing_area": false,
        "has_playground": true,
        "id": "36903694-8325-40E6-9350-D940E3F2E2E9",
        "is_wheelchair_accessible": false,
        "name": "Alstadtunet lekeplass",
        "notes": "",
        "verified": false
      }
    },
    {
      "type": "Feature",
      "geometry": {
        "coordinates": [
          5.2048808,
          60.0074468
        ],
        "type": "Point"
      },
      "properties": {
        "category": "playground",
        "description": "",
        "has_changing_area": false,
        "has_child_seats": false,
        "has_nursing_area": false,
        "has_playground": true,
        "id": "CEE1871E-F263-4095-9B6F-5871CD26FE47",
        "is_wheelchair_accessible": false,
        "name": "Austevoll folkebibliotek",
        "notes": "",
        "verified": false
      }
    },
    {
      "type": "Feature",
      "geometry": {
        "coordinates": [
          10.752371,
          59.937363
        ],
        "type": "Point"
      },
      "properties": {
        "category": "cafe",
        "description": "",
        "has_changing_area": false,
        "has_child_seats": false,
        "has_nursing_area": false,
        "has_playground": false,
        "id": "31745C06-70BA-43B8-861D-14452A5D27B9",
        "is_wheelchair_accessible": false,
        "name": "Kaffebrenneriet",
        "notes": "",
        "verified": false
      }
    },
    {
      "type": "Feature",
      "geometry": {
        "coordinates": [
          6.2528334,
          59.4835793
        ],
        "type": "Point"
      },
      "properties": {
        "category": "playground",
        "description": "",
        "has_changing_area": false,
        "has_child_seats": false,
        "has_nursing_area": false,
        "has_playground": true,
        "id": "7EDCD156-9E1E-41F0-BC2D-66E98176FF3F",
        "is_wheelchair_accessible": false,
        "name": "Ryfylkebiblioteket Suldal",
        "notes": "",
        "verified": false
      }
    },
    {
      "type": "Feature",
      "geometry": {
        "coordinates": [
          5.3306201,
          60.3908577
        ],
        "type": "Point"
      },
      "properties": {
        "category": "cafe",
        "description": "",
        "has_changing_area": false,
        "has_child_seats": false,
        "has_nursing_area": false,
        "has_playground": false,
        "id": "82492904-7FB1-47D5-9D9E-5AD80B3A03FB",
        "is_wheelchair_accessible": false,
        "name": "Kaigaten Deli",
        "notes": "",
        "verified": false
      }
    },
    {
      "type": "Feature",
      "geometry": {
        "coordinates": [
          10.3956408,
          63.4159639
        ],
        "type": "Point"
      },
      "properties": {
        "category": "cafe",
        "description": "",
        "has_changing_area": false,
        "has_child_seats": false,
        "has_nursing_area": false,
        "has_playground": false,
        "id": "31630DFB-7864-4F22-AAB0-81D462D3D3C4",
        "is_wheelchair_accessible": false,
        "name": "Slabberas",
        "notes": "",
        "verified": false
      }
    },
    {
      "type": "Feature",
      "geometry": {
        "coordinates": [
          12.1229048,
          59.9854337
        ],
        "type": "Point"
      },
      "properties": {
        "category": "other",
        "description": "",
        "has_changing_area": true,
        "has_child_seats": false,
        "has_nursing_area": false,
        "has_playground": false,
        "id": "3E4D4E8B-1FE5-4FE6-94AA-75D6E7C671E1",
        "is_wheelchair_accessible": true,
        "name": "Public toilets (with changing table)",
        "notes": "",
        "verified": false
      }
    },
    {
      "type": "Feature",
      "geometry": {
        "coordinates": [
          10.3995112,
          63.4308492
        ],
        "type": "Point"
      },
      "properties": {
        "category": "cafe",
        "description": "",
        "has_changing_area": false,
        "has_child_seats": false,
        "has_nursing_area": false,
        "has_playground": false,
        "id": "2D079FDB-89F6-493A-AF48-5273E9F87DD1",
        "is_wheelchair_accessible": true,
        "name": "Hevd Søndre",
        "notes": "",
        "verified": false
      }
    },
    {
      "type": "Feature",
      "geometry": {
        "coordinates": [
          10.5035847,
          63.405844
        ],
        "type": "Point"
      },
      "properties": {
        "category": "playground",
        "description": "",
        "has_changing_area": false,
        "has_child_seats": false,
        "has_nursing_area": false,
        "has_playground": true,
        "id": "68B45AF9-356F-4C7F-9974-24DC27651430",
        "is_wheelchair_accessible": false,
        "name": "Lek 5",
        "notes": "",
        "verified": false
      }
    },
    {
      "type": "Feature",
      "geometry": {
        "coordinates": [
          5.3533298,
          60.378973
        ],
        "type": "Point"
      },
      "properties": {
        "category": "cafe",
        "description": "",
        "has_changing_area": false,
        "has_child_seats": false,
        "has_nursing_area": false,
        "has_playground": false,
        "id": "D1F00E09-A120-42BD-8364-4F748709A162",
        "is_wheelchair_accessible": false,
        "name": "Kafé Munck",
        "notes": "",
        "verified": false
      }
    },
    {
      "type": "Feature",
      "geometry": {
        "coordinates": [
          10.4039337,
          63.4185644
        ],
        "type": "Point"
      },
      "properties": {
        "category": "cafe",
        "description": "",
        "has_changing_area": false,
        "has_child_seats": false,
        "has_nursing_area": false,
        "has_playground": false,
        "id": "930BA245-C0F2-4DF5-82BF-01FDA5067CF5",
        "is_wheelchair_accessible": true,
        "name": "SiT Kafe Kjelhuset",
        "notes": "",
        "verified": false
      }
    },
    {
      "type": "Feature",
      "geometry": {
        "coordinates": [
          10.6877962,
          59.903453
        ],
        "type": "Point"
      },
      "properties": {
        "category": "cafe",
        "description": "",
        "has_changing_area": false,
        "has_child_seats": false,
        "has_nursing_area": false,
        "has_playground": false,
        "id": "E75BFDD1-73A3-4B54-993B-A593BA31745C",
        "is_wheelchair_accessible": false,
        "name": "Hjemme hos svigers",
        "notes": "",
        "verified": false
      }
    },
    {
      "type": "Feature",
      "geometry": {
        "coordinates": [
          5.6213552,
          58.9613093
        ],
        "type": "Point"
      },
      "properties": {
        "category": "playground",
        "description": "",
        "has_changing_area": false,
        "has_child_seats": false,
        "has_nursing_area": false,
        "has_playground": true,
        "id": "C3D86448-3FA4-4E24-9382-853CDF65DB6B",
        "is_wheelchair_accessible": false,
        "name": "Sunde skole",
        "notes": "",
        "verified": false
      }
    },
    {
      "type": "Feature",
      "geometry": {
        "coordinates": [
          18.9531733,
          69.6513872
        ],
        "type": "Point"
      },
      "properties": {
        "category": "cafe",
        "description": "",
        "has_changing_area": false,
        "has_child_seats": false,
        "has_nursing_area": false,
        "has_playground": false,
        "id": "9393CA79-2D98-499A-A409-F8691804E749",
        "is_wheelchair_accessible": false,
        "name": "Kafe Kringla",
        "notes": "",
        "verified": false
      }
    },
    {
      "type": "Feature",
      "geometry": {
        "coordinates": [
          6.8840647,
          58.9135591
        ],
        "type": "Point"
      },
      "properties": {
        "category": "playground",
        "description": "",
        "has_changing_area": false,
        "has_child_seats": false,
        "has_nursing_area": false,
        "has_playground": true,
        "id": "18D54CC0-B48B-49BE-A25A-DB15623CC7B2",
        "is_wheelchair_accessible": false,
        "name": "Sirdal folkebibliotek, Sinnes filial",
        "notes": "",
        "verified": false
      }
    },
    {
      "type": "Feature",
      "geometry": {
        "coordinates": [
          10.7389015,
          59.9162311
        ],
        "type": "Point"
      },
      "properties": {
        "category": "cafe",
        "description": "",
        "has_changing_area": false,
        "has_child_seats": false,
        "has_nursing_area": false,
        "has_playground": false,
        "id": "C7657FE4-20EC-4C8F-9885-E19BF05F1359",
        "is_wheelchair_accessible": true,
        "name": "Cafe Amsterdam",
        "notes": "",
        "verified": false
      }
    },
    {
      "type": "Feature",
      "geometry": {
        "coordinates": [
          5.7365667,
          58.8518418
        ],
        "type": "Point"
      },
      "properties": {
        "category": "cafe",
        "description": "",
        "has_changing_area": false,
        "has_child_seats": false,
        "has_nursing_area": false,
        "has_playground": false,
        "id": "A18D212E-BE4D-41F6-B08E-B74148DA6DF9",
        "is_wheelchair_accessible": true,
        "name": "Coffeeberry",
        "notes": "",
        "verified": false
      }
    },
    {
      "type": "Feature",
      "geometry": {
        "coordinates": [
          11.009859,
          59.948262
        ],
        "type": "Point"
      },
      "properties": {
        "category": "playground",
        "description": "",
        "has_changing_area": false,
        "has_child_seats": false,
        "has_nursing_area": false,
        "has_playground": true,
        "id": "2246AD07-AC17-4D3D-9F05-13DF341B3F75",
        "is_wheelchair_accessible": false,
        "name": "Skedsmo bibliotek",
        "notes": "",
        "verified": false
      }
    },
    {
      "type": "Feature",
      "geometry": {
        "coordinates": [
          10.360711,
          63.4311454
        ],
        "type": "Point"
      },
      "properties": {
        "category": "cafe",
        "description": "",
        "has_changing_area": false,
        "has_child_seats": false,
        "has_nursing_area": false,
        "has_playground": false,
        "id": "10A19E71-2375-411C-9203-F32A56EFD7F2",
        "is_wheelchair_accessible": false,
        "name": "Soknedal bakeri & konditori",
        "notes": "",
        "verified": false
      }
    },
    {
      "type": "Feature",
      "geometry": {
        "coordinates": [
          7.302033,
          58.0840932
        ],
        "type": "Point"
      },
      "properties": {
        "category": "playground",
        "description": "",
        "has_changing_area": false,
        "has_child_seats": false,
        "has_nursing_area": false,
        "has_playground": true,
        "id": "33F2BEFE-300B-4DCA-A7A8-0EE9FEA64B03",
        "is_wheelchair_accessible": false,
        "name": "Lindesnes folkebibliotek",
        "notes": "",
        "verified": false
      }
    },
    {
      "type": "Feature",
      "geometry": {
        "coordinates": [
          14.615651,
          67.380914
        ],
        "type": "Point"
      },
      "properties": {
        "category": "playground",
        "description": "",
        "has_changing_area": false,
        "has_child_seats": false,
        "has_nursing_area": false,
        "has_playground": true,
        "id": "389654E4-DC3F-4400-BCB0-607CFEFB44CE",
        "is_wheelchair_accessible": false,
        "name": "Kløkstad lekeplass",
        "notes": "",
        "verified": false
      }
    },
    {
      "type": "Feature",
      "geometry": {
        "coordinates": [
          8.1451817,
          58.1863864
        ],
        "type": "Point"
      },
      "properties": {
        "category": "cafe",
        "description": "",
        "has_changing_area": false,
        "has_child_seats": false,
        "has_nursing_area": false,
        "has_playground": false,
        "id": "DB679AB1-481B-4A6A-B927-10AC9954EEE4",
        "is_wheelchair_accessible": false,
        "name": "Kjuttaviga Vertshus",
        "notes": "",
        "verified": false
      }
    },
    {
      "type": "Feature",
      "geometry": {
        "coordinates": [
          10.4142703,
          63.4263883
        ],
        "type": "Point"
      },
      "properties": {
        "category": "other",
        "description": "",
        "has_changing_area": true,
        "has_child_seats": false,
        "has_nursing_area": false,
        "has_playground": false,
        "id": "DFF296B1-DA8E-443B-9E5B-81D14E76E5DA",
        "is_wheelchair_accessible": false,
        "name": "Public toilets (with changing table)",
        "notes": "",
        "verified": false
      }
    },
    {
      "type": "Feature",
      "geometry": {
        "coordinates": [
          10.7630793,
          59.9207846
        ],
        "type": "Point"
      },
      "properties": {
        "category": "cafe",
        "description": "",
        "has_changing_area": false,
        "has_child_seats": false,
        "has_nursing_area": false,
        "has_playground": false,
        "id": "836D48BB-5CF7-4271-9625-EA7EB47CC078",
        "is_wheelchair_accessible": false,
        "name": "Kuro Oslo",
        "notes": "",
        "verified": false
      }
    },
    {
      "type": "Feature",
      "geometry": {
        "coordinates": [
          5.47169,
          60.419159
        ],
        "type": "Point"
      },
      "properties": {
        "category": "playground",
        "description": "",
        "has_changing_area": false,
        "has_child_seats": false,
        "has_nursing_area": false,
        "has_playground": true,
        "id": "41167CD7-66D2-42BB-B2A6-FCBB0B3C6113",
        "is_wheelchair_accessible": false,
        "name": "Vollavegen lekeplass",
        "notes": "",
        "verified": false
      }
    },
    {
      "type": "Feature",
      "geometry": {
        "coordinates": [
          8.3850948,
          58.2139027
        ],
        "type": "Point"
      },
      "properties": {
        "category": "other",
        "description": "",
        "has_changing_area": true,
        "has_child_seats": false,
        "has_nursing_area": false,
        "has_playground": false,
        "id": "3058D781-222E-4FD0-B1A9-B6044FA93908",
        "is_wheelchair_accessible": true,
        "name": "Sanitærannlegget",
        "notes": "",
        "verified": false
      }
    },
    {
      "type": "Feature",
      "geometry": {
        "coordinates": [
          5.1731227,
          59.7942791
        ],
        "type": "Point"
      },
      "properties": {
        "category": "playground",
        "description": "",
        "has_changing_area": false,
        "has_child_seats": false,
        "has_nursing_area": false,
        "has_playground": true,
        "id": "E6370F68-8427-4DFF-A08A-A319223AE47F",
        "is_wheelchair_accessible": false,
        "name": "Bømlo folkebibliotek, Svortland",
        "notes": "",
        "verified": false
      }
    },
    {
      "type": "Feature",
      "geometry": {
        "coordinates": [
          5.324536,
          60.407288
        ],
        "type": "Point"
      },
      "properties": {
        "category": "playground",
        "description": "",
        "has_changing_area": false,
        "has_child_seats": false,
        "has_nursing_area": false,
        "has_playground": true,
        "id": "8D29E318-3B0C-4BFD-920C-F831A88A2EBE",
        "is_wheelchair_accessible": false,
        "name": "Festergrenden lekeplass",
        "notes": "",
        "verified": false
      }
    },
    {
      "type": "Feature",
      "geometry": {
        "coordinates": [
          6.1150553,
          62.5585531
        ],
        "type": "Point"
      },
      "properties": {
        "category": "other",
        "description": "",
        "has_changing_area": true,
        "has_child_seats": false,
        "has_nursing_area": false,
        "has_playground": false,
        "id": "BCAF2C37-AE85-44B9-AF56-B46B1C663573",
        "is_wheelchair_accessible": false,
        "name": "Public toilets (with changing table)",
        "notes": "",
        "verified": false
      }
    },
    {
      "type": "Feature",
      "geometry": {
        "coordinates": [
          10.4353692,
          61.2294019
        ],
        "type": "Point"
      },
      "properties": {
        "category": "other",
        "description": "",
        "has_changing_area": true,
        "has_child_seats": false,
        "has_nursing_area": false,
        "has_playground": false,
        "id": "1028CB95-8F51-441C-BC46-8FA5CC907E6B",
        "is_wheelchair_accessible": true,
        "name": "Public toilets (with changing table)",
        "notes": "",
        "verified": false
      }
    },
    {
      "type": "Feature",
      "geometry": {
        "coordinates": [
          10.2038518,
          59.745166
        ],
        "type": "Point"
      },
      "properties": {
        "category": "other",
        "description": "",
        "has_changing_area": true,
        "has_child_seats": false,
        "has_nursing_area": false,
        "has_playground": false,
        "id": "AA735C26-19B3-4407-B9B0-57B2E2B2B9EE",
        "is_wheelchair_accessible": true,
        "name": "Public toilets (with changing table)",
        "notes": "",
        "verified": false
      }
    },
    {
      "type": "Feature",
      "geometry": {
        "coordinates": [
          10.3923705,
          63.4320998
        ],
        "type": "Point"
      },
      "properties": {
        "category": "cafe",
        "description": "",
        "has_changing_area": false,
        "has_child_seats": false,
        "has_nursing_area": false,
        "has_playground": false,
        "id": "DB4CE9C5-C6D8-4CBA-A61B-B52BEB0844BF",
        "is_wheelchair_accessible": false,
        "name": "Streats Poke & banh mi",
        "notes": "",
        "verified": false
      }
    },
    {
      "type": "Feature",
      "geometry": {
        "coordinates": [
          7.1918955,
          58.264354
        ],
        "type": "Point"
      },
      "properties": {
        "category": "other",
        "description": "",
        "has_changing_area": true,
        "has_child_seats": false,
        "has_nursing_area": false,
        "has_playground": false,
        "id": "FAB2E312-124D-472F-9535-CCD68B2EE66A",
        "is_wheelchair_accessible": true,
        "name": "Norsk Villakssenter",
        "notes": "",
        "verified": false
      }
    },
    {
      "type": "Feature",
      "geometry": {
        "coordinates": [
          10.716273,
          59.91657
        ],
        "type": "Point"
      },
      "properties": {
        "category": "cafe",
        "description": "",
        "has_changing_area": false,
        "has_child_seats": false,
        "has_nursing_area": false,
        "has_playground": false,
        "id": "2EC5DFEA-382A-4851-A1F0-353A59A25A32",
        "is_wheelchair_accessible": false,
        "name": "Baker Hansen",
        "notes": "",
        "verified": false
      }
    },
    {
      "type": "Feature",
      "geometry": {
        "coordinates": [
          10.8148775,
          59.9707121
        ],
        "type": "Point"
      },
      "properties": {
        "category": "cafe",
        "description": "",
        "has_changing_area": false,
        "has_child_seats": false,
        "has_nursing_area": false,
        "has_playground": false,
        "id": "2AEDACF7-C521-4563-B59E-4B47AFCC7E44",
        "is_wheelchair_accessible": false,
        "name": "Linderudkollen Sportsstue",
        "notes": "",
        "verified": false
      }
    },
    {
      "type": "Feature",
      "geometry": {
        "coordinates": [
          10.7166569,
          59.916473
        ],
        "type": "Point"
      },
      "properties": {
        "category": "cafe",
        "description": "",
        "has_changing_area": false,
        "has_child_seats": false,
        "has_nursing_area": false,
        "has_playground": false,
        "id": "38B8E62F-D661-4197-A28C-34FABF1650EC",
        "is_wheelchair_accessible": false,
        "name": "Tiffani Kafe & Kjøkken",
        "notes": "",
        "verified": false
      }
    },
    {
      "type": "Feature",
      "geometry": {
        "coordinates": [
          10.9247982,
          59.9612048
        ],
        "type": "Point"
      },
      "properties": {
        "category": "cafe",
        "description": "",
        "has_changing_area": true,
        "has_child_seats": true,
        "has_nursing_area": false,
        "has_playground": false,
        "id": "76D4084E-385B-4B2A-9817-F8B7F4DFBA49",
        "is_wheelchair_accessible": true,
        "name": "Espresso House Stovner senter",
        "notes": "",
        "verified": false
      }
    },
    {
      "type": "Feature",
      "geometry": {
        "coordinates": [
          10.737721,
          59.915691
        ],
        "type": "Point"
      },
      "properties": {
        "category": "cafe",
        "description": "",
        "has_changing_area": false,
        "has_child_seats": false,
        "has_nursing_area": false,
        "has_playground": false,
        "id": "3D528C34-06D0-49B4-9794-65B4C4651B3A",
        "is_wheelchair_accessible": false,
        "name": "Kaffebrenneriet",
        "notes": "",
        "verified": false
      }
    },
    {
      "type": "Feature",
      "geometry": {
        "coordinates": [
          18.9080571,
          69.6801523
        ],
        "type": "Point"
      },
      "properties": {
        "category": "other",
        "description": "",
        "has_changing_area": true,
        "has_child_seats": false,
        "has_nursing_area": false,
        "has_playground": false,
        "id": "D7740B8B-C9E0-4FDB-BD63-96EAE7475E69",
        "is_wheelchair_accessible": true,
        "name": "Public toilets (with changing table)",
        "notes": "",
        "verified": false
      }
    },
    {
      "type": "Feature",
      "geometry": {
        "coordinates": [
          5.70836,
          58.9024943
        ],
        "type": "Point"
      },
      "properties": {
        "category": "playground",
        "description": "",
        "has_changing_area": false,
        "has_child_seats": false,
        "has_nursing_area": false,
        "has_playground": true,
        "id": "CA5EA733-164B-41D6-86C0-5A9A25BC1C76",
        "is_wheelchair_accessible": false,
        "name": "Slettmyra lekeplass",
        "notes": "",
        "verified": false
      }
    },
    {
      "type": "Feature",
      "geometry": {
        "coordinates": [
          5.3155911,
          60.3924938
        ],
        "type": "Point"
      },
      "properties": {
        "category": "cafe",
        "description": "",
        "has_changing_area": false,
        "has_child_seats": false,
        "has_nursing_area": false,
        "has_playground": false,
        "id": "5DE60140-34F8-4D33-A7D1-E22C1BB70BFE",
        "is_wheelchair_accessible": false,
        "name": "Le Café Pomme",
        "notes": "",
        "verified": false
      }
    },
    {
      "type": "Feature",
      "geometry": {
        "coordinates": [
          10.9626334,
          59.8200641
        ],
        "type": "Point"
      },
      "properties": {
        "category": "cafe",
        "description": "",
        "has_changing_area": false,
        "has_child_seats": false,
        "has_nursing_area": false,
        "has_playground": false,
        "id": "28DD87FB-D865-44D1-878D-3C9FA72B797E",
        "is_wheelchair_accessible": false,
        "name": "Skjelbreia",
        "notes": "",
        "verified": false
      }
    },
    {
      "type": "Feature",
      "geometry": {
        "coordinates": [
          10.8034138,
          59.8837456
        ],
        "type": "Point"
      },
      "properties": {
        "category": "playground",
        "description": "",
        "has_changing_area": false,
        "has_child_seats": false,
        "has_nursing_area": false,
        "has_playground": true,
        "id": "6DA4F093-A14C-447A-B79D-7A0F9B4F4B49",
        "is_wheelchair_accessible": false,
        "name": "Reveskogen friluftspark",
        "notes": "",
        "verified": false
      }
    },
    {
      "type": "Feature",
      "geometry": {
        "coordinates": [
          8.0033988,
          58.1448159
        ],
        "type": "Point"
      },
      "properties": {
        "category": "cafe",
        "description": "",
        "has_changing_area": false,
        "has_child_seats": false,
        "has_nursing_area": false,
        "has_playground": false,
        "id": "338A3D3B-A395-41EA-8D91-F3811B572358",
        "is_wheelchair_accessible": false,
        "name": "Portalen",
        "notes": "",
        "verified": false
      }
    },
    {
      "type": "Feature",
      "geometry": {
        "coordinates": [
          16.541013,
          68.788933
        ],
        "type": "Point"
      },
      "properties": {
        "category": "playground",
        "description": "",
        "has_changing_area": false,
        "has_child_seats": false,
        "has_nursing_area": false,
        "has_playground": true,
        "id": "A7ED60A3-CACA-45B0-92BC-4D808F2331A1",
        "is_wheelchair_accessible": false,
        "name": "Sams lekeland",
        "notes": "",
        "verified": false
      }
    },
    {
      "type": "Feature",
      "geometry": {
        "coordinates": [
          10.7574165,
          59.9137326
        ],
        "type": "Point"
      },
      "properties": {
        "category": "cafe",
        "description": "",
        "has_changing_area": false,
        "has_child_seats": false,
        "has_nursing_area": false,
        "has_playground": false,
        "id": "EBC99CBF-24BF-49C7-814D-CD294BF63324",
        "is_wheelchair_accessible": false,
        "name": "Evita Espressobar",
        "notes": "",
        "verified": false
      }
    },
    {
      "type": "Feature",
      "geometry": {
        "coordinates": [
          5.7356959,
          58.9702502
        ],
        "type": "Point"
      },
      "properties": {
        "category": "cafe",
        "description": "",
        "has_changing_area": false,
        "has_child_seats": false,
        "has_nursing_area": false,
        "has_playground": false,
        "id": "12FC99CE-A8B5-47D9-AC90-891E68F864D5",
        "is_wheelchair_accessible": false,
        "name": "Food Story",
        "notes": "",
        "verified": false
      }
    },
    {
      "type": "Feature",
      "geometry": {
        "coordinates": [
          10.7538262,
          59.9113851
        ],
        "type": "Point"
      },
      "properties": {
        "category": "cafe",
        "description": "",
        "has_changing_area": false,
        "has_child_seats": false,
        "has_nursing_area": false,
        "has_playground": false,
        "id": "FEA6849D-E782-4631-B982-C9C6273C6D26",
        "is_wheelchair_accessible": false,
        "name": "Swift by sumo",
        "notes": "",
        "verified": false
      }
    },
    {
      "type": "Feature",
      "geometry": {
        "coordinates": [
          5.359032,
          60.3743191
        ],
        "type": "Point"
      },
      "properties": {
        "category": "cafe",
        "description": "",
        "has_changing_area": false,
        "has_child_seats": false,
        "has_nursing_area": false,
        "has_playground": false,
        "id": "9907242B-BA8A-4C0C-89D9-3011D2C3B75F",
        "is_wheelchair_accessible": false,
        "name": "Cafe3",
        "notes": "",
        "verified": false
      }
    },
    {
      "type": "Feature",
      "geometry": {
        "coordinates": [
          10.5215576,
          59.9175725
        ],
        "type": "Point"
      },
      "properties": {
        "category": "cafe",
        "description": "",
        "has_changing_area": false,
        "has_child_seats": false,
        "has_nursing_area": false,
        "has_playground": false,
        "id": "54657355-4D89-4EDD-8D24-EA2E4681C6B5",
        "is_wheelchair_accessible": false,
        "name": "KIF-hytta",
        "notes": "",
        "verified": false
      }
    },
    {
      "type": "Feature",
      "geometry": {
        "coordinates": [
          10.3955232,
          63.4223283
        ],
        "type": "Point"
      },
      "properties": {
        "category": "cafe",
        "description": "",
        "has_changing_area": false,
        "has_child_seats": false,
        "has_nursing_area": false,
        "has_playground": false,
        "id": "0770943C-070B-4187-83DB-648F7544B156",
        "is_wheelchair_accessible": true,
        "name": "Edgar",
        "notes": "",
        "verified": false
      }
    },
    {
      "type": "Feature",
      "geometry": {
        "coordinates": [
          10.8355155,
          59.7184577
        ],
        "type": "Point"
      },
      "properties": {
        "category": "cafe",
        "description": "",
        "has_changing_area": false,
        "has_child_seats": false,
        "has_nursing_area": false,
        "has_playground": false,
        "id": "54096A95-3D43-40DF-A760-07861DD3F9D4",
        "is_wheelchair_accessible": false,
        "name": "Stasjonsbakeren",
        "notes": "",
        "verified": false
      }
    },
    {
      "type": "Feature",
      "geometry": {
        "coordinates": [
          13.5608256,
          68.1179178
        ],
        "type": "Point"
      },
      "properties": {
        "category": "playground",
        "description": "",
        "has_changing_area": false,
        "has_child_seats": false,
        "has_nursing_area": false,
        "has_playground": true,
        "id": "A4FE8462-E8DD-439B-8200-46D4249DD7F4",
        "is_wheelchair_accessible": false,
        "name": "Kirkeveien Lekeplass",
        "notes": "",
        "verified": false
      }
    },
    {
      "type": "Feature",
      "geometry": {
        "coordinates": [
          5.481721,
          59.4370162
        ],
        "type": "Point"
      },
      "properties": {
        "category": "other",
        "description": "",
        "has_changing_area": true,
        "has_child_seats": false,
        "has_nursing_area": false,
        "has_playground": false,
        "id": "9F2F24D9-0B31-47F4-AF23-6752A5E525B7",
        "is_wheelchair_accessible": false,
        "name": "Public toilets (with changing table)",
        "notes": "",
        "verified": false
      }
    },
    {
      "type": "Feature",
      "geometry": {
        "coordinates": [
          5.2426404,
          60.3453907
        ],
        "type": "Point"
      },
      "properties": {
        "category": "cafe",
        "description": "",
        "has_changing_area": false,
        "has_child_seats": false,
        "has_nursing_area": false,
        "has_playground": false,
        "id": "431D565B-7DF8-404E-A539-5055F8C0E179",
        "is_wheelchair_accessible": false,
        "name": "Bestemors Beste",
        "notes": "",
        "verified": false
      }
    },
    {
      "type": "Feature",
      "geometry": {
        "coordinates": [
          5.430046,
          60.462387
        ],
        "type": "Point"
      },
      "properties": {
        "category": "playground",
        "description": "",
        "has_changing_area": false,
        "has_child_seats": false,
        "has_nursing_area": false,
        "has_playground": true,
        "id": "60A47D35-6F01-4552-97F5-945B11BE9B04",
        "is_wheelchair_accessible": false,
        "name": "Tuftadalen lekeplass",
        "notes": "",
        "verified": false
      }
    },
    {
      "type": "Feature",
      "geometry": {
        "coordinates": [
          10.7255452,
          59.9100091
        ],
        "type": "Point"
      },
      "properties": {
        "category": "cafe",
        "description": "",
        "has_changing_area": false,
        "has_child_seats": false,
        "has_nursing_area": false,
        "has_playground": false,
        "id": "E90F72C1-4683-4DD5-A4A6-342E43B6AB5B",
        "is_wheelchair_accessible": true,
        "name": "Kaffebrenneriet",
        "notes": "",
        "verified": false
      }
    },
    {
      "type": "Feature",
      "geometry": {
        "coordinates": [
          10.7584436,
          59.9352725
        ],
        "type": "Point"
      },
      "properties": {
        "category": "playground",
        "description": "",
        "has_changing_area": false,
        "has_child_seats": false,
        "has_nursing_area": false,
        "has_playground": true,
        "id": "7914E2C8-4EDC-4750-9208-F50A72A1F266",
        "is_wheelchair_accessible": false,
        "name": "Funplays",
        "notes": "",
        "verified": false
      }
    },
    {
      "type": "Feature",
      "geometry": {
        "coordinates": [
          10.7520297,
          59.9221037
        ],
        "type": "Point"
      },
      "properties": {
        "category": "cafe",
        "description": "",
        "has_changing_area": false,
        "has_child_seats": false,
        "has_nursing_area": false,
        "has_playground": false,
        "id": "CC0AA077-723D-4362-9139-A71E92ADC64E",
        "is_wheelchair_accessible": false,
        "name": "Stange",
        "notes": "",
        "verified": false
      }
    },
    {
      "type": "Feature",
      "geometry": {
        "coordinates": [
          5.3532298,
          60.3614134
        ],
        "type": "Point"
      },
      "properties": {
        "category": "playground",
        "description": "",
        "has_changing_area": false,
        "has_child_seats": false,
        "has_nursing_area": false,
        "has_playground": true,
        "id": "266BA238-FD13-4623-B8D9-EAE5822DB431",
        "is_wheelchair_accessible": false,
        "name": "Bendixens vei lekeplass",
        "notes": "",
        "verified": false
      }
    },
    {
      "type": "Feature",
      "geometry": {
        "coordinates": [
          5.3227645,
          60.3899893
        ],
        "type": "Point"
      },
      "properties": {
        "category": "cafe",
        "description": "",
        "has_changing_area": false,
        "has_child_seats": false,
        "has_nursing_area": false,
        "has_playground": false,
        "id": "294F32F2-51B5-43F4-9694-6AFB895FE47D",
        "is_wheelchair_accessible": false,
        "name": "Mommona Kaffeteria",
        "notes": "",
        "verified": false
      }
    },
    {
      "type": "Feature",
      "geometry": {
        "coordinates": [
          10.6868709,
          59.9073917
        ],
        "type": "Point"
      },
      "properties": {
        "category": "cafe",
        "description": "",
        "has_changing_area": false,
        "has_child_seats": false,
        "has_nursing_area": false,
        "has_playground": false,
        "id": "BC8E1C7F-86A0-4F3A-962E-17C0F9072467",
        "is_wheelchair_accessible": false,
        "name": "Kafe Arkadia",
        "notes": "",
        "verified": false
      }
    },
    {
      "type": "Feature",
      "geometry": {
        "coordinates": [
          10.5643231,
          63.4084881
        ],
        "type": "Point"
      },
      "properties": {
        "category": "cafe",
        "description": "",
        "has_changing_area": false,
        "has_child_seats": false,
        "has_nursing_area": false,
        "has_playground": false,
        "id": "38526463-1356-40A9-8ED4-E7A7E62D5BF8",
        "is_wheelchair_accessible": false,
        "name": "Tjønnstuggu",
        "notes": "",
        "verified": false
      }
    },
    {
      "type": "Feature",
      "geometry": {
        "coordinates": [
          11.103571,
          60.0250104
        ],
        "type": "Point"
      },
      "properties": {
        "category": "playground",
        "description": "",
        "has_changing_area": false,
        "has_child_seats": false,
        "has_nursing_area": false,
        "has_playground": true,
        "id": "CD34F0D8-D94F-490A-9CE1-3F6EE5B05D41",
        "is_wheelchair_accessible": false,
        "name": "Sørum bibliotek, Frogner avdeling",
        "notes": "",
        "verified": false
      }
    },
    {
      "type": "Feature",
      "geometry": {
        "coordinates": [
          11.0799104,
          60.7966638
        ],
        "type": "Point"
      },
      "properties": {
        "category": "cafe",
        "description": "",
        "has_changing_area": true,
        "has_child_seats": true,
        "has_nursing_area": false,
        "has_playground": false,
        "id": "54168845-356D-4DA9-89ED-BC35286DA6A8",
        "is_wheelchair_accessible": true,
        "name": "Espresso House CC Hamar Stadion",
        "notes": "",
        "verified": false
      }
    },
    {
      "type": "Feature",
      "geometry": {
        "coordinates": [
          5.3325704,
          60.3776605
        ],
        "type": "Point"
      },
      "properties": {
        "category": "cafe",
        "description": "",
        "has_changing_area": false,
        "has_child_seats": false,
        "has_nursing_area": false,
        "has_playground": false,
        "id": "84D45CBA-6003-4462-940D-DAF34F8DD0EF",
        "is_wheelchair_accessible": false,
        "name": "Cafe Viken",
        "notes": "",
        "verified": false
      }
    },
    {
      "type": "Feature",
      "geometry": {
        "coordinates": [
          10.747876,
          59.912617
        ],
        "type": "Point"
      },
      "properties": {
        "category": "cafe",
        "description": "",
        "has_changing_area": false,
        "has_child_seats": false,
        "has_nursing_area": false,
        "has_playground": false,
        "id": "570585F3-65C2-4513-9652-1633953C44E3",
        "is_wheelchair_accessible": false,
        "name": "Cafe Bacchus",
        "notes": "",
        "verified": false
      }
    },
    {
      "type": "Feature",
      "geometry": {
        "coordinates": [
          10.410934,
          63.433337
        ],
        "type": "Point"
      },
      "properties": {
        "category": "cafe",
        "description": "",
        "has_changing_area": false,
        "has_child_seats": false,
        "has_nursing_area": false,
        "has_playground": false,
        "id": "4467B6F9-D1BF-4BAA-84A7-C464CDF26E52",
        "is_wheelchair_accessible": false,
        "name": "Sesam Solsiden",
        "notes": "",
        "verified": false
      }
    },
    {
      "type": "Feature",
      "geometry": {
        "coordinates": [
          8.1378173,
          58.1775808
        ],
        "type": "Point"
      },
      "properties": {
        "category": "shopping",
        "description": "",
        "has_changing_area": false,
        "has_child_seats": false,
        "has_nursing_area": false,
        "has_playground": false,
        "id": "9C576B95-DD7F-47B5-80E1-DD1F795C1BA4",
        "is_wheelchair_accessible": false,
        "name": "LEKER",
        "notes": "",
        "verified": false
      }
    },
    {
      "type": "Feature",
      "geometry": {
        "coordinates": [
          10.7292583,
          59.89668
        ],
        "type": "Point"
      },
      "properties": {
        "category": "cafe",
        "description": "",
        "has_changing_area": false,
        "has_child_seats": false,
        "has_nursing_area": false,
        "has_playground": false,
        "id": "942FE945-9554-4776-A5C5-F51C117C89D3",
        "is_wheelchair_accessible": false,
        "name": "Klosterkroa",
        "notes": "",
        "verified": false
      }
    },
    {
      "type": "Feature",
      "geometry": {
        "coordinates": [
          5.3243155,
          60.3991096
        ],
        "type": "Point"
      },
      "properties": {
        "category": "playground",
        "description": "",
        "has_changing_area": false,
        "has_child_seats": false,
        "has_nursing_area": false,
        "has_playground": true,
        "id": "BED62F80-CD1A-4B37-B978-F58D435D0924",
        "is_wheelchair_accessible": false,
        "name": "Øvregaten lekeplass",
        "notes": "",
        "verified": false
      }
    },
    {
      "type": "Feature",
      "geometry": {
        "coordinates": [
          5.3531512,
          60.3956844
        ],
        "type": "Point"
      },
      "properties": {
        "category": "cafe",
        "description": "",
        "has_changing_area": false,
        "has_child_seats": false,
        "has_nursing_area": false,
        "has_playground": false,
        "id": "364DCA38-C2ED-4986-9C39-C6A9DAB352CE",
        "is_wheelchair_accessible": false,
        "name": "Skomakerstuen",
        "notes": "",
        "verified": false
      }
    },
    {
      "type": "Feature",
      "geometry": {
        "coordinates": [
          10.3603753,
          59.9594268
        ],
        "type": "Point"
      },
      "properties": {
        "category": "cafe",
        "description": "",
        "has_changing_area": false,
        "has_child_seats": false,
        "has_nursing_area": false,
        "has_playground": false,
        "id": "A0D9D300-7248-4A42-9654-2891D06B8801",
        "is_wheelchair_accessible": false,
        "name": "JaFs",
        "notes": "",
        "verified": false
      }
    },
    {
      "type": "Feature",
      "geometry": {
        "coordinates": [
          10.4471012,
          63.4570564
        ],
        "type": "Point"
      },
      "properties": {
        "category": "cafe",
        "description": "",
        "has_changing_area": false,
        "has_child_seats": false,
        "has_nursing_area": false,
        "has_playground": false,
        "id": "F0CE14E3-5B16-4E4D-994D-589963287F47",
        "is_wheelchair_accessible": false,
        "name": "Ladekaia",
        "notes": "",
        "verified": false
      }
    },
    {
      "type": "Feature",
      "geometry": {
        "coordinates": [
          17.3948089,
          69.4790127
        ],
        "type": "Point"
      },
      "properties": {
        "category": "other",
        "description": "",
        "has_changing_area": true,
        "has_child_seats": false,
        "has_nursing_area": false,
        "has_playground": false,
        "id": "7886E2AC-1306-4672-A0E3-4FBE820DB338",
        "is_wheelchair_accessible": true,
        "name": "Gulldassen",
        "notes": "",
        "verified": false
      }
    },
    {
      "type": "Feature",
      "geometry": {
        "coordinates": [
          10.727,
          59.922
        ],
        "type": "Point"
      },
      "properties": {
        "category": "cafe",
        "description": "",
        "has_changing_area": true,
        "has_child_seats": false,
        "has_nursing_area": false,
        "has_playground": true,
        "id": "CE1B7CF9-EDC2-40A0-999C-46FA10072640",
        "is_wheelchair_accessible": false,
        "name": "Litteraturhuset",
        "notes": "",
        "verified": false
      }
    },
    {
      "type": "Feature",
      "geometry": {
        "coordinates": [
          5.7367461,
          58.9558206
        ],
        "type": "Point"
      },
      "properties": {
        "category": "playground",
        "description": "",
        "has_changing_area": false,
        "has_child_seats": false,
        "has_nursing_area": false,
        "has_playground": true,
        "id": "BD562634-B935-4076-B141-7FE80999DD89",
        "is_wheelchair_accessible": false,
        "name": "Jonas Dahls plass",
        "notes": "",
        "verified": false
      }
    },
    {
      "type": "Feature",
      "geometry": {
        "coordinates": [
          5.332185,
          60.38934
        ],
        "type": "Point"
      },
      "properties": {
        "category": "cafe",
        "description": "",
        "has_changing_area": false,
        "has_child_seats": false,
        "has_nursing_area": false,
        "has_playground": false,
        "id": "8C0BC62C-99C5-401F-BA3C-8018CB3C168F",
        "is_wheelchair_accessible": true,
        "name": "Cafe Opus",
        "notes": "",
        "verified": false
      }
    },
    {
      "type": "Feature",
      "geometry": {
        "coordinates": [
          7.9960066,
          58.1442798
        ],
        "type": "Point"
      },
      "properties": {
        "category": "cafe",
        "description": "",
        "has_changing_area": false,
        "has_child_seats": false,
        "has_nursing_area": false,
        "has_playground": false,
        "id": "378EA68C-A5DD-4389-9EF2-E7568D28E3B7",
        "is_wheelchair_accessible": false,
        "name": "Geheb Conditori",
        "notes": "",
        "verified": false
      }
    },
    {
      "type": "Feature",
      "geometry": {
        "coordinates": [
          10.485384,
          59.4158453
        ],
        "type": "Point"
      },
      "properties": {
        "category": "cafe",
        "description": "",
        "has_changing_area": true,
        "has_child_seats": true,
        "has_nursing_area": false,
        "has_playground": false,
        "id": "466E738A-F16D-4744-9E80-A3E2BF8F1BCA",
        "is_wheelchair_accessible": true,
        "name": "Espresso House Horten sentrum",
        "notes": "",
        "verified": false
      }
    },
    {
      "type": "Feature",
      "geometry": {
        "coordinates": [
          10.7951222,
          59.9271466
        ],
        "type": "Point"
      },
      "properties": {
        "category": "cafe",
        "description": "",
        "has_changing_area": false,
        "has_child_seats": false,
        "has_nursing_area": false,
        "has_playground": false,
        "id": "98A3C001-B6FF-42DB-A1AC-0FA2FC4AD47E",
        "is_wheelchair_accessible": false,
        "name": "Sugar & Spice",
        "notes": "",
        "verified": false
      }
    },
    {
      "type": "Feature",
      "geometry": {
        "coordinates": [
          11.035495,
          60.0728252
        ],
        "type": "Point"
      },
      "properties": {
        "category": "playground",
        "description": "",
        "has_changing_area": false,
        "has_child_seats": false,
        "has_nursing_area": false,
        "has_playground": true,
        "id": "3F52C00F-9C38-4AC4-9907-0DCCC68FF6FC",
        "is_wheelchair_accessible": false,
        "name": "Gjerdrum bibliotek",
        "notes": "",
        "verified": false
      }
    },
    {
      "type": "Feature",
      "geometry": {
        "coordinates": [
          5.7397793,
          58.9582438
        ],
        "type": "Point"
      },
      "properties": {
        "category": "cafe",
        "description": "",
        "has_changing_area": false,
        "has_child_seats": false,
        "has_nursing_area": false,
        "has_playground": false,
        "id": "BD3B3D69-5C0A-49A7-905B-8BE72B73EEAB",
        "is_wheelchair_accessible": false,
        "name": "Drop-in",
        "notes": "",
        "verified": false
      }
    },
    {
      "type": "Feature",
      "geometry": {
        "coordinates": [
          10.7146687,
          59.9165888
        ],
        "type": "Point"
      },
      "properties": {
        "category": "cafe",
        "description": "",
        "has_changing_area": false,
        "has_child_seats": false,
        "has_nursing_area": false,
        "has_playground": false,
        "id": "FF8E952A-CCF0-4499-98E1-38DCE16864EA",
        "is_wheelchair_accessible": false,
        "name": "Yasou Gresk Bakeri & Kafe AS",
        "notes": "",
        "verified": false
      }
    },
    {
      "type": "Feature",
      "geometry": {
        "coordinates": [
          10.7765485,
          59.9657568
        ],
        "type": "Point"
      },
      "properties": {
        "category": "cafe",
        "description": "",
        "has_changing_area": false,
        "has_child_seats": false,
        "has_nursing_area": false,
        "has_playground": false,
        "id": "F79E7184-B5A2-498F-A275-DC4C1B82382D",
        "is_wheelchair_accessible": false,
        "name": "Kjelen catering og tapas",
        "notes": "",
        "verified": false
      }
    },
    {
      "type": "Feature",
      "geometry": {
        "coordinates": [
          10.749082,
          59.9277123
        ],
        "type": "Point"
      },
      "properties": {
        "category": "cafe",
        "description": "",
        "has_changing_area": false,
        "has_child_seats": false,
        "has_nursing_area": false,
        "has_playground": false,
        "id": "DF34B4BD-D4F2-4F68-80DE-E98D4452E668",
        "is_wheelchair_accessible": false,
        "name": "Dr. Crunchy",
        "notes": "",
        "verified": false
      }
    },
    {
      "type": "Feature",
      "geometry": {
        "coordinates": [
          10.8353788,
          59.9432141
        ],
        "type": "Point"
      },
      "properties": {
        "category": "cafe",
        "description": "",
        "has_changing_area": true,
        "has_child_seats": true,
        "has_nursing_area": false,
        "has_playground": false,
        "id": "3BEEE551-13EB-4A49-B230-D815E6910123",
        "is_wheelchair_accessible": true,
        "name": "Espresso House Linderud Center",
        "notes": "",
        "verified": false
      }
    },
    {
      "type": "Feature",
      "geometry": {
        "coordinates": [
          10.523655,
          59.9355484
        ],
        "type": "Point"
      },
      "properties": {
        "category": "cafe",
        "description": "",
        "has_changing_area": false,
        "has_child_seats": false,
        "has_nursing_area": false,
        "has_playground": false,
        "id": "CE6D870D-6792-4984-B3B8-63E8C5BBD78C",
        "is_wheelchair_accessible": false,
        "name": "Kolsåsbakken varmestua",
        "notes": "",
        "verified": false
      }
    },
    {
      "type": "Feature",
      "geometry": {
        "coordinates": [
          10.6868611,
          59.8513247
        ],
        "type": "Point"
      },
      "properties": {
        "category": "cafe",
        "description": "",
        "has_changing_area": false,
        "has_child_seats": false,
        "has_nursing_area": false,
        "has_playground": false,
        "id": "DC42564C-1690-417E-9706-11EC1395E366",
        "is_wheelchair_accessible": false,
        "name": "Hellviktangen",
        "notes": "",
        "verified": false
      }
    },
    {
      "type": "Feature",
      "geometry": {
        "coordinates": [
          10.792643,
          59.92359
        ],
        "type": "Point"
      },
      "properties": {
        "category": "cafe",
        "description": "",
        "has_changing_area": false,
        "has_child_seats": false,
        "has_nursing_area": false,
        "has_playground": false,
        "id": "1EF94583-C6A2-4DAB-8A32-BB8C19C49DAB",
        "is_wheelchair_accessible": true,
        "name": "Baker Hansen",
        "notes": "",
        "verified": false
      }
    },
    {
      "type": "Feature",
      "geometry": {
        "coordinates": [
          10.7556638,
          59.9233547
        ],
        "type": "Point"
      },
      "properties": {
        "category": "cafe",
        "description": "",
        "has_changing_area": false,
        "has_child_seats": false,
        "has_nursing_area": false,
        "has_playground": false,
        "id": "CBAEAE1A-765A-4B5D-88C4-25CEE5D1A324",
        "is_wheelchair_accessible": false,
        "name": "Tim Wendelboe",
        "notes": "",
        "verified": false
      }
    },
    {
      "type": "Feature",
      "geometry": {
        "coordinates": [
          5.7317485,
          58.972104
        ],
        "type": "Point"
      },
      "properties": {
        "category": "cafe",
        "description": "",
        "has_changing_area": false,
        "has_child_seats": false,
        "has_nursing_area": false,
        "has_playground": false,
        "id": "054589ED-55A7-494E-941F-E288B3E8AECB",
        "is_wheelchair_accessible": false,
        "name": "Sting",
        "notes": "",
        "verified": false
      }
    },
    {
      "type": "Feature",
      "geometry": {
        "coordinates": [
          10.4252793,
          60.2377505
        ],
        "type": "Point"
      },
      "properties": {
        "category": "playground",
        "description": "",
        "has_changing_area": false,
        "has_child_seats": false,
        "has_nursing_area": false,
        "has_playground": true,
        "id": "A529B78D-5D0E-485D-930B-8DF915505FA3",
        "is_wheelchair_accessible": false,
        "name": "Toso skole 5. til 7. trinn",
        "notes": "",
        "verified": false
      }
    },
    {
      "type": "Feature",
      "geometry": {
        "coordinates": [
          5.7139502,
          58.9007835
        ],
        "type": "Point"
      },
      "properties": {
        "category": "playground",
        "description": "",
        "has_changing_area": false,
        "has_child_seats": false,
        "has_nursing_area": false,
        "has_playground": true,
        "id": "2418395D-D80F-48DA-B977-5A4FCF31A7F7",
        "is_wheelchair_accessible": false,
        "name": "Godeset Skole - Skolegården",
        "notes": "",
        "verified": false
      }
    },
    {
      "type": "Feature",
      "geometry": {
        "coordinates": [
          5.3364988,
          60.3558792
        ],
        "type": "Point"
      },
      "properties": {
        "category": "playground",
        "description": "",
        "has_changing_area": false,
        "has_child_seats": false,
        "has_nursing_area": false,
        "has_playground": true,
        "id": "046C37F8-E584-4258-9DB0-46FB6DAF615A",
        "is_wheelchair_accessible": false,
        "name": "Grønnestølen barnepark",
        "notes": "",
        "verified": false
      }
    },
    {
      "type": "Feature",
      "geometry": {
        "coordinates": [
          10.264426,
          59.7171099
        ],
        "type": "Point"
      },
      "properties": {
        "category": "playground",
        "description": "",
        "has_changing_area": false,
        "has_child_seats": false,
        "has_nursing_area": false,
        "has_playground": true,
        "id": "234D94C9-46C2-4FAD-9704-65A5CA7D6A92",
        "is_wheelchair_accessible": false,
        "name": "Briggen lekeplass",
        "notes": "",
        "verified": false
      }
    },
    {
      "type": "Feature",
      "geometry": {
        "coordinates": [
          10.7093292,
          59.9172501
        ],
        "type": "Point"
      },
      "properties": {
        "category": "shopping",
        "description": "",
        "has_changing_area": false,
        "has_child_seats": false,
        "has_nursing_area": false,
        "has_playground": false,
        "id": "8D93F5C6-7C9F-4C80-9228-9E01E6041C5F",
        "is_wheelchair_accessible": true,
        "name": "Martine Barneklær",
        "notes": "",
        "verified": false
      }
    },
    {
      "type": "Feature",
      "geometry": {
        "coordinates": [
          11.4915983,
          64.0110125
        ],
        "type": "Point"
      },
      "properties": {
        "category": "cafe",
        "description": "",
        "has_changing_area": true,
        "has_child_seats": true,
        "has_nursing_area": false,
        "has_playground": false,
        "id": "7B8F6AEA-8059-4E0A-9880-A4E913E1CBD4",
        "is_wheelchair_accessible": true,
        "name": "Espresso House Steinkjer",
        "notes": "",
        "verified": false
      }
    },
    {
      "type": "Feature",
      "geometry": {
        "coordinates": [
          5.726299,
          58.8653623
        ],
        "type": "Point"
      },
      "properties": {
        "category": "playground",
        "description": "",
        "has_changing_area": false,
        "has_child_seats": false,
        "has_nursing_area": false,
        "has_playground": true,
        "id": "9FEA9073-C8D7-478B-BCB5-F22C32AF9078",
        "is_wheelchair_accessible": false,
        "name": "Sandnes sykkel- og aktivitetsgård",
        "notes": "",
        "verified": false
      }
    },
    {
      "type": "Feature",
      "geometry": {
        "coordinates": [
          10.7512722,
          59.910826
        ],
        "type": "Point"
      },
      "properties": {
        "category": "cafe",
        "description": "",
        "has_changing_area": false,
        "has_child_seats": false,
        "has_nursing_area": false,
        "has_playground": false,
        "id": "14C7E2F3-2F57-4C3B-9F72-75DDC2ABA155",
        "is_wheelchair_accessible": true,
        "name": "Steam kaffebar",
        "notes": "",
        "verified": false
      }
    },
    {
      "type": "Feature",
      "geometry": {
        "coordinates": [
          10.8062045,
          59.9617121
        ],
        "type": "Point"
      },
      "properties": {
        "category": "cafe",
        "description": "",
        "has_changing_area": false,
        "has_child_seats": false,
        "has_nursing_area": false,
        "has_playground": false,
        "id": "03165818-685D-4E50-9186-38D6D5974EA0",
        "is_wheelchair_accessible": false,
        "name": "Trollvannstua",
        "notes": "",
        "verified": false
      }
    },
    {
      "type": "Feature",
      "geometry": {
        "coordinates": [
          10.8832021,
          59.9586783
        ],
        "type": "Point"
      },
      "properties": {
        "category": "playground",
        "description": "",
        "has_changing_area": false,
        "has_child_seats": false,
        "has_nursing_area": false,
        "has_playground": true,
        "id": "A4D442F5-0358-4658-A5B1-D9A8F9FCF885",
        "is_wheelchair_accessible": false,
        "name": "Grorud skole lekeplass",
        "notes": "",
        "verified": false
      }
    },
    {
      "type": "Feature",
      "geometry": {
        "coordinates": [
          10.7413095,
          59.9132205
        ],
        "type": "Point"
      },
      "properties": {
        "category": "shopping",
        "description": "",
        "has_changing_area": false,
        "has_child_seats": false,
        "has_nursing_area": false,
        "has_playground": false,
        "id": "0360EC6E-CA99-4424-A7F9-20E51D198B4B",
        "is_wheelchair_accessible": false,
        "name": "Follestad",
        "notes": "",
        "verified": false
      }
    },
    {
      "type": "Feature",
      "geometry": {
        "coordinates": [
          10.7679033,
          59.9097917
        ],
        "type": "Point"
      },
      "properties": {
        "category": "cafe",
        "description": "",
        "has_changing_area": false,
        "has_child_seats": false,
        "has_nursing_area": false,
        "has_playground": false,
        "id": "EF79119E-FAB8-4C55-A6DB-095D4F161730",
        "is_wheelchair_accessible": false,
        "name": "Hana Street Cafe",
        "notes": "",
        "verified": false
      }
    },
    {
      "type": "Feature",
      "geometry": {
        "coordinates": [
          10.637014,
          59.9134686
        ],
        "type": "Point"
      },
      "properties": {
        "category": "cafe",
        "description": "",
        "has_changing_area": true,
        "has_child_seats": true,
        "has_nursing_area": false,
        "has_playground": false,
        "id": "287D9532-9A3F-49BE-9005-0EBD0F490419",
        "is_wheelchair_accessible": true,
        "name": "Espresso House Lysaker",
        "notes": "",
        "verified": false
      }
    },
    {
      "type": "Feature",
      "geometry": {
        "coordinates": [
          12.0024317,
          60.1913957
        ],
        "type": "Point"
      },
      "properties": {
        "category": "playground",
        "description": "",
        "has_changing_area": false,
        "has_child_seats": false,
        "has_nursing_area": false,
        "has_playground": true,
        "id": "CE609DDE-D818-4532-90F0-3176164F697A",
        "is_wheelchair_accessible": false,
        "name": "Tufte parken",
        "notes": "",
        "verified": false
      }
    },
    {
      "type": "Feature",
      "geometry": {
        "coordinates": [
          10.763834,
          59.9145324
        ],
        "type": "Point"
      },
      "properties": {
        "category": "cafe",
        "description": "",
        "has_changing_area": false,
        "has_child_seats": false,
        "has_nursing_area": false,
        "has_playground": false,
        "id": "9050CF1E-8518-4213-9710-31B1C1A93F33",
        "is_wheelchair_accessible": false,
        "name": "Taban",
        "notes": "",
        "verified": false
      }
    },
    {
      "type": "Feature",
      "geometry": {
        "coordinates": [
          10.5223889,
          63.4273822
        ],
        "type": "Point"
      },
      "properties": {
        "category": "cafe",
        "description": "",
        "has_changing_area": false,
        "has_child_seats": false,
        "has_nursing_area": false,
        "has_playground": false,
        "id": "5A3EA989-474F-4EE6-AE1B-79C46B951373",
        "is_wheelchair_accessible": false,
        "name": "Ranheim bydelskafe",
        "notes": "",
        "verified": false
      }
    },
    {
      "type": "Feature",
      "geometry": {
        "coordinates": [
          11.1976258,
          59.58912
        ],
        "type": "Point"
      },
      "properties": {
        "category": "playground",
        "description": "",
        "has_changing_area": false,
        "has_child_seats": false,
        "has_nursing_area": false,
        "has_playground": true,
        "id": "36D005DA-2D58-49B4-818E-187B973175A3",
        "is_wheelchair_accessible": false,
        "name": "Korsgård Skole Lekeplass",
        "notes": "",
        "verified": false
      }
    },
    {
      "type": "Feature",
      "geometry": {
        "coordinates": [
          10.31993865966797,
          59.47803802486952
        ],
        "type": "Point"
      },
      "properties": {
        "category": "cafe",
        "description": "",
        "has_changing_area": true,
        "has_child_seats": true,
        "has_nursing_area": false,
        "has_playground": false,
        "id": "FFD7BF91-1B16-4A13-A71C-55541BB649FF",
        "is_wheelchair_accessible": true,
        "name": "Barnestol og stellerom",
        "notes": "",
        "verified": false
      }
    },
    {
      "type": "Feature",
      "geometry": {
        "coordinates": [
          6.8070032,
          59.6460512
        ],
        "type": "Point"
      },
      "properties": {
        "category": "playground",
        "description": "",
        "has_changing_area": false,
        "has_child_seats": false,
        "has_nursing_area": false,
        "has_playground": true,
        "id": "AA9FF6C0-42E7-443B-B209-1758FE7E6F5A",
        "is_wheelchair_accessible": false,
        "name": "Ryfylkebiblioteket Suldal, Nesflaten filial",
        "notes": "",
        "verified": false
      }
    },
    {
      "type": "Feature",
      "geometry": {
        "coordinates": [
          10.7745496,
          59.9128036
        ],
        "type": "Point"
      },
      "properties": {
        "category": "playground",
        "description": "",
        "has_changing_area": false,
        "has_child_seats": false,
        "has_nursing_area": false,
        "has_playground": true,
        "id": "017C72D3-53B4-4B19-9859-B657DF3042DB",
        "is_wheelchair_accessible": false,
        "name": "Lille Lab Tøyen",
        "notes": "",
        "verified": false
      }
    },
    {
      "type": "Feature",
      "geometry": {
        "coordinates": [
          5.6508802,
          58.7338123
        ],
        "type": "Point"
      },
      "properties": {
        "category": "playground",
        "description": "",
        "has_changing_area": false,
        "has_child_seats": false,
        "has_nursing_area": false,
        "has_playground": true,
        "id": "CDE3DD3E-1546-4685-856F-CCDD27ACEFE0",
        "is_wheelchair_accessible": false,
        "name": "Time bibliotek (Jærbiblioteka)",
        "notes": "",
        "verified": false
      }
    },
    {
      "type": "Feature",
      "geometry": {
        "coordinates": [
          6.5457405,
          60.0669532
        ],
        "type": "Point"
      },
      "properties": {
        "category": "playground",
        "description": "",
        "has_changing_area": false,
        "has_child_seats": false,
        "has_nursing_area": false,
        "has_playground": true,
        "id": "FEFEB5D3-EA4D-4AC9-9A20-9D6FD0CD558A",
        "is_wheelchair_accessible": false,
        "name": "Odda bibliotek",
        "notes": "",
        "verified": false
      }
    },
    {
      "type": "Feature",
      "geometry": {
        "coordinates": [
          18.9592329,
          69.6515818
        ],
        "type": "Point"
      },
      "properties": {
        "category": "cafe",
        "description": "",
        "has_changing_area": false,
        "has_child_seats": false,
        "has_nursing_area": false,
        "has_playground": false,
        "id": "47B80A2A-44BD-4FF0-8242-084676AEADE1",
        "is_wheelchair_accessible": false,
        "name": "Kaffebønna",
        "notes": "",
        "verified": false
      }
    },
    {
      "type": "Feature",
      "geometry": {
        "coordinates": [
          9.9721944,
          59.0020167
        ],
        "type": "Point"
      },
      "properties": {
        "category": "other",
        "description": "",
        "has_changing_area": true,
        "has_child_seats": false,
        "has_nursing_area": false,
        "has_playground": false,
        "id": "09B8027C-1EB6-4BE9-B5C6-2F1E52C5CB8E",
        "is_wheelchair_accessible": true,
        "name": "Public toilets (with changing table)",
        "notes": "",
        "verified": false
      }
    },
    {
      "type": "Feature",
      "geometry": {
        "coordinates": [
          7.9958817,
          58.1440077
        ],
        "type": "Point"
      },
      "properties": {
        "category": "cafe",
        "description": "",
        "has_changing_area": false,
        "has_child_seats": false,
        "has_nursing_area": false,
        "has_playground": false,
        "id": "4C1CB8C6-D2B0-45BE-84F2-14CB1723CB85",
        "is_wheelchair_accessible": false,
        "name": "Sval",
        "notes": "",
        "verified": false
      }
    },
    {
      "type": "Feature",
      "geometry": {
        "coordinates": [
          5.26168,
          59.150053
        ],
        "type": "Point"
      },
      "properties": {
        "category": "playground",
        "description": "",
        "has_changing_area": false,
        "has_child_seats": false,
        "has_nursing_area": false,
        "has_playground": true,
        "id": "0C7512F9-7D22-4128-8842-E34785E548B8",
        "is_wheelchair_accessible": false,
        "name": "Karmøy folkebibliotek, Skudesneshavn filial",
        "notes": "",
        "verified": false
      }
    },
    {
      "type": "Feature",
      "geometry": {
        "coordinates": [
          8.1436184,
          58.1863806
        ],
        "type": "Point"
      },
      "properties": {
        "category": "cafe",
        "description": "",
        "has_changing_area": false,
        "has_child_seats": false,
        "has_nursing_area": false,
        "has_playground": false,
        "id": "4A88BC6C-6E25-4CFD-A995-66A9415888DA",
        "is_wheelchair_accessible": false,
        "name": "Kjuttas Brød og Salat",
        "notes": "",
        "verified": false
      }
    },
    {
      "type": "Feature",
      "geometry": {
        "coordinates": [
          10.8439805,
          59.8723359
        ],
        "type": "Point"
      },
      "properties": {
        "category": "playground",
        "description": "",
        "has_changing_area": false,
        "has_child_seats": false,
        "has_nursing_area": false,
        "has_playground": true,
        "id": "FF37AEC7-4416-4C41-B1D3-78ADF7CE205F",
        "is_wheelchair_accessible": false,
        "name": "Rustadgrenda lekeplass",
        "notes": "",
        "verified": false
      }
    },
    {
      "type": "Feature",
      "geometry": {
        "coordinates": [
          10.7640523,
          59.9497531
        ],
        "type": "Point"
      },
      "properties": {
        "category": "cafe",
        "description": "",
        "has_changing_area": false,
        "has_child_seats": true,
        "has_nursing_area": false,
        "has_playground": false,
        "id": "007C588C-7DB5-46D0-85A7-E983BE744858",
        "is_wheelchair_accessible": true,
        "name": "Godt Brød",
        "notes": "",
        "verified": false
      }
    },
    {
      "type": "Feature",
      "geometry": {
        "coordinates": [
          6.3826363,
          62.4644378
        ],
        "type": "Point"
      },
      "properties": {
        "category": "playground",
        "description": "",
        "has_changing_area": false,
        "has_child_seats": false,
        "has_nursing_area": false,
        "has_playground": true,
        "id": "8E138A3D-AE1C-44CC-BB60-18EA31D7738E",
        "is_wheelchair_accessible": false,
        "name": "Barnas Lekeland AS",
        "notes": "",
        "verified": false
      }
    },
    {
      "type": "Feature",
      "geometry": {
        "coordinates": [
          5.3461674,
          60.3644874
        ],
        "type": "Point"
      },
      "properties": {
        "category": "cafe",
        "description": "",
        "has_changing_area": false,
        "has_child_seats": false,
        "has_nursing_area": false,
        "has_playground": false,
        "id": "AE8E7AC5-F39E-4DBB-9044-333A0966CAE5",
        "is_wheelchair_accessible": false,
        "name": "Lunch Station",
        "notes": "",
        "verified": false
      }
    },
    {
      "type": "Feature",
      "geometry": {
        "coordinates": [
          14.4575097,
          67.2781433
        ],
        "type": "Point"
      },
      "properties": {
        "category": "playground",
        "description": "",
        "has_changing_area": false,
        "has_child_seats": false,
        "has_nursing_area": false,
        "has_playground": true,
        "id": "EC23FCFC-AAED-4039-B191-46B0EDB6091B",
        "is_wheelchair_accessible": false,
        "name": "Øvre Bjørkåsen Lekeplass",
        "notes": "",
        "verified": false
      }
    },
    {
      "type": "Feature",
      "geometry": {
        "coordinates": [
          10.7572685,
          59.9119258
        ],
        "type": "Point"
      },
      "properties": {
        "category": "cafe",
        "description": "",
        "has_changing_area": false,
        "has_child_seats": false,
        "has_nursing_area": false,
        "has_playground": false,
        "id": "7F9D6207-ACD5-4D9F-90CA-76FC66E864B0",
        "is_wheelchair_accessible": false,
        "name": "BIT",
        "notes": "",
        "verified": false
      }
    },
    {
      "type": "Feature",
      "geometry": {
        "coordinates": [
          10.3794116,
          63.3628858
        ],
        "type": "Point"
      },
      "properties": {
        "category": "cafe",
        "description": "",
        "has_changing_area": false,
        "has_child_seats": false,
        "has_nursing_area": false,
        "has_playground": false,
        "id": "7607F327-43A4-48A8-A8ED-66AACFC4F974",
        "is_wheelchair_accessible": false,
        "name": "Biltema café",
        "notes": "",
        "verified": false
      }
    },
    {
      "type": "Feature",
      "geometry": {
        "coordinates": [
          6.3719485,
          62.4366799
        ],
        "type": "Point"
      },
      "properties": {
        "category": "playground",
        "description": "",
        "has_changing_area": false,
        "has_child_seats": false,
        "has_nursing_area": false,
        "has_playground": true,
        "id": "853997E9-503E-4E34-95DC-471BC90DC768",
        "is_wheelchair_accessible": false,
        "name": "Sportsparken",
        "notes": "",
        "verified": false
      }
    },
    {
      "type": "Feature",
      "geometry": {
        "coordinates": [
          10.8727164,
          60.8005121
        ],
        "type": "Point"
      },
      "properties": {
        "category": "playground",
        "description": "",
        "has_changing_area": false,
        "has_child_seats": false,
        "has_nursing_area": false,
        "has_playground": true,
        "id": "2EF5B36F-4A7D-4DD0-AFDB-F022EF4E873E",
        "is_wheelchair_accessible": false,
        "name": "Lekeareal, Torsberget",
        "notes": "",
        "verified": false
      }
    },
    {
      "type": "Feature",
      "geometry": {
        "coordinates": [
          6.0062549,
          58.4472248
        ],
        "type": "Point"
      },
      "properties": {
        "category": "playground",
        "description": "",
        "has_changing_area": false,
        "has_child_seats": false,
        "has_nursing_area": false,
        "has_playground": true,
        "id": "57D7AE6E-C677-417C-A97B-FC9FEB3666B0",
        "is_wheelchair_accessible": false,
        "name": "Klatreparken",
        "notes": "",
        "verified": false
      }
    },
    {
      "type": "Feature",
      "geometry": {
        "coordinates": [
          10.9545814,
          59.9201083
        ],
        "type": "Point"
      },
      "properties": {
        "category": "cafe",
        "description": "",
        "has_changing_area": false,
        "has_child_seats": false,
        "has_nursing_area": false,
        "has_playground": false,
        "id": "D3C7C5FA-AF5B-45D8-B476-96D51457A801",
        "is_wheelchair_accessible": false,
        "name": "French Tacos",
        "notes": "",
        "verified": false
      }
    },
    {
      "type": "Feature",
      "geometry": {
        "coordinates": [
          10.7572136,
          59.9281972
        ],
        "type": "Point"
      },
      "properties": {
        "category": "cafe",
        "description": "",
        "has_changing_area": false,
        "has_child_seats": false,
        "has_nursing_area": false,
        "has_playground": false,
        "id": "51AADC44-5389-471A-98A3-FAFA8032DD61",
        "is_wheelchair_accessible": false,
        "name": "Bosu",
        "notes": "",
        "verified": false
      }
    },
    {
      "type": "Feature",
      "geometry": {
        "coordinates": [
          12.2632761,
          61.3154689
        ],
        "type": "Point"
      },
      "properties": {
        "category": "cafe",
        "description": "",
        "has_changing_area": true,
        "has_child_seats": false,
        "has_nursing_area": false,
        "has_playground": false,
        "id": "F0571046-710A-490D-9BBE-DF3DD0BA56F3",
        "is_wheelchair_accessible": false,
        "name": "Kulturhuset Hagelund",
        "notes": "",
        "verified": false
      }
    },
    {
      "type": "Feature",
      "geometry": {
        "coordinates": [
          10.7175765,
          59.914055
        ],
        "type": "Point"
      },
      "properties": {
        "category": "playground",
        "description": "",
        "has_changing_area": false,
        "has_child_seats": false,
        "has_nursing_area": false,
        "has_playground": true,
        "id": "8AF50A49-CD8C-46B2-9EF4-D89180B3ECFB",
        "is_wheelchair_accessible": false,
        "name": "Nasjonalbiblioteket",
        "notes": "",
        "verified": false
      }
    },
    {
      "type": "Feature",
      "geometry": {
        "coordinates": [
          10.6184867,
          59.9477245
        ],
        "type": "Point"
      },
      "properties": {
        "category": "playground",
        "description": "",
        "has_changing_area": false,
        "has_child_seats": false,
        "has_nursing_area": false,
        "has_playground": true,
        "id": "2C267694-11BE-433A-AD11-E7696904D9BD",
        "is_wheelchair_accessible": false,
        "name": "Slettestien park",
        "notes": "",
        "verified": false
      }
    },
    {
      "type": "Feature",
      "geometry": {
        "coordinates": [
          10.4470098,
          63.4437891
        ],
        "type": "Point"
      },
      "properties": {
        "category": "cafe",
        "description": "",
        "has_changing_area": true,
        "has_child_seats": true,
        "has_nursing_area": false,
        "has_playground": false,
        "id": "AE9940CD-AB88-4D68-A970-608304C7E53C",
        "is_wheelchair_accessible": true,
        "name": "Jordbærpikene",
        "notes": "",
        "verified": false
      }
    },
    {
      "type": "Feature",
      "geometry": {
        "coordinates": [
          10.784236,
          59.920789
        ],
        "type": "Point"
      },
      "properties": {
        "category": "cafe",
        "description": "",
        "has_changing_area": false,
        "has_child_seats": false,
        "has_nursing_area": false,
        "has_playground": false,
        "id": "434B6657-BD19-41DC-B048-F1E3ABD9CF4C",
        "is_wheelchair_accessible": false,
        "name": "Åpent Bakeri",
        "notes": "",
        "verified": false
      }
    },
    {
      "type": "Feature",
      "geometry": {
        "coordinates": [
          10.7157374,
          59.9300601
        ],
        "type": "Point"
      },
      "properties": {
        "category": "cafe",
        "description": "",
        "has_changing_area": false,
        "has_child_seats": false,
        "has_nursing_area": false,
        "has_playground": false,
        "id": "13D3175E-6F4E-46D7-8248-F3BEEB99FE30",
        "is_wheelchair_accessible": false,
        "name": "Grains Majorstuen",
        "notes": "",
        "verified": false
      }
    },
    {
      "type": "Feature",
      "geometry": {
        "coordinates": [
          10.4729531,
          63.4283856
        ],
        "type": "Point"
      },
      "properties": {
        "category": "cafe",
        "description": "",
        "has_changing_area": true,
        "has_child_seats": true,
        "has_nursing_area": false,
        "has_playground": true,
        "id": "1740ACF8-F341-41D3-BC5F-7D3A77286864",
        "is_wheelchair_accessible": true,
        "name": "IKEA Leangen Bistro",
        "notes": "",
        "verified": false
      }
    },
    {
      "type": "Feature",
      "geometry": {
        "coordinates": [
          13.6185087,
          68.1489987
        ],
        "type": "Point"
      },
      "properties": {
        "category": "other",
        "description": "",
        "has_changing_area": true,
        "has_child_seats": false,
        "has_nursing_area": false,
        "has_playground": false,
        "id": "5B7ED9DB-31B2-4591-819F-DE94438B9276",
        "is_wheelchair_accessible": false,
        "name": "Public toilets (with changing table)",
        "notes": "",
        "verified": false
      }
    },
    {
      "type": "Feature",
      "geometry": {
        "coordinates": [
          8.537683,
          60.6220932
        ],
        "type": "Point"
      },
      "properties": {
        "category": "other",
        "description": "",
        "has_changing_area": true,
        "has_child_seats": false,
        "has_nursing_area": false,
        "has_playground": false,
        "id": "DEE24DEC-D892-4620-9D1B-4EE39D1BD523",
        "is_wheelchair_accessible": true,
        "name": "Public toilets (with changing table)",
        "notes": "",
        "verified": false
      }
    },
    {
      "type": "Feature",
      "geometry": {
        "coordinates": [
          5.3215701,
          60.3910613
        ],
        "type": "Point"
      },
      "properties": {
        "category": "cafe",
        "description": "",
        "has_changing_area": false,
        "has_child_seats": false,
        "has_nursing_area": false,
        "has_playground": false,
        "id": "D216BC40-2067-417A-8A4A-AE23DFBC4C37",
        "is_wheelchair_accessible": false,
        "name": "Daily pot",
        "notes": "",
        "verified": false
      }
    },
    {
      "type": "Feature",
      "geometry": {
        "coordinates": [
          10.4209475,
          63.4376287
        ],
        "type": "Point"
      },
      "properties": {
        "category": "cafe",
        "description": "",
        "has_changing_area": false,
        "has_child_seats": false,
        "has_nursing_area": false,
        "has_playground": false,
        "id": "F9FBC492-C146-4467-8C32-842F95E86745",
        "is_wheelchair_accessible": false,
        "name": "Ivar Matlaus Bokkafé",
        "notes": "",
        "verified": false
      }
    },
    {
      "type": "Feature",
      "geometry": {
        "coordinates": [
          5.3156542,
          60.3933971
        ],
        "type": "Point"
      },
      "properties": {
        "category": "playground",
        "description": "",
        "has_changing_area": false,
        "has_child_seats": false,
        "has_nursing_area": false,
        "has_playground": true,
        "id": "01432F04-C4B7-43BE-8C98-14756FAB97CA",
        "is_wheelchair_accessible": false,
        "name": "Ross-smauet lekeplass",
        "notes": "",
        "verified": false
      }
    },
    {
      "type": "Feature",
      "geometry": {
        "coordinates": [
          5.845672,
          58.926764
        ],
        "type": "Point"
      },
      "properties": {
        "category": "playground",
        "description": "",
        "has_changing_area": false,
        "has_child_seats": false,
        "has_nursing_area": false,
        "has_playground": true,
        "id": "A1FD0A5B-BD21-4403-9E9F-6D5699CA80DD",
        "is_wheelchair_accessible": false,
        "name": "Riska bibliotek",
        "notes": "",
        "verified": false
      }
    },
    {
      "type": "Feature",
      "geometry": {
        "coordinates": [
          9.6624688,
          59.64357
        ],
        "type": "Point"
      },
      "properties": {
        "category": "playground",
        "description": "",
        "has_changing_area": false,
        "has_child_seats": false,
        "has_nursing_area": false,
        "has_playground": true,
        "id": "5C4B858E-B60B-45CF-BC29-BB87940212E9",
        "is_wheelchair_accessible": false,
        "name": "Rådmann Ottesens vei lekeplass",
        "notes": "",
        "verified": false
      }
    },
    {
      "type": "Feature",
      "geometry": {
        "coordinates": [
          18.952093,
          69.6478
        ],
        "type": "Point"
      },
      "properties": {
        "category": "cafe",
        "description": "",
        "has_changing_area": false,
        "has_child_seats": false,
        "has_nursing_area": false,
        "has_playground": false,
        "id": "1BE26AE8-E895-48DD-8332-968FCC238037",
        "is_wheelchair_accessible": false,
        "name": "Selfie Konditori",
        "notes": "",
        "verified": false
      }
    },
    {
      "type": "Feature",
      "geometry": {
        "coordinates": [
          5.3595897,
          60.3743323
        ],
        "type": "Point"
      },
      "properties": {
        "category": "cafe",
        "description": "",
        "has_changing_area": false,
        "has_child_seats": false,
        "has_nursing_area": false,
        "has_playground": false,
        "id": "B29CBF7B-965E-4DD2-825C-8BDE3780311F",
        "is_wheelchair_accessible": false,
        "name": "Cafe Foaje",
        "notes": "",
        "verified": false
      }
    },
    {
      "type": "Feature",
      "geometry": {
        "coordinates": [
          7.0059537,
          58.023151
        ],
        "type": "Point"
      },
      "properties": {
        "category": "playground",
        "description": "",
        "has_changing_area": false,
        "has_child_seats": false,
        "has_nursing_area": false,
        "has_playground": true,
        "id": "E355F08B-9743-4B98-AC46-95114E716F9C",
        "is_wheelchair_accessible": false,
        "name": "Korshamn Grendehus",
        "notes": "",
        "verified": false
      }
    },
    {
      "type": "Feature",
      "geometry": {
        "coordinates": [
          7.5544901,
          58.1714989
        ],
        "type": "Point"
      },
      "properties": {
        "category": "playground",
        "description": "",
        "has_changing_area": false,
        "has_child_seats": false,
        "has_nursing_area": false,
        "has_playground": true,
        "id": "48BB83CA-59A1-4504-BFA6-1228395FB802",
        "is_wheelchair_accessible": false,
        "name": "Marnardal folkebibliotek",
        "notes": "",
        "verified": false
      }
    },
    {
      "type": "Feature",
      "geometry": {
        "coordinates": [
          5.340351,
          60.437805
        ],
        "type": "Point"
      },
      "properties": {
        "category": "playground",
        "description": "",
        "has_changing_area": false,
        "has_child_seats": false,
        "has_nursing_area": false,
        "has_playground": true,
        "id": "83355DFF-F53D-4403-8B70-C2B9C87432C1",
        "is_wheelchair_accessible": false,
        "name": "Selvik lekeplass",
        "notes": "",
        "verified": false
      }
    },
    {
      "type": "Feature",
      "geometry": {
        "coordinates": [
          7.953203,
          58.125007
        ],
        "type": "Point"
      },
      "properties": {
        "category": "cafe",
        "description": "",
        "has_changing_area": false,
        "has_child_seats": false,
        "has_nursing_area": false,
        "has_playground": false,
        "id": "80987ED6-205C-41D4-9D07-328594A45E1F",
        "is_wheelchair_accessible": false,
        "name": "Geheb Vågsbygd",
        "notes": "",
        "verified": false
      }
    },
    {
      "type": "Feature",
      "geometry": {
        "coordinates": [
          10.0468731,
          59.0683884
        ],
        "type": "Point"
      },
      "properties": {
        "category": "cafe",
        "description": "",
        "has_changing_area": true,
        "has_child_seats": true,
        "has_nursing_area": false,
        "has_playground": false,
        "id": "B75EE623-CD2C-410B-98C9-5B2C2CA9BE23",
        "is_wheelchair_accessible": true,
        "name": "Espresso House Nordbyen",
        "notes": "",
        "verified": false
      }
    },
    {
      "type": "Feature",
      "geometry": {
        "coordinates": [
          10.7155471,
          59.9479701
        ],
        "type": "Point"
      },
      "properties": {
        "category": "playground",
        "description": "",
        "has_changing_area": false,
        "has_child_seats": false,
        "has_nursing_area": false,
        "has_playground": true,
        "id": "7BB1FE18-DA32-4056-93DE-86D216CB085E",
        "is_wheelchair_accessible": false,
        "name": "Universitetsbiblioteket i Oslo - Bibliotek for medisin og helsefag",
        "notes": "",
        "verified": false
      }
    },
    {
      "type": "Feature",
      "geometry": {
        "coordinates": [
          5.725443,
          58.972565
        ],
        "type": "Point"
      },
      "properties": {
        "category": "cafe",
        "description": "",
        "has_changing_area": false,
        "has_child_seats": false,
        "has_nursing_area": false,
        "has_playground": false,
        "id": "BA3E66FC-3812-4CFD-A17A-8273C6E8EDF5",
        "is_wheelchair_accessible": false,
        "name": "Frk Krag Café",
        "notes": "",
        "verified": false
      }
    },
    {
      "type": "Feature",
      "geometry": {
        "coordinates": [
          10.4354819,
          63.3948414
        ],
        "type": "Point"
      },
      "properties": {
        "category": "playground",
        "description": "",
        "has_changing_area": false,
        "has_child_seats": false,
        "has_nursing_area": false,
        "has_playground": true,
        "id": "0F9D05E7-47E1-4DA1-8B4F-F0DD4A72BF31",
        "is_wheelchair_accessible": false,
        "name": "Aktivitetstunet",
        "notes": "",
        "verified": false
      }
    },
    {
      "type": "Feature",
      "geometry": {
        "coordinates": [
          7.9865518,
          59.4465265
        ],
        "type": "Point"
      },
      "properties": {
        "category": "playground",
        "description": "",
        "has_changing_area": false,
        "has_child_seats": false,
        "has_nursing_area": false,
        "has_playground": true,
        "id": "2F8AC1F4-89A6-4DFB-AAB2-21085BFA0399",
        "is_wheelchair_accessible": false,
        "name": "Tokke bibliotek, Dalen",
        "notes": "",
        "verified": false
      }
    },
    {
      "type": "Feature",
      "geometry": {
        "coordinates": [
          5.3074,
          60.42345
        ],
        "type": "Point"
      },
      "properties": {
        "category": "playground",
        "description": "",
        "has_changing_area": false,
        "has_child_seats": false,
        "has_nursing_area": false,
        "has_playground": true,
        "id": "2598BD3E-8292-4058-A9C3-67BFF79D96E2",
        "is_wheelchair_accessible": false,
        "name": "Flagghaugen barnepark",
        "notes": "",
        "verified": false
      }
    },
    {
      "type": "Feature",
      "geometry": {
        "coordinates": [
          10.4049641,
          63.416753
        ],
        "type": "Point"
      },
      "properties": {
        "category": "cafe",
        "description": "",
        "has_changing_area": false,
        "has_child_seats": false,
        "has_nursing_area": false,
        "has_playground": false,
        "id": "F2742334-C455-4E7C-A39A-871618D19717",
        "is_wheelchair_accessible": true,
        "name": "SiT Kafe Hangaren",
        "notes": "",
        "verified": false
      }
    },
    {
      "type": "Feature",
      "geometry": {
        "coordinates": [
          5.321992,
          60.389656
        ],
        "type": "Point"
      },
      "properties": {
        "category": "cafe",
        "description": "",
        "has_changing_area": false,
        "has_child_seats": false,
        "has_nursing_area": false,
        "has_playground": false,
        "id": "A1BD7A4E-48EF-4C67-9070-8532CA3AD915",
        "is_wheelchair_accessible": true,
        "name": "Stjernesalen",
        "notes": "",
        "verified": false
      }
    },
    {
      "type": "Feature",
      "geometry": {
        "coordinates": [
          5.411815,
          59.7838203
        ],
        "type": "Point"
      },
      "properties": {
        "category": "playground",
        "description": "",
        "has_changing_area": false,
        "has_child_seats": false,
        "has_nursing_area": false,
        "has_playground": true,
        "id": "C969B66E-3F29-4FFC-AEBF-20A0ED340A86",
        "is_wheelchair_accessible": false,
        "name": "Stord folkebibliotek, Litlabø filial",
        "notes": "",
        "verified": false
      }
    },
    {
      "type": "Feature",
      "geometry": {
        "coordinates": [
          5.8729041,
          59.174486
        ],
        "type": "Point"
      },
      "properties": {
        "category": "playground",
        "description": "",
        "has_changing_area": false,
        "has_child_seats": false,
        "has_nursing_area": false,
        "has_playground": true,
        "id": "DF77DDFE-8287-4D6E-A45F-69C3001631B4",
        "is_wheelchair_accessible": false,
        "name": "Finnøy folkebibliotek",
        "notes": "",
        "verified": false
      }
    },
    {
      "type": "Feature",
      "geometry": {
        "coordinates": [
          6.3526078,
          59.650502
        ],
        "type": "Point"
      },
      "properties": {
        "category": "playground",
        "description": "",
        "has_changing_area": false,
        "has_child_seats": false,
        "has_nursing_area": false,
        "has_playground": true,
        "id": "95962911-829A-48EF-A996-10F5C13B080C",
        "is_wheelchair_accessible": false,
        "name": "Ryfylkebiblioteket Sauda",
        "notes": "",
        "verified": false
      }
    },
    {
      "type": "Feature",
      "geometry": {
        "coordinates": [
          10.881505,
          60.05352
        ],
        "type": "Point"
      },
      "properties": {
        "category": "cafe",
        "description": "",
        "has_changing_area": false,
        "has_child_seats": false,
        "has_nursing_area": false,
        "has_playground": false,
        "id": "2755FC91-7CC8-409C-B362-229FE760DE67",
        "is_wheelchair_accessible": false,
        "name": "Smakfull",
        "notes": "",
        "verified": false
      }
    },
    {
      "type": "Feature",
      "geometry": {
        "coordinates": [
          14.4054099,
          67.2861918
        ],
        "type": "Point"
      },
      "properties": {
        "category": "playground",
        "description": "",
        "has_changing_area": false,
        "has_child_seats": false,
        "has_nursing_area": false,
        "has_playground": true,
        "id": "3E6AC7C6-7E90-418C-AB2A-D794FB5FFD83",
        "is_wheelchair_accessible": false,
        "name": "Legeveien lekeplass",
        "notes": "",
        "verified": false
      }
    },
    {
      "type": "Feature",
      "geometry": {
        "coordinates": [
          5.4491855,
          60.314472
        ],
        "type": "Point"
      },
      "properties": {
        "category": "cafe",
        "description": "",
        "has_changing_area": false,
        "has_child_seats": false,
        "has_nursing_area": false,
        "has_playground": false,
        "id": "CC9E5680-AAC5-4D46-8E3D-36E672FE6DEE",
        "is_wheelchair_accessible": false,
        "name": "Fanahytten",
        "notes": "",
        "verified": false
      }
    },
    {
      "type": "Feature",
      "geometry": {
        "coordinates": [
          10.7740747,
          59.9469914
        ],
        "type": "Point"
      },
      "properties": {
        "category": "cafe",
        "description": "",
        "has_changing_area": false,
        "has_child_seats": false,
        "has_nursing_area": false,
        "has_playground": false,
        "id": "981A5606-9A36-4BE6-AC3E-E16223A3F104",
        "is_wheelchair_accessible": false,
        "name": "Baker Hansen",
        "notes": "",
        "verified": false
      }
    },
    {
      "type": "Feature",
      "geometry": {
        "coordinates": [
          8.4891631,
          59.404614
        ],
        "type": "Point"
      },
      "properties": {
        "category": "playground",
        "description": "",
        "has_changing_area": false,
        "has_child_seats": false,
        "has_nursing_area": false,
        "has_playground": true,
        "id": "AA3479BA-A7FF-4931-904C-070D975F6232",
        "is_wheelchair_accessible": false,
        "name": "Høgvoll Lekeplass",
        "notes": "",
        "verified": false
      }
    },
    {
      "type": "Feature",
      "geometry": {
        "coordinates": [
          10.9210197,
          63.4541312
        ],
        "type": "Point"
      },
      "properties": {
        "category": "other",
        "description": "",
        "has_changing_area": true,
        "has_child_seats": false,
        "has_nursing_area": false,
        "has_playground": false,
        "id": "A3EB6CC2-A416-4D84-B5B0-C9991B6B4AAE",
        "is_wheelchair_accessible": true,
        "name": "Public toilets (with changing table)",
        "notes": "",
        "verified": false
      }
    },
    {
      "type": "Feature",
      "geometry": {
        "coordinates": [
          5.3198416,
          60.3793044
        ],
        "type": "Point"
      },
      "properties": {
        "category": "playground",
        "description": "",
        "has_changing_area": false,
        "has_child_seats": false,
        "has_nursing_area": false,
        "has_playground": true,
        "id": "8368E5A2-ACFB-4997-B392-BA033B78B51C",
        "is_wheelchair_accessible": false,
        "name": "Strandlien lekeplass",
        "notes": "",
        "verified": false
      }
    },
    {
      "type": "Feature",
      "geometry": {
        "coordinates": [
          10.737794,
          59.91637
        ],
        "type": "Point"
      },
      "properties": {
        "category": "cafe",
        "description": "",
        "has_changing_area": false,
        "has_child_seats": false,
        "has_nursing_area": false,
        "has_playground": false,
        "id": "38F6787F-DCE7-4698-AB5F-25DE4F2358E0",
        "is_wheelchair_accessible": false,
        "name": "Den franske sal",
        "notes": "",
        "verified": false
      }
    },
    {
      "type": "Feature",
      "geometry": {
        "coordinates": [
          5.322485,
          60.391712
        ],
        "type": "Point"
      },
      "properties": {
        "category": "cafe",
        "description": "",
        "has_changing_area": false,
        "has_child_seats": false,
        "has_nursing_area": false,
        "has_playground": false,
        "id": "872157DA-C987-4F66-AB33-D703BC3263A5",
        "is_wheelchair_accessible": false,
        "name": "Cafe MM",
        "notes": "",
        "verified": false
      }
    },
    {
      "type": "Feature",
      "geometry": {
        "coordinates": [
          10.3464903,
          59.8540616
        ],
        "type": "Point"
      },
      "properties": {
        "category": "cafe",
        "description": "",
        "has_changing_area": false,
        "has_child_seats": false,
        "has_nursing_area": false,
        "has_playground": false,
        "id": "AAFB3B45-A743-4620-B916-E6B58368D737",
        "is_wheelchair_accessible": false,
        "name": "Vestlia",
        "notes": "",
        "verified": false
      }
    },
    {
      "type": "Feature",
      "geometry": {
        "coordinates": [
          10.6305317,
          59.9073602
        ],
        "type": "Point"
      },
      "properties": {
        "category": "playground",
        "description": "",
        "has_changing_area": false,
        "has_child_seats": false,
        "has_nursing_area": false,
        "has_playground": true,
        "id": "67F02D42-B763-4BC2-BFCB-8C3E10824E20",
        "is_wheelchair_accessible": false,
        "name": "Barnehagen Vier BA",
        "notes": "",
        "verified": false
      }
    },
    {
      "type": "Feature",
      "geometry": {
        "coordinates": [
          10.7272609,
          59.9214874
        ],
        "type": "Point"
      },
      "properties": {
        "category": "cafe",
        "description": "",
        "has_changing_area": false,
        "has_child_seats": false,
        "has_nursing_area": false,
        "has_playground": false,
        "id": "47F4711C-41B7-46EB-AF21-7A5EE07555F2",
        "is_wheelchair_accessible": false,
        "name": "Limón",
        "notes": "",
        "verified": false
      }
    },
    {
      "type": "Feature",
      "geometry": {
        "coordinates": [
          5.6790726,
          58.9524486
        ],
        "type": "Point"
      },
      "properties": {
        "category": "cafe",
        "description": "",
        "has_changing_area": true,
        "has_child_seats": true,
        "has_nursing_area": false,
        "has_playground": false,
        "id": "5CAC5BEC-02B6-4D17-9772-AD106338643B",
        "is_wheelchair_accessible": true,
        "name": "Espresso House Amfi Madla",
        "notes": "",
        "verified": false
      }
    },
    {
      "type": "Feature",
      "geometry": {
        "coordinates": [
          10.7689867,
          59.9146111
        ],
        "type": "Point"
      },
      "properties": {
        "category": "cafe",
        "description": "",
        "has_changing_area": false,
        "has_child_seats": false,
        "has_nursing_area": false,
        "has_playground": false,
        "id": "D21648AB-5156-4E94-B768-50663957EFD8",
        "is_wheelchair_accessible": false,
        "name": "Black Sugar",
        "notes": "",
        "verified": false
      }
    },
    {
      "type": "Feature",
      "geometry": {
        "coordinates": [
          5.4676231,
          59.7538311
        ],
        "type": "Point"
      },
      "properties": {
        "category": "playground",
        "description": "",
        "has_changing_area": false,
        "has_child_seats": false,
        "has_nursing_area": false,
        "has_playground": true,
        "id": "0321D77B-1168-4BA5-8960-346C7DA8F698",
        "is_wheelchair_accessible": false,
        "name": "Kåreviksmarka FUS Barnehage",
        "notes": "",
        "verified": false
      }
    },
    {
      "type": "Feature",
      "geometry": {
        "coordinates": [
          11.0404664,
          59.9945536
        ],
        "type": "Point"
      },
      "properties": {
        "category": "playground",
        "description": "",
        "has_changing_area": false,
        "has_child_seats": false,
        "has_nursing_area": false,
        "has_playground": true,
        "id": "39D7A8E6-0160-47D3-ABBD-41C776CFE968",
        "is_wheelchair_accessible": false,
        "name": "Lekeplass",
        "notes": "",
        "verified": false
      }
    },
    {
      "type": "Feature",
      "geometry": {
        "coordinates": [
          5.3541065,
          60.3175684
        ],
        "type": "Point"
      },
      "properties": {
        "category": "cafe",
        "description": "",
        "has_changing_area": false,
        "has_child_seats": false,
        "has_nursing_area": false,
        "has_playground": false,
        "id": "6ECFF0D6-CE58-4EB4-8129-CD0B7CCB9B34",
        "is_wheelchair_accessible": false,
        "name": "Mekong",
        "notes": "",
        "verified": false
      }
    },
    {
      "type": "Feature",
      "geometry": {
        "coordinates": [
          10.993858,
          59.932887
        ],
        "type": "Point"
      },
      "properties": {
        "category": "cafe",
        "description": "",
        "has_changing_area": false,
        "has_child_seats": false,
        "has_nursing_area": false,
        "has_playground": false,
        "id": "FA25A27D-08CF-4372-AF0E-A3E8C7F61F1D",
        "is_wheelchair_accessible": true,
        "name": "Lyspunktet kafé",
        "notes": "",
        "verified": false
      }
    },
    {
      "type": "Feature",
      "geometry": {
        "coordinates": [
          14.4717718,
          67.2780949
        ],
        "type": "Point"
      },
      "properties": {
        "category": "playground",
        "description": "",
        "has_changing_area": false,
        "has_child_seats": false,
        "has_nursing_area": false,
        "has_playground": true,
        "id": "7A3F9AEC-2899-4E66-AA6A-52B0F25996FB",
        "is_wheelchair_accessible": false,
        "name": "Grønnåsen Lekeplass",
        "notes": "",
        "verified": false
      }
    },
    {
      "type": "Feature",
      "geometry": {
        "coordinates": [
          11.1373849,
          60.0762036
        ],
        "type": "Point"
      },
      "properties": {
        "category": "playground",
        "description": "",
        "has_changing_area": false,
        "has_child_seats": false,
        "has_nursing_area": false,
        "has_playground": true,
        "id": "BEA90E90-FCE7-4881-BEA9-76101E004BA6",
        "is_wheelchair_accessible": false,
        "name": "Kløfta bibliotek",
        "notes": "",
        "verified": false
      }
    },
    {
      "type": "Feature",
      "geometry": {
        "coordinates": [
          10.3586374,
          63.4315202
        ],
        "type": "Point"
      },
      "properties": {
        "category": "cafe",
        "description": "",
        "has_changing_area": false,
        "has_child_seats": false,
        "has_nursing_area": false,
        "has_playground": false,
        "id": "BF97E540-7B32-410E-A246-35589E078E16",
        "is_wheelchair_accessible": false,
        "name": "Mikalsen Bakeri / Blossom Kafé & Konditori",
        "notes": "",
        "verified": false
      }
    },
    {
      "type": "Feature",
      "geometry": {
        "coordinates": [
          6.8044037,
          58.0936416
        ],
        "type": "Point"
      },
      "properties": {
        "category": "playground",
        "description": "",
        "has_changing_area": false,
        "has_child_seats": false,
        "has_nursing_area": false,
        "has_playground": true,
        "id": "54F49683-BC59-4E74-8D96-CD8125693848",
        "is_wheelchair_accessible": false,
        "name": "Farsund bibliotek",
        "notes": "",
        "verified": false
      }
    },
    {
      "type": "Feature",
      "geometry": {
        "coordinates": [
          5.3601131,
          60.3604329
        ],
        "type": "Point"
      },
      "properties": {
        "category": "cafe",
        "description": "",
        "has_changing_area": false,
        "has_child_seats": false,
        "has_nursing_area": false,
        "has_playground": false,
        "id": "1720AC68-7874-4287-9C06-538A6CA7BE74",
        "is_wheelchair_accessible": false,
        "name": "Landås bakeri",
        "notes": "",
        "verified": false
      }
    },
    {
      "type": "Feature",
      "geometry": {
        "coordinates": [
          5.352476,
          60.380479
        ],
        "type": "Point"
      },
      "properties": {
        "category": "cafe",
        "description": "",
        "has_changing_area": false,
        "has_child_seats": false,
        "has_nursing_area": false,
        "has_playground": false,
        "id": "718442BA-B49A-4AF8-BD67-3743FE2EF8BF",
        "is_wheelchair_accessible": false,
        "name": "Møllendal Fetevare",
        "notes": "",
        "verified": false
      }
    },
    {
      "type": "Feature",
      "geometry": {
        "coordinates": [
          10.4013967,
          63.4307156
        ],
        "type": "Point"
      },
      "properties": {
        "category": "playground",
        "description": "",
        "has_changing_area": false,
        "has_child_seats": false,
        "has_nursing_area": false,
        "has_playground": true,
        "id": "36FA83FC-5E6C-4A5A-9755-E82913ABCB2F",
        "is_wheelchair_accessible": false,
        "name": "Mummyhuset",
        "notes": "",
        "verified": false
      }
    },
    {
      "type": "Feature",
      "geometry": {
        "coordinates": [
          10.714107,
          59.946934
        ],
        "type": "Point"
      },
      "properties": {
        "category": "cafe",
        "description": "",
        "has_changing_area": false,
        "has_child_seats": false,
        "has_nursing_area": false,
        "has_playground": false,
        "id": "52C3AFB8-0617-43F2-9683-5EC1EB5EE16F",
        "is_wheelchair_accessible": false,
        "name": "Preklinisk kafe",
        "notes": "",
        "verified": false
      }
    },
    {
      "type": "Feature",
      "geometry": {
        "coordinates": [
          5.349845,
          60.369787
        ],
        "type": "Point"
      },
      "properties": {
        "category": "cafe",
        "description": "",
        "has_changing_area": false,
        "has_child_seats": false,
        "has_nursing_area": false,
        "has_playground": false,
        "id": "C92ABBAD-9951-4CCA-AFAE-E6316C16B4FA",
        "is_wheelchair_accessible": false,
        "name": "Kronstad Sidesporet Kaffebar",
        "notes": "",
        "verified": false
      }
    },
    {
      "type": "Feature",
      "geometry": {
        "coordinates": [
          10.718595,
          59.91935
        ],
        "type": "Point"
      },
      "properties": {
        "category": "cafe",
        "description": "",
        "has_changing_area": false,
        "has_child_seats": false,
        "has_nursing_area": false,
        "has_playground": false,
        "id": "9326143D-CA67-4A0D-BF55-C5DF6A4493BB",
        "is_wheelchair_accessible": false,
        "name": "Mocca kaffebar & brenneri AS",
        "notes": "",
        "verified": false
      }
    },
    {
      "type": "Feature",
      "geometry": {
        "coordinates": [
          10.7340202,
          59.9139731
        ],
        "type": "Point"
      },
      "properties": {
        "category": "cafe",
        "description": "",
        "has_changing_area": false,
        "has_child_seats": false,
        "has_nursing_area": false,
        "has_playground": false,
        "id": "C30EE806-C900-41CC-996F-8286F7652A03",
        "is_wheelchair_accessible": true,
        "name": "Theatercaféen",
        "notes": "",
        "verified": false
      }
    },
    {
      "type": "Feature",
      "geometry": {
        "coordinates": [
          10.3946786,
          63.4320741
        ],
        "type": "Point"
      },
      "properties": {
        "category": "cafe",
        "description": "",
        "has_changing_area": false,
        "has_child_seats": true,
        "has_nursing_area": false,
        "has_playground": false,
        "id": "FD62335D-101C-4932-98F5-C65D4FC3FC70",
        "is_wheelchair_accessible": true,
        "name": "Godt brød",
        "notes": "",
        "verified": false
      }
    },
    {
      "type": "Feature",
      "geometry": {
        "coordinates": [
          7.1632133,
          62.7368193
        ],
        "type": "Point"
      },
      "properties": {
        "category": "other",
        "description": "",
        "has_changing_area": true,
        "has_child_seats": false,
        "has_nursing_area": false,
        "has_playground": false,
        "id": "B96DA4FA-9995-46E5-BAA0-5CC2CE309793",
        "is_wheelchair_accessible": true,
        "name": "Public toilets (with changing table)",
        "notes": "",
        "verified": false
      }
    },
    {
      "type": "Feature",
      "geometry": {
        "coordinates": [
          7.1849632,
          62.7380265
        ],
        "type": "Point"
      },
      "properties": {
        "category": "other",
        "description": "",
        "has_changing_area": true,
        "has_child_seats": false,
        "has_nursing_area": false,
        "has_playground": false,
        "id": "2D96E1D4-9EAB-4433-9D29-2112F0FA696E",
        "is_wheelchair_accessible": true,
        "name": "Public toilets (with changing table)",
        "notes": "",
        "verified": false
      }
    },
    {
      "type": "Feature",
      "geometry": {
        "coordinates": [
          10.9959443,
          59.9602026
        ],
        "type": "Point"
      },
      "properties": {
        "category": "playground",
        "description": "",
        "has_changing_area": false,
        "has_child_seats": false,
        "has_nursing_area": false,
        "has_playground": true,
        "id": "B1B5B8F2-F5C2-4ED4-818E-0E56A527C792",
        "is_wheelchair_accessible": false,
        "name": "Lekeplass",
        "notes": "",
        "verified": false
      }
    },
    {
      "type": "Feature",
      "geometry": {
        "coordinates": [
          5.322169,
          60.387524
        ],
        "type": "Point"
      },
      "properties": {
        "category": "cafe",
        "description": "",
        "has_changing_area": false,
        "has_child_seats": true,
        "has_nursing_area": false,
        "has_playground": false,
        "id": "85E5EDFA-221D-4E40-AA0B-05864C225B3A",
        "is_wheelchair_accessible": true,
        "name": "Godt Brød Muséplassen",
        "notes": "",
        "verified": false
      }
    },
    {
      "type": "Feature",
      "geometry": {
        "coordinates": [
          10.3910677,
          63.4205086
        ],
        "type": "Point"
      },
      "properties": {
        "category": "cafe",
        "description": "",
        "has_changing_area": false,
        "has_child_seats": false,
        "has_nursing_area": false,
        "has_playground": false,
        "id": "7B2D2564-AC10-4D57-9251-551A41D8F5D9",
        "is_wheelchair_accessible": true,
        "name": "Kafé kvinne/barn",
        "notes": "",
        "verified": false
      }
    },
    {
      "type": "Feature",
      "geometry": {
        "coordinates": [
          10.7352945,
          59.9380956
        ],
        "type": "Point"
      },
      "properties": {
        "category": "cafe",
        "description": "",
        "has_changing_area": true,
        "has_child_seats": true,
        "has_nursing_area": false,
        "has_playground": false,
        "id": "65F1F705-AEBC-4791-95AF-F80F25F486F0",
        "is_wheelchair_accessible": true,
        "name": "Espresso House Ullevål",
        "notes": "",
        "verified": false
      }
    },
    {
      "type": "Feature",
      "geometry": {
        "coordinates": [
          5.324237,
          60.39736
        ],
        "type": "Point"
      },
      "properties": {
        "category": "cafe",
        "description": "",
        "has_changing_area": false,
        "has_child_seats": false,
        "has_nursing_area": false,
        "has_playground": false,
        "id": "805A1840-0B12-4B31-9895-7ADD8B34D007",
        "is_wheelchair_accessible": false,
        "name": "Kaf",
        "notes": "",
        "verified": false
      }
    },
    {
      "type": "Feature",
      "geometry": {
        "coordinates": [
          8.9056873,
          61.2492954
        ],
        "type": "Point"
      },
      "properties": {
        "category": "other",
        "description": "",
        "has_changing_area": true,
        "has_child_seats": false,
        "has_nursing_area": false,
        "has_playground": false,
        "id": "C69DC46E-2AD9-45A0-8618-A6FC9F2F98D8",
        "is_wheelchair_accessible": true,
        "name": "Public toilets (with changing table)",
        "notes": "",
        "verified": false
      }
    },
    {
      "type": "Feature",
      "geometry": {
        "coordinates": [
          7.7842919,
          58.5535801
        ],
        "type": "Point"
      },
      "properties": {
        "category": "other",
        "description": "",
        "has_changing_area": true,
        "has_child_seats": false,
        "has_nursing_area": false,
        "has_playground": false,
        "id": "04F3B4D7-2B41-4988-9E75-E15FD1F69B82",
        "is_wheelchair_accessible": true,
        "name": "Public toilets (with changing table)",
        "notes": "",
        "verified": false
      }
    },
    {
      "type": "Feature",
      "geometry": {
        "coordinates": [
          10.748314,
          59.912878
        ],
        "type": "Point"
      },
      "properties": {
        "category": "cafe",
        "description": "",
        "has_changing_area": false,
        "has_child_seats": false,
        "has_nursing_area": false,
        "has_playground": false,
        "id": "45F49B9A-13DD-497A-8E91-0A6309B8A01C",
        "is_wheelchair_accessible": false,
        "name": "Kaffebrenneriet",
        "notes": "",
        "verified": false
      }
    },
    {
      "type": "Feature",
      "geometry": {
        "coordinates": [
          10.770235,
          59.9058138
        ],
        "type": "Point"
      },
      "properties": {
        "category": "playground",
        "description": "",
        "has_changing_area": false,
        "has_child_seats": false,
        "has_nursing_area": false,
        "has_playground": true,
        "id": "01D99F76-093E-4B62-A802-4ACBE341257C",
        "is_wheelchair_accessible": false,
        "name": "Byen i skyen",
        "notes": "",
        "verified": false
      }
    },
    {
      "type": "Feature",
      "geometry": {
        "coordinates": [
          10.7475579,
          59.9137308
        ],
        "type": "Point"
      },
      "properties": {
        "category": "cafe",
        "description": "",
        "has_changing_area": false,
        "has_child_seats": false,
        "has_nursing_area": false,
        "has_playground": false,
        "id": "34BE502E-47BF-4C50-857C-79F8B2CFF5D8",
        "is_wheelchair_accessible": false,
        "name": "Atbay",
        "notes": "",
        "verified": false
      }
    },
    {
      "type": "Feature",
      "geometry": {
        "coordinates": [
          6.5865329,
          58.0999586
        ],
        "type": "Point"
      },
      "properties": {
        "category": "playground",
        "description": "",
        "has_changing_area": false,
        "has_child_seats": false,
        "has_nursing_area": false,
        "has_playground": true,
        "id": "18B9023F-ED51-41B4-A1FA-30BEB369433D",
        "is_wheelchair_accessible": false,
        "name": "Farsund bibliotek, avd. Borhaug",
        "notes": "",
        "verified": false
      }
    },
    {
      "type": "Feature",
      "geometry": {
        "coordinates": [
          5.3488309,
          60.3566598
        ],
        "type": "Point"
      },
      "properties": {
        "category": "playground",
        "description": "",
        "has_changing_area": false,
        "has_child_seats": false,
        "has_nursing_area": false,
        "has_playground": true,
        "id": "C53897AE-9F54-451A-B7A1-E1E7F6B8AC30",
        "is_wheelchair_accessible": false,
        "name": "Elvebakken lekeplass",
        "notes": "",
        "verified": false
      }
    },
    {
      "type": "Feature",
      "geometry": {
        "coordinates": [
          5.8718466,
          58.9192953
        ],
        "type": "Point"
      },
      "properties": {
        "category": "playground",
        "description": "",
        "has_changing_area": false,
        "has_child_seats": false,
        "has_nursing_area": false,
        "has_playground": true,
        "id": "606A331E-1A86-42D7-8E6F-86D5B2A96D94",
        "is_wheelchair_accessible": false,
        "name": "huske",
        "notes": "",
        "verified": false
      }
    },
    {
      "type": "Feature",
      "geometry": {
        "coordinates": [
          10.741093,
          59.913619
        ],
        "type": "Point"
      },
      "properties": {
        "category": "cafe",
        "description": "",
        "has_changing_area": false,
        "has_child_seats": false,
        "has_nursing_area": false,
        "has_playground": false,
        "id": "8F404FBA-C55E-41E9-B8E8-0FC568328EC4",
        "is_wheelchair_accessible": false,
        "name": "Stockfleth's",
        "notes": "",
        "verified": false
      }
    },
    {
      "type": "Feature",
      "geometry": {
        "coordinates": [
          10.2423956,
          63.4023543
        ],
        "type": "Point"
      },
      "properties": {
        "category": "other",
        "description": "",
        "has_changing_area": true,
        "has_child_seats": false,
        "has_nursing_area": false,
        "has_playground": false,
        "id": "76F7B9E5-678C-4E44-B6FD-DF9C1D9C26EA",
        "is_wheelchair_accessible": true,
        "name": "Public toilets (with changing table)",
        "notes": "",
        "verified": false
      }
    },
    {
      "type": "Feature",
      "geometry": {
        "coordinates": [
          10.7586736,
          59.924633
        ],
        "type": "Point"
      },
      "properties": {
        "category": "cafe",
        "description": "",
        "has_changing_area": false,
        "has_child_seats": false,
        "has_nursing_area": false,
        "has_playground": false,
        "id": "A611AEC2-BAE0-4F12-BC59-25D2B5005BB1",
        "is_wheelchair_accessible": false,
        "name": "Troys",
        "notes": "",
        "verified": false
      }
    },
    {
      "type": "Feature",
      "geometry": {
        "coordinates": [
          5.4747,
          60.416878
        ],
        "type": "Point"
      },
      "properties": {
        "category": "playground",
        "description": "",
        "has_changing_area": false,
        "has_child_seats": false,
        "has_nursing_area": false,
        "has_playground": true,
        "id": "73F059C2-D3CC-4E1E-9BA8-9EB2EB23A657",
        "is_wheelchair_accessible": false,
        "name": "Stølsvegen lekeplass",
        "notes": "",
        "verified": false
      }
    },
    {
      "type": "Feature",
      "geometry": {
        "coordinates": [
          10.740537,
          59.918191
        ],
        "type": "Point"
      },
      "properties": {
        "category": "cafe",
        "description": "",
        "has_changing_area": false,
        "has_child_seats": false,
        "has_nursing_area": false,
        "has_playground": false,
        "id": "374E9E58-26E0-496F-92E3-14D8031234E6",
        "is_wheelchair_accessible": false,
        "name": "Tekehtopa",
        "notes": "",
        "verified": false
      }
    },
    {
      "type": "Feature",
      "geometry": {
        "coordinates": [
          10.7325821,
          59.9144786
        ],
        "type": "Point"
      },
      "properties": {
        "category": "cafe",
        "description": "",
        "has_changing_area": false,
        "has_child_seats": false,
        "has_nursing_area": false,
        "has_playground": false,
        "id": "591E67EC-E136-4A4D-9B85-F1056001AB6C",
        "is_wheelchair_accessible": false,
        "name": "Elling bokkafé",
        "notes": "",
        "verified": false
      }
    },
    {
      "type": "Feature",
      "geometry": {
        "coordinates": [
          18.955865,
          69.647965
        ],
        "type": "Point"
      },
      "properties": {
        "category": "cafe",
        "description": "",
        "has_changing_area": false,
        "has_child_seats": false,
        "has_nursing_area": false,
        "has_playground": false,
        "id": "D113540C-053D-4279-9F38-FE2E3AC3B6C9",
        "is_wheelchair_accessible": false,
        "name": "Risø mat & kaffebar",
        "notes": "",
        "verified": false
      }
    },
    {
      "type": "Feature",
      "geometry": {
        "coordinates": [
          10.396792,
          63.4321067
        ],
        "type": "Point"
      },
      "properties": {
        "category": "cafe",
        "description": "",
        "has_changing_area": false,
        "has_child_seats": false,
        "has_nursing_area": false,
        "has_playground": false,
        "id": "57A8C5E8-F83F-4E25-9A41-F36A54F48A54",
        "is_wheelchair_accessible": false,
        "name": "Café Bagatell",
        "notes": "",
        "verified": false
      }
    },
    {
      "type": "Feature",
      "geometry": {
        "coordinates": [
          10.9169057,
          63.4545093
        ],
        "type": "Point"
      },
      "properties": {
        "category": "other",
        "description": "",
        "has_changing_area": true,
        "has_child_seats": false,
        "has_nursing_area": false,
        "has_playground": false,
        "id": "F444230C-7A85-45A1-9D15-714C776F8021",
        "is_wheelchair_accessible": true,
        "name": "Public toilets (with changing table)",
        "notes": "",
        "verified": false
      }
    },
    {
      "type": "Feature",
      "geometry": {
        "coordinates": [
          10.3928918,
          63.433557
        ],
        "type": "Point"
      },
      "properties": {
        "category": "cafe",
        "description": "",
        "has_changing_area": false,
        "has_child_seats": false,
        "has_nursing_area": false,
        "has_playground": false,
        "id": "B37E840A-71B9-4D07-8C1E-7DCD27AF83EE",
        "is_wheelchair_accessible": false,
        "name": "Vi fire",
        "notes": "",
        "verified": false
      }
    },
    {
      "type": "Feature",
      "geometry": {
        "coordinates": [
          10.714929,
          59.916853
        ],
        "type": "Point"
      },
      "properties": {
        "category": "cafe",
        "description": "",
        "has_changing_area": false,
        "has_child_seats": false,
        "has_nursing_area": false,
        "has_playground": false,
        "id": "6BFA7213-212E-4923-AC6A-DFAE0E5698EF",
        "is_wheelchair_accessible": true,
        "name": "El Camino",
        "notes": "",
        "verified": false
      }
    },
    {
      "type": "Feature",
      "geometry": {
        "coordinates": [
          10.7725265,
          59.919124
        ],
        "type": "Point"
      },
      "properties": {
        "category": "playground",
        "description": "",
        "has_changing_area": false,
        "has_child_seats": false,
        "has_nursing_area": false,
        "has_playground": true,
        "id": "4A5C983A-90B8-484C-AABA-5D9003636F08",
        "is_wheelchair_accessible": false,
        "name": "Pilehagen",
        "notes": "",
        "verified": false
      }
    },
    {
      "type": "Feature",
      "geometry": {
        "coordinates": [
          10.739891,
          59.923332
        ],
        "type": "Point"
      },
      "properties": {
        "category": "cafe",
        "description": "",
        "has_changing_area": false,
        "has_child_seats": false,
        "has_nursing_area": false,
        "has_playground": false,
        "id": "C9FB061E-4094-4092-8CE1-DEB149207111",
        "is_wheelchair_accessible": false,
        "name": "Kaffebrenneriet",
        "notes": "",
        "verified": false
      }
    },
    {
      "type": "Feature",
      "geometry": {
        "coordinates": [
          5.3232342,
          59.9202566
        ],
        "type": "Point"
      },
      "properties": {
        "category": "playground",
        "description": "",
        "has_changing_area": false,
        "has_child_seats": false,
        "has_nursing_area": false,
        "has_playground": true,
        "id": "B0931667-7792-4583-9EC8-9785B8A2B6A3",
        "is_wheelchair_accessible": false,
        "name": "Fitjar folkebibliotek",
        "notes": "",
        "verified": false
      }
    },
    {
      "type": "Feature",
      "geometry": {
        "coordinates": [
          10.741426,
          59.911713
        ],
        "type": "Point"
      },
      "properties": {
        "category": "cafe",
        "description": "",
        "has_changing_area": false,
        "has_child_seats": false,
        "has_nursing_area": false,
        "has_playground": false,
        "id": "C088D3C5-1393-4130-A621-CF6D8A5744AA",
        "is_wheelchair_accessible": false,
        "name": "Dolcevita",
        "notes": "",
        "verified": false
      }
    },
    {
      "type": "Feature",
      "geometry": {
        "coordinates": [
          10.7768199,
          59.9265725
        ],
        "type": "Point"
      },
      "properties": {
        "category": "cafe",
        "description": "",
        "has_changing_area": false,
        "has_child_seats": false,
        "has_nursing_area": false,
        "has_playground": false,
        "id": "F2EA49D5-5246-4F39-A7B7-895B648593CE",
        "is_wheelchair_accessible": false,
        "name": "Kaffebrenneriet",
        "notes": "",
        "verified": false
      }
    },
    {
      "type": "Feature",
      "geometry": {
        "coordinates": [
          6.2541309,
          59.4918377
        ],
        "type": "Point"
      },
      "properties": {
        "category": "playground",
        "description": "",
        "has_changing_area": false,
        "has_child_seats": false,
        "has_nursing_area": false,
        "has_playground": true,
        "id": "B645BA51-9883-4A26-93B3-A41E300FA7FA",
        "is_wheelchair_accessible": false,
        "name": "Ryfylkebiblioteket Suldal, Sand skule",
        "notes": "",
        "verified": false
      }
    },
    {
      "type": "Feature",
      "geometry": {
        "coordinates": [
          10.8806198,
          59.8509496
        ],
        "type": "Point"
      },
      "properties": {
        "category": "cafe",
        "description": "",
        "has_changing_area": false,
        "has_child_seats": false,
        "has_nursing_area": false,
        "has_playground": false,
        "id": "F3A8FA90-CC70-4EAA-88F8-4A9CE03C5642",
        "is_wheelchair_accessible": false,
        "name": "Østmarkskapellet",
        "notes": "",
        "verified": false
      }
    },
    {
      "type": "Feature",
      "geometry": {
        "coordinates": [
          10.9832933,
          59.8905452
        ],
        "type": "Point"
      },
      "properties": {
        "category": "cafe",
        "description": "",
        "has_changing_area": false,
        "has_child_seats": false,
        "has_nursing_area": false,
        "has_playground": false,
        "id": "79F2FEF0-B76A-4900-A316-032E69A61711",
        "is_wheelchair_accessible": false,
        "name": "Losby gårdskafé",
        "notes": "",
        "verified": false
      }
    },
    {
      "type": "Feature",
      "geometry": {
        "coordinates": [
          10.4568479,
          63.4356147
        ],
        "type": "Point"
      },
      "properties": {
        "category": "cafe",
        "description": "",
        "has_changing_area": false,
        "has_child_seats": false,
        "has_nursing_area": false,
        "has_playground": false,
        "id": "5E62BB1B-2DC5-4345-A398-97E4B014DFE2",
        "is_wheelchair_accessible": false,
        "name": "Rosenborg Bakeri",
        "notes": "",
        "verified": false
      }
    },
    {
      "type": "Feature",
      "geometry": {
        "coordinates": [
          5.501815,
          59.7779793
        ],
        "type": "Point"
      },
      "properties": {
        "category": "playground",
        "description": "",
        "has_changing_area": false,
        "has_child_seats": false,
        "has_nursing_area": false,
        "has_playground": true,
        "id": "DD9A1DB8-3006-420D-937B-4AFCA08D12A2",
        "is_wheelchair_accessible": false,
        "name": "! Havna Lekeplass",
        "notes": "",
        "verified": false
      }
    },
    {
      "type": "Feature",
      "geometry": {
        "coordinates": [
          5.332178,
          60.38992
        ],
        "type": "Point"
      },
      "properties": {
        "category": "cafe",
        "description": "",
        "has_changing_area": false,
        "has_child_seats": false,
        "has_nursing_area": false,
        "has_playground": false,
        "id": "750AFF68-9EF6-4FD3-9771-0491BA1987C2",
        "is_wheelchair_accessible": true,
        "name": "Amalies Hage",
        "notes": "",
        "verified": false
      }
    },
    {
      "type": "Feature",
      "geometry": {
        "coordinates": [
          10.687221,
          59.929179
        ],
        "type": "Point"
      },
      "properties": {
        "category": "cafe",
        "description": "",
        "has_changing_area": false,
        "has_child_seats": false,
        "has_nursing_area": false,
        "has_playground": false,
        "id": "7266D8EA-4C2B-4426-9C97-B2A255E868E3",
        "is_wheelchair_accessible": false,
        "name": "Kaffebønnen",
        "notes": "",
        "verified": false
      }
    },
    {
      "type": "Feature",
      "geometry": {
        "coordinates": [
          5.410273,
          60.481045
        ],
        "type": "Point"
      },
      "properties": {
        "category": "playground",
        "description": "",
        "has_changing_area": false,
        "has_child_seats": false,
        "has_nursing_area": false,
        "has_playground": true,
        "id": "6071A7BA-2B88-4F96-ADE3-1A12D82F90EC",
        "is_wheelchair_accessible": false,
        "name": "Breisteinvegen sør lekeplass",
        "notes": "",
        "verified": false
      }
    },
    {
      "type": "Feature",
      "geometry": {
        "coordinates": [
          5.224379,
          60.40748
        ],
        "type": "Point"
      },
      "properties": {
        "category": "cafe",
        "description": "",
        "has_changing_area": false,
        "has_child_seats": false,
        "has_nursing_area": false,
        "has_playground": false,
        "id": "EA4D076A-2B4B-48C6-9F7E-BB368F8033A5",
        "is_wheelchair_accessible": false,
        "name": "Café Fru Luna",
        "notes": "",
        "verified": false
      }
    },
    {
      "type": "Feature",
      "geometry": {
        "coordinates": [
          10.3337553,
          63.4212183
        ],
        "type": "Point"
      },
      "properties": {
        "category": "cafe",
        "description": "",
        "has_changing_area": false,
        "has_child_seats": false,
        "has_nursing_area": false,
        "has_playground": false,
        "id": "B8CC71CF-74AA-4A1C-8553-96BBA427C150",
        "is_wheelchair_accessible": false,
        "name": "Sommerseter Kafe",
        "notes": "",
        "verified": false
      }
    },
    {
      "type": "Feature",
      "geometry": {
        "coordinates": [
          10.4350921,
          59.8342747
        ],
        "type": "Point"
      },
      "properties": {
        "category": "cafe",
        "description": "",
        "has_changing_area": true,
        "has_child_seats": true,
        "has_nursing_area": false,
        "has_playground": false,
        "id": "6AF61989-C260-45B7-B0EA-54A40E0F42C4",
        "is_wheelchair_accessible": true,
        "name": "Espresso House Asker stasjon",
        "notes": "",
        "verified": false
      }
    },
    {
      "type": "Feature",
      "geometry": {
        "coordinates": [
          10.6632795,
          60.0177006
        ],
        "type": "Point"
      },
      "properties": {
        "category": "cafe",
        "description": "",
        "has_changing_area": false,
        "has_child_seats": false,
        "has_nursing_area": false,
        "has_playground": false,
        "id": "E36716B6-1A21-4ECC-8096-48F838B1BB0A",
        "is_wheelchair_accessible": false,
        "name": "Nordmarkskapellet",
        "notes": "",
        "verified": false
      }
    },
    {
      "type": "Feature",
      "geometry": {
        "coordinates": [
          7.2100086,
          62.7550392
        ],
        "type": "Point"
      },
      "properties": {
        "category": "playground",
        "description": "",
        "has_changing_area": false,
        "has_child_seats": false,
        "has_nursing_area": false,
        "has_playground": true,
        "id": "AFFE02A2-51B2-445E-9B74-2DCA265A298A",
        "is_wheelchair_accessible": false,
        "name": "Røyskattsvingen/Ekornbakken lekeplass",
        "notes": "",
        "verified": false
      }
    },
    {
      "type": "Feature",
      "geometry": {
        "coordinates": [
          5.7490129,
          58.8516294
        ],
        "type": "Point"
      },
      "properties": {
        "category": "cafe",
        "description": "",
        "has_changing_area": false,
        "has_child_seats": false,
        "has_nursing_area": false,
        "has_playground": false,
        "id": "C65DBFAE-FBAD-4CE6-8DB6-179FFB44E362",
        "is_wheelchair_accessible": false,
        "name": "Panda House Sandnes",
        "notes": "",
        "verified": false
      }
    },
    {
      "type": "Feature",
      "geometry": {
        "coordinates": [
          10.7852298,
          59.8814587
        ],
        "type": "Point"
      },
      "properties": {
        "category": "cafe",
        "description": "",
        "has_changing_area": false,
        "has_child_seats": false,
        "has_nursing_area": false,
        "has_playground": false,
        "id": "315AF1B9-0F5C-4D7C-A056-AC93A0CD3F50",
        "is_wheelchair_accessible": false,
        "name": "Kaffebrenneriet",
        "notes": "",
        "verified": false
      }
    },
    {
      "type": "Feature",
      "geometry": {
        "coordinates": [
          10.7280955,
          59.9104801
        ],
        "type": "Point"
      },
      "properties": {
        "category": "cafe",
        "description": "",
        "has_changing_area": false,
        "has_child_seats": false,
        "has_nursing_area": false,
        "has_playground": false,
        "id": "9B9FADFB-2907-4802-9558-A4AF23AA383F",
        "is_wheelchair_accessible": false,
        "name": "LETT",
        "notes": "",
        "verified": false
      }
    },
    {
      "type": "Feature",
      "geometry": {
        "coordinates": [
          10.1574706,
          59.7434721
        ],
        "type": "Point"
      },
      "properties": {
        "category": "other",
        "description": "",
        "has_changing_area": true,
        "has_child_seats": false,
        "has_nursing_area": false,
        "has_playground": false,
        "id": "AE37E470-6442-434F-A0DD-B38639EB2AF5",
        "is_wheelchair_accessible": true,
        "name": "Public toilets (with changing table)",
        "notes": "",
        "verified": false
      }
    },
    {
      "type": "Feature",
      "geometry": {
        "coordinates": [
          7.9959992,
          58.0786599
        ],
        "type": "Point"
      },
      "properties": {
        "category": "playground",
        "description": "",
        "has_changing_area": false,
        "has_child_seats": false,
        "has_nursing_area": false,
        "has_playground": true,
        "id": "620D9ED8-645A-4599-813B-B60F4B134196",
        "is_wheelchair_accessible": false,
        "name": "Kristiansand folkebibliotek, Flekkerøy bibliotek",
        "notes": "",
        "verified": false
      }
    },
    {
      "type": "Feature",
      "geometry": {
        "coordinates": [
          7.3656889,
          58.0562028
        ],
        "type": "Point"
      },
      "properties": {
        "category": "shopping",
        "description": "",
        "has_changing_area": false,
        "has_child_seats": false,
        "has_nursing_area": false,
        "has_playground": false,
        "id": "59E2E404-7FC9-4CE1-8258-E163AC6A1B7B",
        "is_wheelchair_accessible": true,
        "name": "Kjerringodden",
        "notes": "",
        "verified": false
      }
    },
    {
      "type": "Feature",
      "geometry": {
        "coordinates": [
          8.0096525,
          58.1310272
        ],
        "type": "Point"
      },
      "properties": {
        "category": "cafe",
        "description": "",
        "has_changing_area": false,
        "has_child_seats": false,
        "has_nursing_area": false,
        "has_playground": false,
        "id": "11724BC7-525B-45A4-8C21-7E80FB58128D",
        "is_wheelchair_accessible": false,
        "name": "Kafeen på Søndre Batteri",
        "notes": "",
        "verified": false
      }
    },
    {
      "type": "Feature",
      "geometry": {
        "coordinates": [
          11.0444498,
          59.9556443
        ],
        "type": "Point"
      },
      "properties": {
        "category": "cafe",
        "description": "",
        "has_changing_area": false,
        "has_child_seats": false,
        "has_nursing_area": false,
        "has_playground": false,
        "id": "4099A447-3FD7-49DC-A942-F4E8B7F7EF52",
        "is_wheelchair_accessible": false,
        "name": "Raslani",
        "notes": "",
        "verified": false
      }
    },
    {
      "type": "Feature",
      "geometry": {
        "coordinates": [
          10.7142186,
          59.8710772
        ],
        "type": "Point"
      },
      "properties": {
        "category": "other",
        "description": "",
        "has_changing_area": true,
        "has_child_seats": false,
        "has_nursing_area": false,
        "has_playground": false,
        "id": "18ABEECA-CBB3-4B3C-819D-973EAF08E157",
        "is_wheelchair_accessible": false,
        "name": "Public toilets (with changing table)",
        "notes": "",
        "verified": false
      }
    },
    {
      "type": "Feature",
      "geometry": {
        "coordinates": [
          10.916501,
          59.936394
        ],
        "type": "Point"
      },
      "properties": {
        "category": "cafe",
        "description": "",
        "has_changing_area": false,
        "has_child_seats": false,
        "has_nursing_area": false,
        "has_playground": false,
        "id": "633CD838-E81A-4EF9-8EE4-8D181A0AC5DF",
        "is_wheelchair_accessible": false,
        "name": "Marianne's Café",
        "notes": "",
        "verified": false
      }
    },
    {
      "type": "Feature",
      "geometry": {
        "coordinates": [
          10.1871359,
          59.7352706
        ],
        "type": "Point"
      },
      "properties": {
        "category": "playground",
        "description": "",
        "has_changing_area": false,
        "has_child_seats": false,
        "has_nursing_area": false,
        "has_playground": true,
        "id": "C55E794C-CD3A-46EB-BB5F-3605E4E2C085",
        "is_wheelchair_accessible": false,
        "name": "4. Strøm terrasse lekeplass",
        "notes": "",
        "verified": false
      }
    },
    {
      "type": "Feature",
      "geometry": {
        "coordinates": [
          14.4832407,
          67.2778885
        ],
        "type": "Point"
      },
      "properties": {
        "category": "playground",
        "description": "",
        "has_changing_area": false,
        "has_child_seats": false,
        "has_nursing_area": false,
        "has_playground": true,
        "id": "9D0125E1-2745-499B-B3A4-A3DC0BF5C7DB",
        "is_wheelchair_accessible": false,
        "name": "Parallellen lekeplass",
        "notes": "",
        "verified": false
      }
    },
    {
      "type": "Feature",
      "geometry": {
        "coordinates": [
          5.3249077,
          60.3928073
        ],
        "type": "Point"
      },
      "properties": {
        "category": "cafe",
        "description": "",
        "has_changing_area": false,
        "has_child_seats": false,
        "has_nursing_area": false,
        "has_playground": false,
        "id": "9A35FD4E-3A15-47F1-9230-DA13D295EA58",
        "is_wheelchair_accessible": false,
        "name": "Byhyggen",
        "notes": "",
        "verified": false
      }
    },
    {
      "type": "Feature",
      "geometry": {
        "coordinates": [
          5.8721326,
          58.918627
        ],
        "type": "Point"
      },
      "properties": {
        "category": "playground",
        "description": "",
        "has_changing_area": false,
        "has_child_seats": false,
        "has_nursing_area": false,
        "has_playground": true,
        "id": "383E9B11-0E9A-48E1-847E-0B38FE261F57",
        "is_wheelchair_accessible": false,
        "name": "Snurrebassen",
        "notes": "",
        "verified": false
      }
    },
    {
      "type": "Feature",
      "geometry": {
        "coordinates": [
          10.773665,
          59.939458
        ],
        "type": "Point"
      },
      "properties": {
        "category": "cafe",
        "description": "",
        "has_changing_area": false,
        "has_child_seats": false,
        "has_nursing_area": false,
        "has_playground": false,
        "id": "0C486ACE-CC1B-4281-B372-E3CB2775BB09",
        "is_wheelchair_accessible": false,
        "name": "Åpent Bakeri",
        "notes": "",
        "verified": false
      }
    },
    {
      "type": "Feature",
      "geometry": {
        "coordinates": [
          5.739883,
          58.853336
        ],
        "type": "Point"
      },
      "properties": {
        "category": "cafe",
        "description": "",
        "has_changing_area": false,
        "has_child_seats": false,
        "has_nursing_area": false,
        "has_playground": false,
        "id": "15280E96-339F-462C-8DCB-AC7DFB2F6C53",
        "is_wheelchair_accessible": false,
        "name": "Yummy Time Sandnes",
        "notes": "",
        "verified": false
      }
    },
    {
      "type": "Feature",
      "geometry": {
        "coordinates": [
          8.1433161,
          58.1863847
        ],
        "type": "Point"
      },
      "properties": {
        "category": "cafe",
        "description": "",
        "has_changing_area": false,
        "has_child_seats": false,
        "has_nursing_area": false,
        "has_playground": false,
        "id": "DF39696A-8A3B-46AA-B951-77E1AEDC378D",
        "is_wheelchair_accessible": false,
        "name": "Ishuset",
        "notes": "",
        "verified": false
      }
    },
    {
      "type": "Feature",
      "geometry": {
        "coordinates": [
          18.956618,
          69.6469654
        ],
        "type": "Point"
      },
      "properties": {
        "category": "cafe",
        "description": "",
        "has_changing_area": false,
        "has_child_seats": false,
        "has_nursing_area": false,
        "has_playground": false,
        "id": "AB7D8B9F-E9AD-45AF-9AC1-6B4A1852758B",
        "is_wheelchair_accessible": false,
        "name": "Skarven Kro",
        "notes": "",
        "verified": false
      }
    },
    {
      "type": "Feature",
      "geometry": {
        "coordinates": [
          16.1337763,
          69.3265171
        ],
        "type": "Point"
      },
      "properties": {
        "category": "other",
        "description": "",
        "has_changing_area": true,
        "has_child_seats": false,
        "has_nursing_area": false,
        "has_playground": false,
        "id": "287A7B73-0D3E-415F-91A3-5999F03D733C",
        "is_wheelchair_accessible": false,
        "name": "Public toilets (with changing table)",
        "notes": "",
        "verified": false
      }
    },
    {
      "type": "Feature",
      "geometry": {
        "coordinates": [
          5.325707,
          60.3825993
        ],
        "type": "Point"
      },
      "properties": {
        "category": "cafe",
        "description": "",
        "has_changing_area": false,
        "has_child_seats": false,
        "has_nursing_area": false,
        "has_playground": false,
        "id": "60D42018-9CDA-4983-AA11-6204F490ED4B",
        "is_wheelchair_accessible": false,
        "name": "Cornerbaren",
        "notes": "",
        "verified": false
      }
    },
    {
      "type": "Feature",
      "geometry": {
        "coordinates": [
          7.1700131,
          61.9186465
        ],
        "type": "Point"
      },
      "properties": {
        "category": "other",
        "description": "",
        "has_changing_area": true,
        "has_child_seats": false,
        "has_nursing_area": false,
        "has_playground": false,
        "id": "1B6995D0-ACB1-4CBA-AE23-85692858C80C",
        "is_wheelchair_accessible": false,
        "name": "Public toilets (with changing table)",
        "notes": "",
        "verified": false
      }
    },
    {
      "type": "Feature",
      "geometry": {
        "coordinates": [
          10.73803,
          59.91431
        ],
        "type": "Point"
      },
      "properties": {
        "category": "cafe",
        "description": "",
        "has_changing_area": false,
        "has_child_seats": false,
        "has_nursing_area": false,
        "has_playground": false,
        "id": "2926A065-30C4-42AA-8F95-1406857D13A5",
        "is_wheelchair_accessible": false,
        "name": "Åpent Bakeri Paleet",
        "notes": "",
        "verified": false
      }
    },
    {
      "type": "Feature",
      "geometry": {
        "coordinates": [
          10.7746517,
          59.9144529
        ],
        "type": "Point"
      },
      "properties": {
        "category": "playground",
        "description": "",
        "has_changing_area": false,
        "has_child_seats": false,
        "has_nursing_area": false,
        "has_playground": true,
        "id": "1397CF8A-602D-4433-B5FD-7D507799189C",
        "is_wheelchair_accessible": false,
        "name": "Deichman Biblo Tøyen Ungdomsbibliotek",
        "notes": "",
        "verified": false
      }
    },
    {
      "type": "Feature",
      "geometry": {
        "coordinates": [
          5.7909583,
          58.8619063
        ],
        "type": "Point"
      },
      "properties": {
        "category": "playground",
        "description": "",
        "has_changing_area": false,
        "has_child_seats": false,
        "has_nursing_area": false,
        "has_playground": true,
        "id": "DEB8DFCB-2ABF-45F9-9048-5C2C8480D095",
        "is_wheelchair_accessible": false,
        "name": "BMX-bane og lekeplass",
        "notes": "",
        "verified": false
      }
    },
    {
      "type": "Feature",
      "geometry": {
        "coordinates": [
          10.4520984,
          63.4006045
        ],
        "type": "Point"
      },
      "properties": {
        "category": "playground",
        "description": "",
        "has_changing_area": false,
        "has_child_seats": false,
        "has_nursing_area": false,
        "has_playground": true,
        "id": "77C62BD2-3D55-4846-97E1-8E7164A2D45B",
        "is_wheelchair_accessible": false,
        "name": "Steinåsen",
        "notes": "",
        "verified": false
      }
    },
    {
      "type": "Feature",
      "geometry": {
        "coordinates": [
          5.3339822,
          60.3902954
        ],
        "type": "Point"
      },
      "properties": {
        "category": "cafe",
        "description": "",
        "has_changing_area": false,
        "has_child_seats": false,
        "has_nursing_area": false,
        "has_playground": false,
        "id": "25AA1CD6-4EB7-4DFA-B65F-D47833887845",
        "is_wheelchair_accessible": false,
        "name": "BRGN",
        "notes": "",
        "verified": false
      }
    },
    {
      "type": "Feature",
      "geometry": {
        "coordinates": [
          9.9701973,
          59.0036278
        ],
        "type": "Point"
      },
      "properties": {
        "category": "playground",
        "description": "",
        "has_changing_area": false,
        "has_child_seats": false,
        "has_nursing_area": false,
        "has_playground": true,
        "id": "24259615-A3DA-4609-BC5E-69A8ECBAC82F",
        "is_wheelchair_accessible": false,
        "name": "Balanseløype",
        "notes": "",
        "verified": false
      }
    },
    {
      "type": "Feature",
      "geometry": {
        "coordinates": [
          9.070113,
          58.819134
        ],
        "type": "Point"
      },
      "properties": {
        "category": "playground",
        "description": "",
        "has_changing_area": false,
        "has_child_seats": false,
        "has_nursing_area": false,
        "has_playground": true,
        "id": "74A4C499-78CF-4494-AE21-297BCE497C9E",
        "is_wheelchair_accessible": false,
        "name": "Jungelløypa",
        "notes": "",
        "verified": false
      }
    },
    {
      "type": "Feature",
      "geometry": {
        "coordinates": [
          10.7998085,
          59.8613103
        ],
        "type": "Point"
      },
      "properties": {
        "category": "shopping",
        "description": "",
        "has_changing_area": false,
        "has_child_seats": false,
        "has_nursing_area": false,
        "has_playground": false,
        "id": "F2F77F36-15B2-48B3-8BA0-E5D977EEBB8F",
        "is_wheelchair_accessible": false,
        "name": "Twice",
        "notes": "",
        "verified": false
      }
    },
    {
      "type": "Feature",
      "geometry": {
        "coordinates": [
          5.3672708,
          60.3712229
        ],
        "type": "Point"
      },
      "properties": {
        "category": "playground",
        "description": "",
        "has_changing_area": false,
        "has_child_seats": false,
        "has_nursing_area": false,
        "has_playground": true,
        "id": "7C5957FC-56B4-49F1-9A98-811FD5C07152",
        "is_wheelchair_accessible": false,
        "name": "Lægdesvingen vest lekeplass",
        "notes": "",
        "verified": false
      }
    },
    {
      "type": "Feature",
      "geometry": {
        "coordinates": [
          10.7319555,
          59.9129553
        ],
        "type": "Point"
      },
      "properties": {
        "category": "shopping",
        "description": "",
        "has_changing_area": false,
        "has_child_seats": false,
        "has_nursing_area": false,
        "has_playground": true,
        "id": "476A4DE3-5AD8-4CF5-B44D-6F361ED76E95",
        "is_wheelchair_accessible": true,
        "name": "Sprell",
        "notes": "",
        "verified": false
      }
    },
    {
      "type": "Feature",
      "geometry": {
        "coordinates": [
          5.3299121,
          60.2970258
        ],
        "type": "Point"
      },
      "properties": {
        "category": "other",
        "description": "",
        "has_changing_area": true,
        "has_child_seats": false,
        "has_nursing_area": false,
        "has_playground": false,
        "id": "685EA40D-C391-47C8-831C-DBE0D3211FB2",
        "is_wheelchair_accessible": true,
        "name": "Lagunen Storsenter",
        "notes": "",
        "verified": false
      }
    },
    {
      "type": "Feature",
      "geometry": {
        "coordinates": [
          5.320896,
          59.3793402
        ],
        "type": "Point"
      },
      "properties": {
        "category": "playground",
        "description": "",
        "has_changing_area": false,
        "has_child_seats": false,
        "has_nursing_area": false,
        "has_playground": true,
        "id": "8658CD8B-3CA2-4C0A-8A22-278299DA15B5",
        "is_wheelchair_accessible": false,
        "name": "Karmøy folkebibliotek, Norheim filial",
        "notes": "",
        "verified": false
      }
    },
    {
      "type": "Feature",
      "geometry": {
        "coordinates": [
          5.3330194,
          60.3895402
        ],
        "type": "Point"
      },
      "properties": {
        "category": "other",
        "description": "",
        "has_changing_area": true,
        "has_child_seats": false,
        "has_nursing_area": false,
        "has_playground": false,
        "id": "4C22D8A5-2D05-47C6-A1D9-1379DCAE5714",
        "is_wheelchair_accessible": true,
        "name": "Public toilets (with changing table)",
        "notes": "",
        "verified": false
      }
    },
    {
      "type": "Feature",
      "geometry": {
        "coordinates": [
          10.2648275,
          59.715439
        ],
        "type": "Point"
      },
      "properties": {
        "category": "playground",
        "description": "",
        "has_changing_area": false,
        "has_child_seats": false,
        "has_nursing_area": false,
        "has_playground": true,
        "id": "966E441B-32F2-4EA7-8CC1-C7DB5C5F4FC9",
        "is_wheelchair_accessible": false,
        "name": "Klipperen lekeplass",
        "notes": "",
        "verified": false
      }
    },
    {
      "type": "Feature",
      "geometry": {
        "coordinates": [
          5.3466876,
          60.3717191
        ],
        "type": "Point"
      },
      "properties": {
        "category": "cafe",
        "description": "",
        "has_changing_area": false,
        "has_child_seats": false,
        "has_nursing_area": false,
        "has_playground": false,
        "id": "56D2121D-C110-4AC7-A514-9304634DBC78",
        "is_wheelchair_accessible": true,
        "name": "Greek gyros house",
        "notes": "",
        "verified": false
      }
    },
    {
      "type": "Feature",
      "geometry": {
        "coordinates": [
          5.2116563,
          60.335781
        ],
        "type": "Point"
      },
      "properties": {
        "category": "playground",
        "description": "",
        "has_changing_area": false,
        "has_child_seats": false,
        "has_nursing_area": false,
        "has_playground": true,
        "id": "A6A4CB14-28CA-446C-970E-30323F0CCE64",
        "is_wheelchair_accessible": false,
        "name": "Øvre Kongsbrekkene Lekeplass",
        "notes": "",
        "verified": false
      }
    },
    {
      "type": "Feature",
      "geometry": {
        "coordinates": [
          9.2016397,
          59.3019746
        ],
        "type": "Point"
      },
      "properties": {
        "category": "other",
        "description": "",
        "has_changing_area": true,
        "has_child_seats": false,
        "has_nursing_area": false,
        "has_playground": false,
        "id": "781205F9-B4C3-4102-86D2-EFDC7B96D587",
        "is_wheelchair_accessible": false,
        "name": "Public toilets (with changing table)",
        "notes": "",
        "verified": false
      }
    },
    {
      "type": "Feature",
      "geometry": {
        "coordinates": [
          5.4818881,
          59.4343015
        ],
        "type": "Point"
      },
      "properties": {
        "category": "playground",
        "description": "",
        "has_changing_area": false,
        "has_child_seats": false,
        "has_nursing_area": false,
        "has_playground": true,
        "id": "51C0EFC9-079F-47BD-B554-7F8A4ECCF24D",
        "is_wheelchair_accessible": false,
        "name": "Trampoliner",
        "notes": "",
        "verified": false
      }
    },
    {
      "type": "Feature",
      "geometry": {
        "coordinates": [
          8.1397275,
          58.1822692
        ],
        "type": "Point"
      },
      "properties": {
        "category": "cafe",
        "description": "",
        "has_changing_area": false,
        "has_child_seats": false,
        "has_nursing_area": false,
        "has_playground": false,
        "id": "FF56AA45-8257-425A-A785-8C31EB8B0F2A",
        "is_wheelchair_accessible": false,
        "name": "Woken",
        "notes": "",
        "verified": false
      }
    },
    {
      "type": "Feature",
      "geometry": {
        "coordinates": [
          10.716001,
          59.916363
        ],
        "type": "Point"
      },
      "properties": {
        "category": "cafe",
        "description": "",
        "has_changing_area": false,
        "has_child_seats": false,
        "has_nursing_area": false,
        "has_playground": false,
        "id": "D36C5FDD-812B-440B-89DB-AE49A6214FFD",
        "is_wheelchair_accessible": false,
        "name": "Kaffebrenneriet",
        "notes": "",
        "verified": false
      }
    },
    {
      "type": "Feature",
      "geometry": {
        "coordinates": [
          11.0477243,
          59.9572909
        ],
        "type": "Point"
      },
      "properties": {
        "category": "cafe",
        "description": "",
        "has_changing_area": false,
        "has_child_seats": false,
        "has_nursing_area": false,
        "has_playground": false,
        "id": "09F168DB-75A3-4086-8D1E-13899EEF8CDE",
        "is_wheelchair_accessible": false,
        "name": "Tim's",
        "notes": "",
        "verified": false
      }
    },
    {
      "type": "Feature",
      "geometry": {
        "coordinates": [
          10.3909514,
          59.741716
        ],
        "type": "Point"
      },
      "properties": {
        "category": "cafe",
        "description": "",
        "has_changing_area": false,
        "has_child_seats": false,
        "has_nursing_area": false,
        "has_playground": false,
        "id": "8A034C15-751B-4B14-822A-DEF5C71B42F5",
        "is_wheelchair_accessible": false,
        "name": "Røykenbadet kafe",
        "notes": "",
        "verified": false
      }
    },
    {
      "type": "Feature",
      "geometry": {
        "coordinates": [
          10.3949,
          63.4224538
        ],
        "type": "Point"
      },
      "properties": {
        "category": "cafe",
        "description": "",
        "has_changing_area": false,
        "has_child_seats": false,
        "has_nursing_area": false,
        "has_playground": false,
        "id": "285B331B-00A3-40F6-8641-AD7E26B92DAE",
        "is_wheelchair_accessible": true,
        "name": "Sesam Studentersamfundet",
        "notes": "",
        "verified": false
      }
    },
    {
      "type": "Feature",
      "geometry": {
        "coordinates": [
          10.7522,
          59.9139
        ],
        "type": "Point"
      },
      "properties": {
        "category": "other",
        "description": "",
        "has_changing_area": true,
        "has_child_seats": false,
        "has_nursing_area": true,
        "has_playground": false,
        "id": "1B281E38-72B4-4DA3-9E4A-17C0E87F6700",
        "is_wheelchair_accessible": false,
        "name": "Husnes Storsenter",
        "notes": "",
        "verified": false
      }
    },
    {
      "type": "Feature",
      "geometry": {
        "coordinates": [
          8.770032,
          58.453564
        ],
        "type": "Point"
      },
      "properties": {
        "category": "playground",
        "description": "",
        "has_changing_area": false,
        "has_child_seats": false,
        "has_nursing_area": false,
        "has_playground": true,
        "id": "EAFE260E-31AB-41A3-8CAD-4EB21C0000FB",
        "is_wheelchair_accessible": false,
        "name": "Sletta",
        "notes": "",
        "verified": false
      }
    },
    {
      "type": "Feature",
      "geometry": {
        "coordinates": [
          5.3550259,
          59.5437255
        ],
        "type": "Point"
      },
      "properties": {
        "category": "playground",
        "description": "",
        "has_changing_area": false,
        "has_child_seats": false,
        "has_nursing_area": false,
        "has_playground": true,
        "id": "8DE5A879-2A32-470D-B6BD-AE88F5A374FE",
        "is_wheelchair_accessible": false,
        "name": "Sveio folkebibliotek",
        "notes": "",
        "verified": false
      }
    },
    {
      "type": "Feature",
      "geometry": {
        "coordinates": [
          10.7278659,
          59.9205216
        ],
        "type": "Point"
      },
      "properties": {
        "category": "cafe",
        "description": "",
        "has_changing_area": true,
        "has_child_seats": true,
        "has_nursing_area": false,
        "has_playground": false,
        "id": "B899A023-C230-428F-8722-7D09F8842FF7",
        "is_wheelchair_accessible": true,
        "name": "Espresso House Parkveien",
        "notes": "",
        "verified": false
      }
    },
    {
      "type": "Feature",
      "geometry": {
        "coordinates": [
          5.318158,
          60.395464
        ],
        "type": "Point"
      },
      "properties": {
        "category": "cafe",
        "description": "",
        "has_changing_area": false,
        "has_child_seats": false,
        "has_nursing_area": false,
        "has_playground": false,
        "id": "D47D18B1-E08C-4408-8FFF-B12CCE074B10",
        "is_wheelchair_accessible": false,
        "name": "AJ Chocolate House Bar",
        "notes": "",
        "verified": false
      }
    },
    {
      "type": "Feature",
      "geometry": {
        "coordinates": [
          5.35021,
          60.367443
        ],
        "type": "Point"
      },
      "properties": {
        "category": "cafe",
        "description": "",
        "has_changing_area": false,
        "has_child_seats": false,
        "has_nursing_area": false,
        "has_playground": false,
        "id": "143F1CAA-B900-4239-9AA5-3AD631495D92",
        "is_wheelchair_accessible": false,
        "name": "Albatrossen Kaffe",
        "notes": "",
        "verified": false
      }
    },
    {
      "type": "Feature",
      "geometry": {
        "coordinates": [
          10.1547174,
          59.7536373
        ],
        "type": "Point"
      },
      "properties": {
        "category": "playground",
        "description": "",
        "has_changing_area": false,
        "has_child_seats": false,
        "has_nursing_area": false,
        "has_playground": true,
        "id": "CF851F7E-2D0F-4C5C-9250-DD0D40790A6E",
        "is_wheelchair_accessible": false,
        "name": "Henrik Walters pl. lekeplass",
        "notes": "",
        "verified": false
      }
    },
    {
      "type": "Feature",
      "geometry": {
        "coordinates": [
          10.6687815,
          59.8529308
        ],
        "type": "Point"
      },
      "properties": {
        "category": "playground",
        "description": "",
        "has_changing_area": false,
        "has_child_seats": false,
        "has_nursing_area": false,
        "has_playground": true,
        "id": "0FC12B1F-150A-4D66-8D26-2C376F472B41",
        "is_wheelchair_accessible": false,
        "name": "Tun 4",
        "notes": "",
        "verified": false
      }
    },
    {
      "type": "Feature",
      "geometry": {
        "coordinates": [
          10.8019386,
          59.8883436
        ],
        "type": "Point"
      },
      "properties": {
        "category": "playground",
        "description": "",
        "has_changing_area": false,
        "has_child_seats": false,
        "has_nursing_area": false,
        "has_playground": true,
        "id": "6E93186E-6517-4920-816C-6BCBC05E98FB",
        "is_wheelchair_accessible": false,
        "name": "Bratlikollen Lekeplass",
        "notes": "",
        "verified": false
      }
    },
    {
      "type": "Feature",
      "geometry": {
        "coordinates": [
          5.7338256,
          58.972967
        ],
        "type": "Point"
      },
      "properties": {
        "category": "cafe",
        "description": "",
        "has_changing_area": false,
        "has_child_seats": false,
        "has_nursing_area": false,
        "has_playground": false,
        "id": "61E94748-0157-471A-B84F-F59B7F1CD8F2",
        "is_wheelchair_accessible": false,
        "name": "Kokko",
        "notes": "",
        "verified": false
      }
    },
    {
      "type": "Feature",
      "geometry": {
        "coordinates": [
          5.326345,
          60.389775
        ],
        "type": "Point"
      },
      "properties": {
        "category": "cafe",
        "description": "",
        "has_changing_area": false,
        "has_child_seats": false,
        "has_nursing_area": false,
        "has_playground": false,
        "id": "717FCBBE-8B43-4C98-9D75-C98AC94F69FB",
        "is_wheelchair_accessible": false,
        "name": "Landmark Bar & Cafe",
        "notes": "",
        "verified": false
      }
    },
    {
      "type": "Feature",
      "geometry": {
        "coordinates": [
          10.6636841,
          60.0360959
        ],
        "type": "Point"
      },
      "properties": {
        "category": "cafe",
        "description": "",
        "has_changing_area": false,
        "has_child_seats": false,
        "has_nursing_area": false,
        "has_playground": false,
        "id": "3C37485E-F9B6-4A4C-A9AC-C25D2F2C6F1D",
        "is_wheelchair_accessible": false,
        "name": "Kobberhaughytta",
        "notes": "",
        "verified": false
      }
    },
    {
      "type": "Feature",
      "geometry": {
        "coordinates": [
          10.7522,
          59.9139
        ],
        "type": "Point"
      },
      "properties": {
        "category": "playground",
        "description": "",
        "has_changing_area": false,
        "has_child_seats": false,
        "has_nursing_area": false,
        "has_playground": true,
        "id": "0A606FD2-29C7-4FD3-9590-D024A3DFFFE5",
        "is_wheelchair_accessible": true,
        "name": "Isabel Sofie",
        "notes": "",
        "verified": false
      }
    },
    {
      "type": "Feature",
      "geometry": {
        "coordinates": [
          10.7158595,
          59.9174462
        ],
        "type": "Point"
      },
      "properties": {
        "category": "cafe",
        "description": "",
        "has_changing_area": false,
        "has_child_seats": false,
        "has_nursing_area": false,
        "has_playground": false,
        "id": "83A5900B-75AC-4CD9-8188-12C7A7DC0F01",
        "is_wheelchair_accessible": false,
        "name": "Creperia",
        "notes": "",
        "verified": false
      }
    },
    {
      "type": "Feature",
      "geometry": {
        "coordinates": [
          6.0042666,
          58.4529997
        ],
        "type": "Point"
      },
      "properties": {
        "category": "playground",
        "description": "",
        "has_changing_area": false,
        "has_child_seats": false,
        "has_nursing_area": false,
        "has_playground": true,
        "id": "4C11797C-CFE3-482F-BB79-85DD4B23D6C4",
        "is_wheelchair_accessible": false,
        "name": "Eigersund folkebibliotek",
        "notes": "",
        "verified": false
      }
    },
    {
      "type": "Feature",
      "geometry": {
        "coordinates": [
          12.1648008,
          65.31112
        ],
        "type": "Point"
      },
      "properties": {
        "category": "playground",
        "description": "",
        "has_changing_area": false,
        "has_child_seats": false,
        "has_nursing_area": false,
        "has_playground": true,
        "id": "FC31415E-E297-4374-A231-34E184F5D975",
        "is_wheelchair_accessible": false,
        "name": "Vik",
        "notes": "",
        "verified": false
      }
    },
    {
      "type": "Feature",
      "geometry": {
        "coordinates": [
          11.0438868,
          59.9546708
        ],
        "type": "Point"
      },
      "properties": {
        "category": "cafe",
        "description": "",
        "has_changing_area": false,
        "has_child_seats": false,
        "has_nursing_area": false,
        "has_playground": false,
        "id": "86E8A933-A268-45E9-B35F-BDEE7A23437D",
        "is_wheelchair_accessible": true,
        "name": "Kafé Nitja",
        "notes": "",
        "verified": false
      }
    },
    {
      "type": "Feature",
      "geometry": {
        "coordinates": [
          10.7038408,
          59.9424069
        ],
        "type": "Point"
      },
      "properties": {
        "category": "cafe",
        "description": "",
        "has_changing_area": false,
        "has_child_seats": false,
        "has_nursing_area": false,
        "has_playground": false,
        "id": "368062B5-1DEA-4F8B-8A7B-3739824D972F",
        "is_wheelchair_accessible": false,
        "name": "Baker Hansen",
        "notes": "",
        "verified": false
      }
    },
    {
      "type": "Feature",
      "geometry": {
        "coordinates": [
          5.6798144,
          58.9541991
        ],
        "type": "Point"
      },
      "properties": {
        "category": "playground",
        "description": "",
        "has_changing_area": false,
        "has_child_seats": false,
        "has_nursing_area": false,
        "has_playground": true,
        "id": "131FF056-C2CC-44AA-ADC4-F71D0CDD07B2",
        "is_wheelchair_accessible": false,
        "name": "Fasanveien",
        "notes": "",
        "verified": false
      }
    },
    {
      "type": "Feature",
      "geometry": {
        "coordinates": [
          9.8582648,
          63.6835223
        ],
        "type": "Point"
      },
      "properties": {
        "category": "playground",
        "description": "",
        "has_changing_area": false,
        "has_child_seats": false,
        "has_nursing_area": false,
        "has_playground": true,
        "id": "7C5C9DEC-7E55-448F-919B-440AFD5E5058",
        "is_wheelchair_accessible": false,
        "name": "Fevågsjøen lekeplass",
        "notes": "",
        "verified": false
      }
    },
    {
      "type": "Feature",
      "geometry": {
        "coordinates": [
          10.488487,
          63.3945376
        ],
        "type": "Point"
      },
      "properties": {
        "category": "cafe",
        "description": "",
        "has_changing_area": false,
        "has_child_seats": false,
        "has_nursing_area": false,
        "has_playground": false,
        "id": "B8524C7C-314C-43F8-AA16-070781472D8F",
        "is_wheelchair_accessible": false,
        "name": "Estenstadhytta",
        "notes": "",
        "verified": false
      }
    },
    {
      "type": "Feature",
      "geometry": {
        "coordinates": [
          11.0500694,
          59.9396711
        ],
        "type": "Point"
      },
      "properties": {
        "category": "playground",
        "description": "",
        "has_changing_area": false,
        "has_child_seats": false,
        "has_nursing_area": false,
        "has_playground": true,
        "id": "6EDCF687-ECAC-4D62-BA62-32B40A9FE955",
        "is_wheelchair_accessible": false,
        "name": "barne lodge",
        "notes": "",
        "verified": false
      }
    },
    {
      "type": "Feature",
      "geometry": {
        "coordinates": [
          10.7956074,
          59.8345044
        ],
        "type": "Point"
      },
      "properties": {
        "category": "cafe",
        "description": "",
        "has_changing_area": false,
        "has_child_seats": false,
        "has_nursing_area": false,
        "has_playground": false,
        "id": "D12B45E1-29A4-43D5-8A6B-8D5300ED8179",
        "is_wheelchair_accessible": false,
        "name": "Baker Nordby",
        "notes": "",
        "verified": false
      }
    },
    {
      "type": "Feature",
      "geometry": {
        "coordinates": [
          10.7701898,
          59.9181838
        ],
        "type": "Point"
      },
      "properties": {
        "category": "cafe",
        "description": "",
        "has_changing_area": false,
        "has_child_seats": false,
        "has_nursing_area": false,
        "has_playground": false,
        "id": "ADFB627B-72B4-4A58-9B3B-FA13878B04BC",
        "is_wheelchair_accessible": false,
        "name": "Handwerk Botaniske",
        "notes": "",
        "verified": false
      }
    },
    {
      "type": "Feature",
      "geometry": {
        "coordinates": [
          10.5881849,
          59.9164497
        ],
        "type": "Point"
      },
      "properties": {
        "category": "cafe",
        "description": "",
        "has_changing_area": false,
        "has_child_seats": false,
        "has_nursing_area": false,
        "has_playground": false,
        "id": "652A413C-981F-4027-9E42-963AD2292D91",
        "is_wheelchair_accessible": false,
        "name": "Steam kaffebar",
        "notes": "",
        "verified": false
      }
    },
    {
      "type": "Feature",
      "geometry": {
        "coordinates": [
          10.8630272,
          59.9259475
        ],
        "type": "Point"
      },
      "properties": {
        "category": "playground",
        "description": "",
        "has_changing_area": false,
        "has_child_seats": false,
        "has_nursing_area": false,
        "has_playground": true,
        "id": "68CD10A3-0834-41E9-AC66-98A1FFCD297E",
        "is_wheelchair_accessible": false,
        "name": "Lekeplass",
        "notes": "",
        "verified": false
      }
    },
    {
      "type": "Feature",
      "geometry": {
        "coordinates": [
          10.9539854,
          59.8945706
        ],
        "type": "Point"
      },
      "properties": {
        "category": "cafe",
        "description": "",
        "has_changing_area": false,
        "has_child_seats": false,
        "has_nursing_area": false,
        "has_playground": false,
        "id": "6583FEE9-E95C-4318-B847-7D8A3793EDDA",
        "is_wheelchair_accessible": false,
        "name": "Skulerudstua",
        "notes": "",
        "verified": false
      }
    },
    {
      "type": "Feature",
      "geometry": {
        "coordinates": [
          10.8273308,
          59.9363329
        ],
        "type": "Point"
      },
      "properties": {
        "category": "cafe",
        "description": "",
        "has_changing_area": false,
        "has_child_seats": false,
        "has_nursing_area": false,
        "has_playground": false,
        "id": "A340DBE6-C618-4A5D-B412-16AE0E86CF69",
        "is_wheelchair_accessible": false,
        "name": "Kafe Vollebekk",
        "notes": "",
        "verified": false
      }
    },
    {
      "type": "Feature",
      "geometry": {
        "coordinates": [
          10.4019827,
          63.4340268
        ],
        "type": "Point"
      },
      "properties": {
        "category": "cafe",
        "description": "",
        "has_changing_area": false,
        "has_child_seats": false,
        "has_nursing_area": false,
        "has_playground": false,
        "id": "AB08B292-E7DB-4F12-8093-621F04F04FA8",
        "is_wheelchair_accessible": false,
        "name": "Crazy Kitchen",
        "notes": "",
        "verified": false
      }
    },
    {
      "type": "Feature",
      "geometry": {
        "coordinates": [
          5.7379089,
          58.9717414
        ],
        "type": "Point"
      },
      "properties": {
        "category": "other",
        "description": "",
        "has_changing_area": true,
        "has_child_seats": false,
        "has_nursing_area": false,
        "has_playground": false,
        "id": "6BE39A6A-E374-40B2-9A18-F1E5913C658C",
        "is_wheelchair_accessible": false,
        "name": "Public toilets (with changing table)",
        "notes": "",
        "verified": false
      }
    },
    {
      "type": "Feature",
      "geometry": {
        "coordinates": [
          5.3380718,
          60.3745067
        ],
        "type": "Point"
      },
      "properties": {
        "category": "playground",
        "description": "",
        "has_changing_area": false,
        "has_child_seats": false,
        "has_nursing_area": false,
        "has_playground": true,
        "id": "EBB63329-C3FE-4286-A0C7-5E2F95C4E1F7",
        "is_wheelchair_accessible": false,
        "name": "Solheimsviken Aktivitetspark",
        "notes": "",
        "verified": false
      }
    },
    {
      "type": "Feature",
      "geometry": {
        "coordinates": [
          10.8222732,
          63.4147095
        ],
        "type": "Point"
      },
      "properties": {
        "category": "playground",
        "description": "",
        "has_changing_area": false,
        "has_child_seats": false,
        "has_nursing_area": false,
        "has_playground": true,
        "id": "4743D084-BF37-4704-9BDB-F6875EA987AA",
        "is_wheelchair_accessible": false,
        "name": "Sandbekken Vel",
        "notes": "",
        "verified": false
      }
    },
    {
      "type": "Feature",
      "geometry": {
        "coordinates": [
          10.7756317,
          59.9159328
        ],
        "type": "Point"
      },
      "properties": {
        "category": "playground",
        "description": "",
        "has_changing_area": false,
        "has_child_seats": false,
        "has_nursing_area": false,
        "has_playground": true,
        "id": "39A51289-2772-4F6A-9CF7-266849587FB3",
        "is_wheelchair_accessible": false,
        "name": "Kirsebærlunden lekeplass",
        "notes": "",
        "verified": false
      }
    },
    {
      "type": "Feature",
      "geometry": {
        "coordinates": [
          6.3877797,
          62.7071531
        ],
        "type": "Point"
      },
      "properties": {
        "category": "playground",
        "description": "",
        "has_changing_area": false,
        "has_child_seats": false,
        "has_nursing_area": false,
        "has_playground": true,
        "id": "7AA8EF29-141C-4714-A7E7-D11A32E91EA1",
        "is_wheelchair_accessible": false,
        "name": "Fjørtoft Lekeplass",
        "notes": "",
        "verified": false
      }
    },
    {
      "type": "Feature",
      "geometry": {
        "coordinates": [
          10.5848488,
          59.9178562
        ],
        "type": "Point"
      },
      "properties": {
        "category": "cafe",
        "description": "",
        "has_changing_area": false,
        "has_child_seats": false,
        "has_nursing_area": false,
        "has_playground": false,
        "id": "E298FE2E-9EA9-4BA2-860E-FE5D14B6CBC3",
        "is_wheelchair_accessible": true,
        "name": "Liten cafe",
        "notes": "",
        "verified": false
      }
    },
    {
      "type": "Feature",
      "geometry": {
        "coordinates": [
          8.1469131,
          58.1858866
        ],
        "type": "Point"
      },
      "properties": {
        "category": "cafe",
        "description": "",
        "has_changing_area": false,
        "has_child_seats": false,
        "has_nursing_area": false,
        "has_playground": false,
        "id": "91131AF6-BA23-4C52-A008-0F6B2C9C0DE5",
        "is_wheelchair_accessible": false,
        "name": "Heksegryta",
        "notes": "",
        "verified": false
      }
    },
    {
      "type": "Feature",
      "geometry": {
        "coordinates": [
          6.8342926,
          58.3765053
        ],
        "type": "Point"
      },
      "properties": {
        "category": "playground",
        "description": "",
        "has_changing_area": false,
        "has_child_seats": false,
        "has_nursing_area": false,
        "has_playground": true,
        "id": "0378A01C-D816-49DC-80F8-C3837618490E",
        "is_wheelchair_accessible": false,
        "name": "Flekkefjord bibliotek, Gyland filial",
        "notes": "",
        "verified": false
      }
    },
    {
      "type": "Feature",
      "geometry": {
        "coordinates": [
          7.9169696,
          58.4555172
        ],
        "type": "Point"
      },
      "properties": {
        "category": "other",
        "description": "",
        "has_changing_area": true,
        "has_child_seats": false,
        "has_nursing_area": false,
        "has_playground": false,
        "id": "74CC3289-7093-4D44-8750-47D1E26BEB67",
        "is_wheelchair_accessible": true,
        "name": "Public toilets (with changing table)",
        "notes": "",
        "verified": false
      }
    },
    {
      "type": "Feature",
      "geometry": {
        "coordinates": [
          10.7582711,
          59.9211554
        ],
        "type": "Point"
      },
      "properties": {
        "category": "cafe",
        "description": "",
        "has_changing_area": false,
        "has_child_seats": false,
        "has_nursing_area": false,
        "has_playground": false,
        "id": "2D165FED-7CC8-4EFD-812A-B62FA652E238",
        "is_wheelchair_accessible": false,
        "name": "Dapper",
        "notes": "",
        "verified": false
      }
    },
    {
      "type": "Feature",
      "geometry": {
        "coordinates": [
          6.2020873,
          59.3457535
        ],
        "type": "Point"
      },
      "properties": {
        "category": "other",
        "description": "",
        "has_changing_area": true,
        "has_child_seats": false,
        "has_nursing_area": false,
        "has_playground": false,
        "id": "01D4A80F-8EC1-4641-A00A-B7E6E2C251C0",
        "is_wheelchair_accessible": false,
        "name": "Public toilets (with changing table)",
        "notes": "",
        "verified": false
      }
    },
    {
      "type": "Feature",
      "geometry": {
        "coordinates": [
          10.742634,
          59.9118292
        ],
        "type": "Point"
      },
      "properties": {
        "category": "playground",
        "description": "",
        "has_changing_area": false,
        "has_child_seats": false,
        "has_nursing_area": false,
        "has_playground": true,
        "id": "550B05FE-D25B-46D5-AE83-1CF054741F13",
        "is_wheelchair_accessible": false,
        "name": "Lille Lab",
        "notes": "",
        "verified": false
      }
    },
    {
      "type": "Feature",
      "geometry": {
        "coordinates": [
          5.3323454,
          60.3895427
        ],
        "type": "Point"
      },
      "properties": {
        "category": "cafe",
        "description": "",
        "has_changing_area": true,
        "has_child_seats": true,
        "has_nursing_area": false,
        "has_playground": false,
        "id": "6FBCDD9C-1383-4FBB-9728-9893963B5B39",
        "is_wheelchair_accessible": true,
        "name": "Espresso House Bergen Storsenter",
        "notes": "",
        "verified": false
      }
    },
    {
      "type": "Feature",
      "geometry": {
        "coordinates": [
          7.97079,
          58.270419
        ],
        "type": "Point"
      },
      "properties": {
        "category": "playground",
        "description": "",
        "has_changing_area": false,
        "has_child_seats": false,
        "has_nursing_area": false,
        "has_playground": true,
        "id": "C9D1CE2A-2870-4180-99D8-476302F673A9",
        "is_wheelchair_accessible": false,
        "name": "Vennesla bibliotek",
        "notes": "",
        "verified": false
      }
    },
    {
      "type": "Feature",
      "geometry": {
        "coordinates": [
          10.758543,
          59.90797
        ],
        "type": "Point"
      },
      "properties": {
        "category": "cafe",
        "description": "",
        "has_changing_area": false,
        "has_child_seats": false,
        "has_nursing_area": false,
        "has_playground": false,
        "id": "2F81E4E1-261B-4CA4-96D4-746AC9E8EA3B",
        "is_wheelchair_accessible": false,
        "name": "Åpent Bakeri Barcode",
        "notes": "",
        "verified": false
      }
    },
    {
      "type": "Feature",
      "geometry": {
        "coordinates": [
          10.7758711,
          59.9264444
        ],
        "type": "Point"
      },
      "properties": {
        "category": "cafe",
        "description": "",
        "has_changing_area": false,
        "has_child_seats": false,
        "has_nursing_area": false,
        "has_playground": false,
        "id": "A5F0470B-E0C7-4E77-A9C2-8078B4C1C518",
        "is_wheelchair_accessible": true,
        "name": "Bella Notte",
        "notes": "",
        "verified": false
      }
    },
    {
      "type": "Feature",
      "geometry": {
        "coordinates": [
          10.711906,
          60.0094561
        ],
        "type": "Point"
      },
      "properties": {
        "category": "cafe",
        "description": "",
        "has_changing_area": false,
        "has_child_seats": false,
        "has_nursing_area": false,
        "has_playground": false,
        "id": "90F5B5AC-C8BE-4CFE-BB93-23FD7D41364F",
        "is_wheelchair_accessible": false,
        "name": "Ullevålseter Sportsstue",
        "notes": "",
        "verified": false
      }
    },
    {
      "type": "Feature",
      "geometry": {
        "coordinates": [
          11.0244698,
          59.245954
        ],
        "type": "Point"
      },
      "properties": {
        "category": "playground",
        "description": "",
        "has_changing_area": false,
        "has_child_seats": false,
        "has_nursing_area": false,
        "has_playground": true,
        "id": "567B784E-D16B-4ADF-8D98-60B44F825E50",
        "is_wheelchair_accessible": false,
        "name": "Strømsvei lekeplass",
        "notes": "",
        "verified": false
      }
    },
    {
      "type": "Feature",
      "geometry": {
        "coordinates": [
          10.7594193,
          59.9224899
        ],
        "type": "Point"
      },
      "properties": {
        "category": "shopping",
        "description": "",
        "has_changing_area": false,
        "has_child_seats": false,
        "has_nursing_area": false,
        "has_playground": false,
        "id": "8ACC9AC7-8862-4A0B-A460-05E719F5D653",
        "is_wheelchair_accessible": false,
        "name": "Lillelam",
        "notes": "",
        "verified": false
      }
    },
    {
      "type": "Feature",
      "geometry": {
        "coordinates": [
          10.2907195,
          63.4424636
        ],
        "type": "Point"
      },
      "properties": {
        "category": "cafe",
        "description": "",
        "has_changing_area": false,
        "has_child_seats": false,
        "has_nursing_area": false,
        "has_playground": false,
        "id": "1F4964A4-25EE-4CD5-8B79-EFE75FDBA4DC",
        "is_wheelchair_accessible": false,
        "name": "Damhaugen",
        "notes": "",
        "verified": false
      }
    },
    {
      "type": "Feature",
      "geometry": {
        "coordinates": [
          10.840258,
          60.0254126
        ],
        "type": "Point"
      },
      "properties": {
        "category": "cafe",
        "description": "",
        "has_changing_area": false,
        "has_child_seats": false,
        "has_nursing_area": false,
        "has_playground": false,
        "id": "FE0682C0-741F-4711-9AE2-CBB22C565C0C",
        "is_wheelchair_accessible": false,
        "name": "Sinober Sportsstue",
        "notes": "",
        "verified": false
      }
    },
    {
      "type": "Feature",
      "geometry": {
        "coordinates": [
          10.7963291,
          59.787333
        ],
        "type": "Point"
      },
      "properties": {
        "category": "playground",
        "description": "",
        "has_changing_area": false,
        "has_child_seats": false,
        "has_nursing_area": false,
        "has_playground": true,
        "id": "D8368878-65E5-4608-B161-69B786A86F71",
        "is_wheelchair_accessible": false,
        "name": "Kongla aktivitetspark",
        "notes": "",
        "verified": false
      }
    },
    {
      "type": "Feature",
      "geometry": {
        "coordinates": [
          10.7713661,
          59.9156339
        ],
        "type": "Point"
      },
      "properties": {
        "category": "cafe",
        "description": "",
        "has_changing_area": false,
        "has_child_seats": false,
        "has_nursing_area": false,
        "has_playground": false,
        "id": "F504879C-9100-4082-B6D1-2E13AFF1D359",
        "is_wheelchair_accessible": false,
        "name": "Jafs",
        "notes": "",
        "verified": false
      }
    },
    {
      "type": "Feature",
      "geometry": {
        "coordinates": [
          9.9671327,
          59.9206282
        ],
        "type": "Point"
      },
      "properties": {
        "category": "playground",
        "description": "",
        "has_changing_area": false,
        "has_child_seats": false,
        "has_nursing_area": false,
        "has_playground": true,
        "id": "4E8FCFBA-5CA1-49AB-B0FC-1F95AA16C17C",
        "is_wheelchair_accessible": false,
        "name": "Nesleveien Lekeplass",
        "notes": "",
        "verified": false
      }
    },
    {
      "type": "Feature",
      "geometry": {
        "coordinates": [
          5.8150611,
          59.6049576
        ],
        "type": "Point"
      },
      "properties": {
        "category": "playground",
        "description": "",
        "has_changing_area": false,
        "has_child_seats": false,
        "has_nursing_area": false,
        "has_playground": true,
        "id": "3A768D7E-1941-4103-82AD-20C80427819E",
        "is_wheelchair_accessible": false,
        "name": "Vindafjord bibliotek",
        "notes": "",
        "verified": false
      }
    },
    {
      "type": "Feature",
      "geometry": {
        "coordinates": [
          5.8107779,
          58.9893526
        ],
        "type": "Point"
      },
      "properties": {
        "category": "playground",
        "description": "",
        "has_changing_area": false,
        "has_child_seats": false,
        "has_nursing_area": false,
        "has_playground": true,
        "id": "120B0681-E013-4F59-BF7A-0B4E030ED0D3",
        "is_wheelchair_accessible": false,
        "name": "Klatrejungel",
        "notes": "",
        "verified": false
      }
    },
    {
      "type": "Feature",
      "geometry": {
        "coordinates": [
          5.1690095,
          59.7653988
        ],
        "type": "Point"
      },
      "properties": {
        "category": "playground",
        "description": "",
        "has_changing_area": false,
        "has_child_seats": false,
        "has_nursing_area": false,
        "has_playground": true,
        "id": "5C95EF48-2DE9-4313-90D1-772DA5C5C96D",
        "is_wheelchair_accessible": false,
        "name": "Alvsvåg Lekeplass",
        "notes": "",
        "verified": false
      }
    },
    {
      "type": "Feature",
      "geometry": {
        "coordinates": [
          18.9169302,
          69.6389405
        ],
        "type": "Point"
      },
      "properties": {
        "category": "playground",
        "description": "",
        "has_changing_area": false,
        "has_child_seats": false,
        "has_nursing_area": false,
        "has_playground": true,
        "id": "BF770203-262C-47C2-B8A5-6CFB5DA40004",
        "is_wheelchair_accessible": false,
        "name": "Sommareng",
        "notes": "",
        "verified": false
      }
    },
    {
      "type": "Feature",
      "geometry": {
        "coordinates": [
          7.1798637,
          62.7391667
        ],
        "type": "Point"
      },
      "properties": {
        "category": "other",
        "description": "",
        "has_changing_area": true,
        "has_child_seats": false,
        "has_nursing_area": false,
        "has_playground": false,
        "id": "0B0ADDA1-CEAF-41E5-8AB1-A030E75A85BF",
        "is_wheelchair_accessible": true,
        "name": "Public toilets (with changing table)",
        "notes": "",
        "verified": false
      }
    },
    {
      "type": "Feature",
      "geometry": {
        "coordinates": [
          5.2272855,
          60.5064919
        ],
        "type": "Point"
      },
      "properties": {
        "category": "playground",
        "description": "",
        "has_changing_area": false,
        "has_child_seats": false,
        "has_nursing_area": false,
        "has_playground": true,
        "id": "8FA598F6-1566-4E8B-837D-6606E44B6046",
        "is_wheelchair_accessible": false,
        "name": "Galtenlekeplass",
        "notes": "",
        "verified": false
      }
    },
    {
      "type": "Feature",
      "geometry": {
        "coordinates": [
          8.1438208,
          58.186409
        ],
        "type": "Point"
      },
      "properties": {
        "category": "cafe",
        "description": "",
        "has_changing_area": false,
        "has_child_seats": false,
        "has_nursing_area": false,
        "has_playground": false,
        "id": "AD62B586-DC95-4492-97C6-0728E5D42E0F",
        "is_wheelchair_accessible": false,
        "name": "Ankerstua",
        "notes": "",
        "verified": false
      }
    },
    {
      "type": "Feature",
      "geometry": {
        "coordinates": [
          5.7799035,
          58.9013276
        ],
        "type": "Point"
      },
      "properties": {
        "category": "cafe",
        "description": "",
        "has_changing_area": false,
        "has_child_seats": false,
        "has_nursing_area": false,
        "has_playground": false,
        "id": "BEB56A43-88BA-4E3A-AC1A-B7A1C77A275F",
        "is_wheelchair_accessible": false,
        "name": "Herlige Kafé Dale",
        "notes": "",
        "verified": false
      }
    },
    {
      "type": "Feature",
      "geometry": {
        "coordinates": [
          12.001793,
          60.1908573
        ],
        "type": "Point"
      },
      "properties": {
        "category": "other",
        "description": "",
        "has_changing_area": true,
        "has_child_seats": false,
        "has_nursing_area": false,
        "has_playground": false,
        "id": "E2DF19D2-0056-4CD2-9B22-98ACA9C29E8F",
        "is_wheelchair_accessible": false,
        "name": "Public toilets (with changing table)",
        "notes": "",
        "verified": false
      }
    },
    {
      "type": "Feature",
      "geometry": {
        "coordinates": [
          10.626716,
          59.971607
        ],
        "type": "Point"
      },
      "properties": {
        "category": "cafe",
        "description": "",
        "has_changing_area": false,
        "has_child_seats": false,
        "has_nursing_area": false,
        "has_playground": false,
        "id": "25C997EA-BF8A-41F5-A1A6-6A6C542FA581",
        "is_wheelchair_accessible": false,
        "name": "Bogstad gård kafé",
        "notes": "",
        "verified": false
      }
    },
    {
      "type": "Feature",
      "geometry": {
        "coordinates": [
          11.0246917,
          59.7131916
        ],
        "type": "Point"
      },
      "properties": {
        "category": "cafe",
        "description": "",
        "has_changing_area": false,
        "has_child_seats": false,
        "has_nursing_area": false,
        "has_playground": false,
        "id": "DF760D77-B3A9-408B-990C-7E7194A26525",
        "is_wheelchair_accessible": false,
        "name": "Bråtan",
        "notes": "",
        "verified": false
      }
    },
    {
      "type": "Feature",
      "geometry": {
        "coordinates": [
          10.7796776,
          59.9297157
        ],
        "type": "Point"
      },
      "properties": {
        "category": "cafe",
        "description": "",
        "has_changing_area": false,
        "has_child_seats": false,
        "has_nursing_area": false,
        "has_playground": false,
        "id": "8A6C2217-262F-4101-8F2A-05E8E8A81044",
        "is_wheelchair_accessible": false,
        "name": "Glutenfrihuset",
        "notes": "",
        "verified": false
      }
    },
    {
      "type": "Feature",
      "geometry": {
        "coordinates": [
          6.1164691,
          62.5587266
        ],
        "type": "Point"
      },
      "properties": {
        "category": "other",
        "description": "",
        "has_changing_area": true,
        "has_child_seats": false,
        "has_nursing_area": false,
        "has_playground": false,
        "id": "1F5A3E3A-4194-4E22-993F-0B82DF59347B",
        "is_wheelchair_accessible": false,
        "name": "Public toilets (with changing table)",
        "notes": "",
        "verified": false
      }
    },
    {
      "type": "Feature",
      "geometry": {
        "coordinates": [
          11.0404504,
          59.9947882
        ],
        "type": "Point"
      },
      "properties": {
        "category": "playground",
        "description": "",
        "has_changing_area": false,
        "has_child_seats": false,
        "has_nursing_area": false,
        "has_playground": true,
        "id": "ABCC1AE7-AFBA-461B-ACF0-A42F4C8A4111",
        "is_wheelchair_accessible": false,
        "name": "Lekeplass",
        "notes": "",
        "verified": false
      }
    },
    {
      "type": "Feature",
      "geometry": {
        "coordinates": [
          5.32536,
          60.411942
        ],
        "type": "Point"
      },
      "properties": {
        "category": "playground",
        "description": "",
        "has_changing_area": false,
        "has_child_seats": false,
        "has_nursing_area": false,
        "has_playground": true,
        "id": "D042D10D-7304-4542-9FA0-BDBF8170B5B3",
        "is_wheelchair_accessible": false,
        "name": "Sudmanns vei barnepark",
        "notes": "",
        "verified": false
      }
    },
    {
      "type": "Feature",
      "geometry": {
        "coordinates": [
          5.7109146,
          58.9009662
        ],
        "type": "Point"
      },
      "properties": {
        "category": "playground",
        "description": "",
        "has_changing_area": false,
        "has_child_seats": false,
        "has_nursing_area": false,
        "has_playground": true,
        "id": "F67F40DE-06B7-4AC3-8F2F-511C6C2B1ABE",
        "is_wheelchair_accessible": false,
        "name": "Kolheisvingen lekeplass",
        "notes": "",
        "verified": false
      }
    },
    {
      "type": "Feature",
      "geometry": {
        "coordinates": [
          5.759577,
          58.96228
        ],
        "type": "Point"
      },
      "properties": {
        "category": "playground",
        "description": "",
        "has_changing_area": false,
        "has_child_seats": false,
        "has_nursing_area": false,
        "has_playground": true,
        "id": "5CCB259F-3D76-4B3F-944F-2CD004FBFE9A",
        "is_wheelchair_accessible": false,
        "name": "Rosenli",
        "notes": "",
        "verified": false
      }
    },
    {
      "type": "Feature",
      "geometry": {
        "coordinates": [
          11.0649011,
          59.9265159
        ],
        "type": "Point"
      },
      "properties": {
        "category": "playground",
        "description": "",
        "has_changing_area": false,
        "has_child_seats": false,
        "has_nursing_area": false,
        "has_playground": true,
        "id": "44DB4944-EDC2-4421-B8A5-A84F8EE044BD",
        "is_wheelchair_accessible": false,
        "name": "Rælingen videregående skole, biblioteket",
        "notes": "",
        "verified": false
      }
    },
    {
      "type": "Feature",
      "geometry": {
        "coordinates": [
          5.83116,
          58.7765807
        ],
        "type": "Point"
      },
      "properties": {
        "category": "playground",
        "description": "",
        "has_changing_area": false,
        "has_child_seats": false,
        "has_nursing_area": false,
        "has_playground": true,
        "id": "2313237C-4555-4CF3-9EF5-641436EB7B0F",
        "is_wheelchair_accessible": false,
        "name": "Lekeplass i Furuveien",
        "notes": "",
        "verified": false
      }
    },
    {
      "type": "Feature",
      "geometry": {
        "coordinates": [
          5.8365178,
          58.9213052
        ],
        "type": "Point"
      },
      "properties": {
        "category": "playground",
        "description": "",
        "has_changing_area": false,
        "has_child_seats": false,
        "has_nursing_area": false,
        "has_playground": true,
        "id": "BC80CC36-A927-42A7-ADE2-85FAEF6D21ED",
        "is_wheelchair_accessible": false,
        "name": "Norafjellveien lekeplass",
        "notes": "",
        "verified": false
      }
    },
    {
      "type": "Feature",
      "geometry": {
        "coordinates": [
          5.316165,
          60.388515
        ],
        "type": "Point"
      },
      "properties": {
        "category": "playground",
        "description": "",
        "has_changing_area": false,
        "has_child_seats": false,
        "has_nursing_area": false,
        "has_playground": true,
        "id": "4BD4E023-9F67-4DD8-9291-0EB1C94CD09D",
        "is_wheelchair_accessible": false,
        "name": "Jekteviksbakken lekeplass",
        "notes": "",
        "verified": false
      }
    },
    {
      "type": "Feature",
      "geometry": {
        "coordinates": [
          11.0475127,
          59.9527547
        ],
        "type": "Point"
      },
      "properties": {
        "category": "cafe",
        "description": "",
        "has_changing_area": false,
        "has_child_seats": false,
        "has_nursing_area": false,
        "has_playground": false,
        "id": "32FC676E-0C3C-462C-8DFC-6F55D127C2D8",
        "is_wheelchair_accessible": false,
        "name": "IndiSpice",
        "notes": "",
        "verified": false
      }
    },
    {
      "type": "Feature",
      "geometry": {
        "coordinates": [
          11.2540406,
          60.5000945
        ],
        "type": "Point"
      },
      "properties": {
        "category": "playground",
        "description": "",
        "has_changing_area": false,
        "has_child_seats": false,
        "has_nursing_area": false,
        "has_playground": true,
        "id": "A494CBA6-53C3-4F4C-B021-2D940F97F72A",
        "is_wheelchair_accessible": false,
        "name": "Mjøsli",
        "notes": "",
        "verified": false
      }
    },
    {
      "type": "Feature",
      "geometry": {
        "coordinates": [
          10.4569171,
          63.4355651
        ],
        "type": "Point"
      },
      "properties": {
        "category": "cafe",
        "description": "",
        "has_changing_area": true,
        "has_child_seats": true,
        "has_nursing_area": false,
        "has_playground": false,
        "id": "CCE60BC4-C0E0-401C-AB39-ABCB5A948B64",
        "is_wheelchair_accessible": true,
        "name": "Jordbærpikene",
        "notes": "",
        "verified": false
      }
    },
    {
      "type": "Feature",
      "geometry": {
        "coordinates": [
          10.3401325,
          63.4185856
        ],
        "type": "Point"
      },
      "properties": {
        "category": "playground",
        "description": "",
        "has_changing_area": false,
        "has_child_seats": false,
        "has_nursing_area": false,
        "has_playground": true,
        "id": "821BA40C-5181-4765-96CA-90DD87BD0251",
        "is_wheelchair_accessible": false,
        "name": "Skogslekeplassen",
        "notes": "",
        "verified": false
      }
    },
    {
      "type": "Feature",
      "geometry": {
        "coordinates": [
          10.6453041,
          59.9476928
        ],
        "type": "Point"
      },
      "properties": {
        "category": "cafe",
        "description": "",
        "has_changing_area": false,
        "has_child_seats": false,
        "has_nursing_area": false,
        "has_playground": false,
        "id": "5782158B-9685-42CB-8483-66C4BC96DE9D",
        "is_wheelchair_accessible": true,
        "name": "Kaffebrenneriet",
        "notes": "",
        "verified": false
      }
    },
    {
      "type": "Feature",
      "geometry": {
        "coordinates": [
          10.6650175,
          59.9115915
        ],
        "type": "Point"
      },
      "properties": {
        "category": "cafe",
        "description": "",
        "has_changing_area": false,
        "has_child_seats": false,
        "has_nursing_area": false,
        "has_playground": false,
        "id": "21BBDC7F-83CC-4920-BC45-28A120506D84",
        "is_wheelchair_accessible": false,
        "name": "KNS Seilsportsenter",
        "notes": "",
        "verified": false
      }
    },
    {
      "type": "Feature",
      "geometry": {
        "coordinates": [
          11.2466284,
          59.9866602
        ],
        "type": "Point"
      },
      "properties": {
        "category": "playground",
        "description": "",
        "has_changing_area": false,
        "has_child_seats": false,
        "has_nursing_area": false,
        "has_playground": true,
        "id": "00451801-3493-48C2-ABBB-E33E5BCB25D9",
        "is_wheelchair_accessible": false,
        "name": "Sørum bibliotek, Sørumsand",
        "notes": "",
        "verified": false
      }
    },
    {
      "type": "Feature",
      "geometry": {
        "coordinates": [
          10.743454,
          59.911295
        ],
        "type": "Point"
      },
      "properties": {
        "category": "cafe",
        "description": "",
        "has_changing_area": false,
        "has_child_seats": false,
        "has_nursing_area": false,
        "has_playground": false,
        "id": "DF66CB0E-37BC-45C5-8DC3-DA22F5427F4E",
        "is_wheelchair_accessible": false,
        "name": "Kvadrat salat",
        "notes": "",
        "verified": false
      }
    },
    {
      "type": "Feature",
      "geometry": {
        "coordinates": [
          5.3700486,
          60.3672032
        ],
        "type": "Point"
      },
      "properties": {
        "category": "playground",
        "description": "",
        "has_changing_area": false,
        "has_child_seats": false,
        "has_nursing_area": false,
        "has_playground": true,
        "id": "117008AF-54E9-4228-8F88-075E6E630597",
        "is_wheelchair_accessible": false,
        "name": "Lægdene lekeplass",
        "notes": "",
        "verified": false
      }
    },
    {
      "type": "Feature",
      "geometry": {
        "coordinates": [
          5.3158717,
          60.3906405
        ],
        "type": "Point"
      },
      "properties": {
        "category": "playground",
        "description": "",
        "has_changing_area": false,
        "has_child_seats": false,
        "has_nursing_area": false,
        "has_playground": true,
        "id": "629FC88A-0E00-4F1D-B5AB-822823A1ED68",
        "is_wheelchair_accessible": false,
        "name": "Sydnesparken lekeplass",
        "notes": "",
        "verified": false
      }
    },
    {
      "type": "Feature",
      "geometry": {
        "coordinates": [
          10.743127,
          59.911712
        ],
        "type": "Point"
      },
      "properties": {
        "category": "cafe",
        "description": "",
        "has_changing_area": true,
        "has_child_seats": true,
        "has_nursing_area": false,
        "has_playground": false,
        "id": "E179B557-1E33-4A29-9CD1-BE24EE866E42",
        "is_wheelchair_accessible": true,
        "name": "Espresso House Steen & Strøm",
        "notes": "",
        "verified": false
      }
    },
    {
      "type": "Feature",
      "geometry": {
        "coordinates": [
          5.316685,
          60.394714
        ],
        "type": "Point"
      },
      "properties": {
        "category": "playground",
        "description": "",
        "has_changing_area": false,
        "has_child_seats": false,
        "has_nursing_area": false,
        "has_playground": true,
        "id": "9DC3CB30-B0A4-4C28-9821-B8EF71103EA7",
        "is_wheelchair_accessible": false,
        "name": "Corps de Garde lekeplass",
        "notes": "",
        "verified": false
      }
    },
    {
      "type": "Feature",
      "geometry": {
        "coordinates": [
          10.755619,
          59.9154725
        ],
        "type": "Point"
      },
      "properties": {
        "category": "cafe",
        "description": "",
        "has_changing_area": false,
        "has_child_seats": false,
        "has_nursing_area": false,
        "has_playground": false,
        "id": "F6234CBE-0DDA-47C8-A145-58267B8354AE",
        "is_wheelchair_accessible": false,
        "name": "Grytelokket",
        "notes": "",
        "verified": false
      }
    },
    {
      "type": "Feature",
      "geometry": {
        "coordinates": [
          8.0305455,
          58.1972322
        ],
        "type": "Point"
      },
      "properties": {
        "category": "playground",
        "description": "",
        "has_changing_area": false,
        "has_child_seats": false,
        "has_nursing_area": false,
        "has_playground": true,
        "id": "EE5D13AC-E5C0-4892-A000-D37FADB2BC3C",
        "is_wheelchair_accessible": false,
        "name": "Dalsveien lekepark",
        "notes": "",
        "verified": false
      }
    },
    {
      "type": "Feature",
      "geometry": {
        "coordinates": [
          10.7507703,
          59.9159729
        ],
        "type": "Point"
      },
      "properties": {
        "category": "cafe",
        "description": "",
        "has_changing_area": false,
        "has_child_seats": false,
        "has_nursing_area": false,
        "has_playground": false,
        "id": "485DEBBE-46CC-4CA4-ADFD-82F07DB16433",
        "is_wheelchair_accessible": false,
        "name": "Tunco",
        "notes": "",
        "verified": false
      }
    },
    {
      "type": "Feature",
      "geometry": {
        "coordinates": [
          10.7759038,
          59.9143227
        ],
        "type": "Point"
      },
      "properties": {
        "category": "shopping",
        "description": "",
        "has_changing_area": false,
        "has_child_seats": false,
        "has_nursing_area": false,
        "has_playground": false,
        "id": "09B3257F-E3A9-49BF-A11C-7479568D9AE6",
        "is_wheelchair_accessible": false,
        "name": "Idé Tøyen",
        "notes": "",
        "verified": false
      }
    },
    {
      "type": "Feature",
      "geometry": {
        "coordinates": [
          10.7574786,
          59.922182
        ],
        "type": "Point"
      },
      "properties": {
        "category": "cafe",
        "description": "",
        "has_changing_area": false,
        "has_child_seats": false,
        "has_nursing_area": false,
        "has_playground": false,
        "id": "532530CD-3D25-42FD-8319-90210903BF88",
        "is_wheelchair_accessible": false,
        "name": "Haralds Vaffel",
        "notes": "",
        "verified": false
      }
    },
    {
      "type": "Feature",
      "geometry": {
        "coordinates": [
          10.756,
          59.919
        ],
        "type": "Point"
      },
      "properties": {
        "category": "cafe",
        "description": "",
        "has_changing_area": true,
        "has_child_seats": false,
        "has_nursing_area": false,
        "has_playground": false,
        "id": "A4FE084A-64ED-4DB9-8DAA-7103F891E879",
        "is_wheelchair_accessible": true,
        "name": "Funky Fresh Foods (DOGA)",
        "notes": "",
        "verified": false
      }
    },
    {
      "type": "Feature",
      "geometry": {
        "coordinates": [
          10.7532295,
          59.9102498
        ],
        "type": "Point"
      },
      "properties": {
        "category": "cafe",
        "description": "",
        "has_changing_area": true,
        "has_child_seats": true,
        "has_nursing_area": false,
        "has_playground": false,
        "id": "A3B3EFBE-1C81-464B-966A-C0F76CD1C71F",
        "is_wheelchair_accessible": true,
        "name": "Espresso House Oslo S Flytogterminalen",
        "notes": "",
        "verified": false
      }
    },
    {
      "type": "Feature",
      "geometry": {
        "coordinates": [
          16.5662406,
          68.7804289
        ],
        "type": "Point"
      },
      "properties": {
        "category": "cafe",
        "description": "",
        "has_changing_area": true,
        "has_child_seats": true,
        "has_nursing_area": false,
        "has_playground": false,
        "id": "FA9299EA-C4E2-40D6-BB21-934B84CFAFAE",
        "is_wheelchair_accessible": true,
        "name": "Jordbærpikene",
        "notes": "",
        "verified": false
      }
    },
    {
      "type": "Feature",
      "geometry": {
        "coordinates": [
          10.4489113,
          59.2360069
        ],
        "type": "Point"
      },
      "properties": {
        "category": "playground",
        "description": "",
        "has_changing_area": false,
        "has_child_seats": false,
        "has_nursing_area": false,
        "has_playground": true,
        "id": "5771735E-132D-40AA-A17A-C818032F1657",
        "is_wheelchair_accessible": false,
        "name": "Venneparken",
        "notes": "",
        "verified": false
      }
    },
    {
      "type": "Feature",
      "geometry": {
        "coordinates": [
          10.397427,
          63.431047
        ],
        "type": "Point"
      },
      "properties": {
        "category": "cafe",
        "description": "",
        "has_changing_area": false,
        "has_child_seats": false,
        "has_nursing_area": false,
        "has_playground": false,
        "id": "4DD1E9A8-A650-4699-BEE3-46C0555CA1D7",
        "is_wheelchair_accessible": false,
        "name": "Somma",
        "notes": "",
        "verified": false
      }
    },
    {
      "type": "Feature",
      "geometry": {
        "coordinates": [
          10.2812402,
          60.0802821
        ],
        "type": "Point"
      },
      "properties": {
        "category": "playground",
        "description": "",
        "has_changing_area": false,
        "has_child_seats": false,
        "has_nursing_area": false,
        "has_playground": true,
        "id": "9778643B-276F-41D6-A0D8-763CCF8A910B",
        "is_wheelchair_accessible": false,
        "name": "Hole bibliotek",
        "notes": "",
        "verified": false
      }
    },
    {
      "type": "Feature",
      "geometry": {
        "coordinates": [
          10.3973725,
          59.9035541
        ],
        "type": "Point"
      },
      "properties": {
        "category": "cafe",
        "description": "",
        "has_changing_area": false,
        "has_child_seats": false,
        "has_nursing_area": false,
        "has_playground": false,
        "id": "A931C7AB-65A3-4092-AF09-8AC7DFC4FDF0",
        "is_wheelchair_accessible": false,
        "name": "Grønland",
        "notes": "",
        "verified": false
      }
    },
    {
      "type": "Feature",
      "geometry": {
        "coordinates": [
          11.5811726,
          60.8680831
        ],
        "type": "Point"
      },
      "properties": {
        "category": "playground",
        "description": "",
        "has_changing_area": false,
        "has_child_seats": false,
        "has_nursing_area": false,
        "has_playground": true,
        "id": "EBAD2DC2-B136-4616-9C83-E4EA26C531F2",
        "is_wheelchair_accessible": false,
        "name": "Mastmoen lekeplass",
        "notes": "",
        "verified": false
      }
    },
    {
      "type": "Feature",
      "geometry": {
        "coordinates": [
          10.5047729,
          63.4061349
        ],
        "type": "Point"
      },
      "properties": {
        "category": "playground",
        "description": "",
        "has_changing_area": false,
        "has_child_seats": false,
        "has_nursing_area": false,
        "has_playground": true,
        "id": "E570D7AF-88EE-4FA4-8BDC-2D240499CA40",
        "is_wheelchair_accessible": false,
        "name": "Lek 3",
        "notes": "",
        "verified": false
      }
    },
    {
      "type": "Feature",
      "geometry": {
        "coordinates": [
          10.7437639,
          59.9181793
        ],
        "type": "Point"
      },
      "properties": {
        "category": "cafe",
        "description": "",
        "has_changing_area": false,
        "has_child_seats": false,
        "has_nursing_area": false,
        "has_playground": false,
        "id": "62DCDFFD-B90C-4B74-BDF1-183E414C0EE0",
        "is_wheelchair_accessible": true,
        "name": "La Belle Flør Café & Planter",
        "notes": "",
        "verified": false
      }
    },
    {
      "type": "Feature",
      "geometry": {
        "coordinates": [
          10.4018725,
          59.5941606
        ],
        "type": "Point"
      },
      "properties": {
        "category": "other",
        "description": "",
        "has_changing_area": true,
        "has_child_seats": false,
        "has_nursing_area": false,
        "has_playground": false,
        "id": "068FA4E9-764B-4D2E-92D2-90735E9961A1",
        "is_wheelchair_accessible": true,
        "name": "Public toilets (with changing table)",
        "notes": "",
        "verified": false
      }
    },
    {
      "type": "Feature",
      "geometry": {
        "coordinates": [
          13.288277,
          66.6241569
        ],
        "type": "Point"
      },
      "properties": {
        "category": "other",
        "description": "",
        "has_changing_area": true,
        "has_child_seats": false,
        "has_nursing_area": false,
        "has_playground": false,
        "id": "F6B69AD2-AAC1-4CB5-8FBA-FD00D97CE9C1",
        "is_wheelchair_accessible": true,
        "name": "Public toilets (with changing table)",
        "notes": "",
        "verified": false
      }
    },
    {
      "type": "Feature",
      "geometry": {
        "coordinates": [
          8.5201034,
          59.0238777
        ],
        "type": "Point"
      },
      "properties": {
        "category": "playground",
        "description": "",
        "has_changing_area": false,
        "has_child_seats": false,
        "has_nursing_area": false,
        "has_playground": true,
        "id": "80D953D9-F509-49CC-9829-00B0C625C7A6",
        "is_wheelchair_accessible": false,
        "name": "Nissedal folkebibliotek",
        "notes": "",
        "verified": false
      }
    },
    {
      "type": "Feature",
      "geometry": {
        "coordinates": [
          10.7518224,
          59.9222966
        ],
        "type": "Point"
      },
      "properties": {
        "category": "cafe",
        "description": "",
        "has_changing_area": false,
        "has_child_seats": false,
        "has_nursing_area": false,
        "has_playground": false,
        "id": "2503B4F6-CBA0-4704-9AB1-986AAB436B62",
        "is_wheelchair_accessible": false,
        "name": "Hongs Bao Bao",
        "notes": "",
        "verified": false
      }
    },
    {
      "type": "Feature",
      "geometry": {
        "coordinates": [
          10.7421827,
          59.9145673
        ],
        "type": "Point"
      },
      "properties": {
        "category": "cafe",
        "description": "",
        "has_changing_area": false,
        "has_child_seats": false,
        "has_nursing_area": false,
        "has_playground": false,
        "id": "0C6D6911-8FD3-48EE-B86C-6E844F593A3E",
        "is_wheelchair_accessible": false,
        "name": "Luna Park",
        "notes": "",
        "verified": false
      }
    },
    {
      "type": "Feature",
      "geometry": {
        "coordinates": [
          10.7343121,
          59.9115602
        ],
        "type": "Point"
      },
      "properties": {
        "category": "cafe",
        "description": "",
        "has_changing_area": false,
        "has_child_seats": false,
        "has_nursing_area": false,
        "has_playground": false,
        "id": "C43DA3D5-4188-4E89-9E9C-04A4AAB83C2D",
        "is_wheelchair_accessible": false,
        "name": "Kaffebrenneriet",
        "notes": "",
        "verified": false
      }
    },
    {
      "type": "Feature",
      "geometry": {
        "coordinates": [
          10.5497153,
          60.0514999
        ],
        "type": "Point"
      },
      "properties": {
        "category": "cafe",
        "description": "",
        "has_changing_area": false,
        "has_child_seats": false,
        "has_nursing_area": false,
        "has_playground": false,
        "id": "79FA3E26-9306-4639-9EA8-39E5AA95BC17",
        "is_wheelchair_accessible": false,
        "name": "Smedmyrkoia",
        "notes": "",
        "verified": false
      }
    },
    {
      "type": "Feature",
      "geometry": {
        "coordinates": [
          11.0479187,
          59.9566225
        ],
        "type": "Point"
      },
      "properties": {
        "category": "cafe",
        "description": "",
        "has_changing_area": false,
        "has_child_seats": false,
        "has_nursing_area": false,
        "has_playground": false,
        "id": "D7583A1A-FDA1-4609-8B53-796E1E985AD2",
        "is_wheelchair_accessible": false,
        "name": "La Luna",
        "notes": "",
        "verified": false
      }
    },
    {
      "type": "Feature",
      "geometry": {
        "coordinates": [
          10.7569352,
          59.9071487
        ],
        "type": "Point"
      },
      "properties": {
        "category": "cafe",
        "description": "",
        "has_changing_area": false,
        "has_child_seats": true,
        "has_nursing_area": false,
        "has_playground": false,
        "id": "069A6AE4-E7E7-4E28-8D34-497B6824E277",
        "is_wheelchair_accessible": true,
        "name": "Godt Brød",
        "notes": "",
        "verified": false
      }
    },
    {
      "type": "Feature",
      "geometry": {
        "coordinates": [
          10.7722434,
          59.947683
        ],
        "type": "Point"
      },
      "properties": {
        "category": "cafe",
        "description": "",
        "has_changing_area": false,
        "has_child_seats": false,
        "has_nursing_area": false,
        "has_playground": false,
        "id": "AAB551B0-1E4C-45AC-A99F-E536B10FADE7",
        "is_wheelchair_accessible": true,
        "name": "Candy Bar",
        "notes": "",
        "verified": false
      }
    },
    {
      "type": "Feature",
      "geometry": {
        "coordinates": [
          10.1819584,
          59.7498013
        ],
        "type": "Point"
      },
      "properties": {
        "category": "playground",
        "description": "",
        "has_changing_area": false,
        "has_child_seats": false,
        "has_nursing_area": false,
        "has_playground": true,
        "id": "59AFC115-B13E-4232-87BD-3CBEAD4A10CB",
        "is_wheelchair_accessible": false,
        "name": "Nordal Bruns gt. lekeplass",
        "notes": "",
        "verified": false
      }
    },
    {
      "type": "Feature",
      "geometry": {
        "coordinates": [
          10.7708,
          59.9226
        ],
        "type": "Point"
      },
      "properties": {
        "category": "playground",
        "description": "",
        "has_changing_area": true,
        "has_child_seats": false,
        "has_nursing_area": false,
        "has_playground": true,
        "id": "D5D88FE3-46F3-4965-BE82-862510B9C42B",
        "is_wheelchair_accessible": false,
        "name": "Sofienberg Park Playground",
        "notes": "",
        "verified": false
      }
    },
    {
      "type": "Feature",
      "geometry": {
        "coordinates": [
          5.7067098,
          58.9403846
        ],
        "type": "Point"
      },
      "properties": {
        "category": "cafe",
        "description": "",
        "has_changing_area": false,
        "has_child_seats": false,
        "has_nursing_area": false,
        "has_playground": false,
        "id": "EDE1CEE6-35B0-4A6E-AB47-68F9D9FE5BBD",
        "is_wheelchair_accessible": false,
        "name": "Ullandhaugtårnet",
        "notes": "",
        "verified": false
      }
    },
    {
      "type": "Feature",
      "geometry": {
        "coordinates": [
          8.00628,
          58.147409
        ],
        "type": "Point"
      },
      "properties": {
        "category": "cafe",
        "description": "",
        "has_changing_area": false,
        "has_child_seats": false,
        "has_nursing_area": false,
        "has_playground": false,
        "id": "76E825BE-DE4A-4DDB-AF4D-BAF01C506CBB",
        "is_wheelchair_accessible": false,
        "name": "Kjøkkenskapet",
        "notes": "",
        "verified": false
      }
    },
    {
      "type": "Feature",
      "geometry": {
        "coordinates": [
          10.7266139,
          59.9228334
        ],
        "type": "Point"
      },
      "properties": {
        "category": "cafe",
        "description": "",
        "has_changing_area": false,
        "has_child_seats": false,
        "has_nursing_area": false,
        "has_playground": false,
        "id": "B7DE32E6-0A4B-45D3-87FF-C8AF75EC7A63",
        "is_wheelchair_accessible": false,
        "name": "Baker Hansen",
        "notes": "",
        "verified": false
      }
    },
    {
      "type": "Feature",
      "geometry": {
        "coordinates": [
          8.6139656,
          58.5096733
        ],
        "type": "Point"
      },
      "properties": {
        "category": "playground",
        "description": "",
        "has_changing_area": false,
        "has_child_seats": false,
        "has_nursing_area": false,
        "has_playground": true,
        "id": "BDB833AD-761E-4CA0-A549-D49C60870566",
        "is_wheelchair_accessible": false,
        "name": "Bliksåsen barnehage",
        "notes": "",
        "verified": false
      }
    },
    {
      "type": "Feature",
      "geometry": {
        "coordinates": [
          10.752,
          59.922
        ],
        "type": "Point"
      },
      "properties": {
        "category": "cafe",
        "description": "",
        "has_changing_area": true,
        "has_child_seats": false,
        "has_nursing_area": false,
        "has_playground": false,
        "id": "4FD312EA-99D5-45EF-A1D7-089840C72773",
        "is_wheelchair_accessible": true,
        "name": "Mathallen Oslo",
        "notes": "",
        "verified": false
      }
    },
    {
      "type": "Feature",
      "geometry": {
        "coordinates": [
          8.1433951,
          58.1883479
        ],
        "type": "Point"
      },
      "properties": {
        "category": "cafe",
        "description": "",
        "has_changing_area": false,
        "has_child_seats": false,
        "has_nursing_area": false,
        "has_playground": false,
        "id": "A35C8951-B9FB-4C47-88A0-8D147126E2E0",
        "is_wheelchair_accessible": false,
        "name": "Vannlinja",
        "notes": "",
        "verified": false
      }
    },
    {
      "type": "Feature",
      "geometry": {
        "coordinates": [
          8.2061904,
          60.5337851
        ],
        "type": "Point"
      },
      "properties": {
        "category": "other",
        "description": "",
        "has_changing_area": true,
        "has_child_seats": false,
        "has_nursing_area": false,
        "has_playground": false,
        "id": "414A25ED-5F66-4885-8086-E04E4C0D4345",
        "is_wheelchair_accessible": true,
        "name": "Public toilets (with changing table)",
        "notes": "",
        "verified": false
      }
    },
    {
      "type": "Feature",
      "geometry": {
        "coordinates": [
          10.8925123,
          59.9636711
        ],
        "type": "Point"
      },
      "properties": {
        "category": "playground",
        "description": "",
        "has_changing_area": false,
        "has_child_seats": false,
        "has_nursing_area": false,
        "has_playground": true,
        "id": "115D0BBF-6B50-4971-BB67-D5701AA080D8",
        "is_wheelchair_accessible": false,
        "name": "Deichman Romsås",
        "notes": "",
        "verified": false
      }
    },
    {
      "type": "Feature",
      "geometry": {
        "coordinates": [
          10.755541,
          59.914657
        ],
        "type": "Point"
      },
      "properties": {
        "category": "cafe",
        "description": "",
        "has_changing_area": false,
        "has_child_seats": false,
        "has_nursing_area": false,
        "has_playground": false,
        "id": "161E48CB-A8F8-409A-A423-28FEDE0D0025",
        "is_wheelchair_accessible": false,
        "name": "Prindsen hage",
        "notes": "",
        "verified": false
      }
    },
    {
      "type": "Feature",
      "geometry": {
        "coordinates": [
          9.6914594,
          62.5946378
        ],
        "type": "Point"
      },
      "properties": {
        "category": "other",
        "description": "",
        "has_changing_area": true,
        "has_child_seats": false,
        "has_nursing_area": false,
        "has_playground": false,
        "id": "76B49663-3AF4-4D89-94EA-11A598EE01D4",
        "is_wheelchair_accessible": true,
        "name": "Public toilets (with changing table)",
        "notes": "",
        "verified": false
      }
    },
    {
      "type": "Feature",
      "geometry": {
        "coordinates": [
          10.5071136,
          60.0238156
        ],
        "type": "Point"
      },
      "properties": {
        "category": "cafe",
        "description": "",
        "has_changing_area": false,
        "has_child_seats": false,
        "has_nursing_area": false,
        "has_playground": false,
        "id": "AD1D1891-5D73-4586-BD5E-917C474AC12A",
        "is_wheelchair_accessible": false,
        "name": "Storebekkbua",
        "notes": "",
        "verified": false
      }
    },
    {
      "type": "Feature",
      "geometry": {
        "coordinates": [
          10.4996858,
          59.9464399
        ],
        "type": "Point"
      },
      "properties": {
        "category": "playground",
        "description": "",
        "has_changing_area": false,
        "has_child_seats": false,
        "has_nursing_area": false,
        "has_playground": true,
        "id": "B9A95F53-AB1F-42B6-8EA0-18312C7B7694",
        "is_wheelchair_accessible": false,
        "name": "Edderkoppspinnet",
        "notes": "",
        "verified": false
      }
    },
    {
      "type": "Feature",
      "geometry": {
        "coordinates": [
          5.455441,
          60.375484
        ],
        "type": "Point"
      },
      "properties": {
        "category": "playground",
        "description": "",
        "has_changing_area": false,
        "has_child_seats": false,
        "has_nursing_area": false,
        "has_playground": true,
        "id": "73F0412A-9855-4DEB-8EDA-FA449BC2BA19",
        "is_wheelchair_accessible": false,
        "name": "Lone lekeplass",
        "notes": "",
        "verified": false
      }
    },
    {
      "type": "Feature",
      "geometry": {
        "coordinates": [
          10.7643521,
          59.9341855
        ],
        "type": "Point"
      },
      "properties": {
        "category": "cafe",
        "description": "",
        "has_changing_area": false,
        "has_child_seats": false,
        "has_nursing_area": false,
        "has_playground": false,
        "id": "385CB372-8C3E-4698-8EC4-AB61B0ABC5F2",
        "is_wheelchair_accessible": false,
        "name": "Café Stamboul",
        "notes": "",
        "verified": false
      }
    },
    {
      "type": "Feature",
      "geometry": {
        "coordinates": [
          8.1938414,
          59.498212
        ],
        "type": "Point"
      },
      "properties": {
        "category": "playground",
        "description": "",
        "has_changing_area": false,
        "has_child_seats": false,
        "has_nursing_area": false,
        "has_playground": true,
        "id": "B6043237-BF40-44D8-BCE0-46163C298CFB",
        "is_wheelchair_accessible": false,
        "name": "Tokke folkebibliotek, Høydalsmo avdeling",
        "notes": "",
        "verified": false
      }
    },
    {
      "type": "Feature",
      "geometry": {
        "coordinates": [
          5.325645,
          60.392581
        ],
        "type": "Point"
      },
      "properties": {
        "category": "cafe",
        "description": "",
        "has_changing_area": false,
        "has_child_seats": false,
        "has_nursing_area": false,
        "has_playground": false,
        "id": "0B2417AB-B22D-4602-A0AD-A72661FFBC12",
        "is_wheelchair_accessible": false,
        "name": "Solbrød",
        "notes": "",
        "verified": false
      }
    },
    {
      "type": "Feature",
      "geometry": {
        "coordinates": [
          10.4744169,
          63.4066107
        ],
        "type": "Point"
      },
      "properties": {
        "category": "cafe",
        "description": "",
        "has_changing_area": false,
        "has_child_seats": false,
        "has_nursing_area": false,
        "has_playground": false,
        "id": "02AA0935-4C9A-4260-AAE3-AD5764FB500D",
        "is_wheelchair_accessible": true,
        "name": "SiT Matbaren Idrettsbygget",
        "notes": "",
        "verified": false
      }
    },
    {
      "type": "Feature",
      "geometry": {
        "coordinates": [
          10.6708045,
          59.845799
        ],
        "type": "Point"
      },
      "properties": {
        "category": "cafe",
        "description": "",
        "has_changing_area": false,
        "has_child_seats": false,
        "has_nursing_area": false,
        "has_playground": false,
        "id": "8A844698-CE38-4311-8C5D-E91DC166535A",
        "is_wheelchair_accessible": false,
        "name": "Jafs",
        "notes": "",
        "verified": false
      }
    },
    {
      "type": "Feature",
      "geometry": {
        "coordinates": [
          10.7435853,
          59.9136191
        ],
        "type": "Point"
      },
      "properties": {
        "category": "shopping",
        "description": "",
        "has_changing_area": false,
        "has_child_seats": false,
        "has_nursing_area": false,
        "has_playground": false,
        "id": "130D340F-801F-41AB-A112-22A2DC2B94FB",
        "is_wheelchair_accessible": true,
        "name": "Polarn O. Pyret",
        "notes": "",
        "verified": false
      }
    },
    {
      "type": "Feature",
      "geometry": {
        "coordinates": [
          5.3649626,
          60.3560021
        ],
        "type": "Point"
      },
      "properties": {
        "category": "playground",
        "description": "",
        "has_changing_area": false,
        "has_child_seats": false,
        "has_nursing_area": false,
        "has_playground": true,
        "id": "4E3249D3-7E27-4859-A845-03DE0843FCB0",
        "is_wheelchair_accessible": false,
        "name": "Natland borettslag lekeplass",
        "notes": "",
        "verified": false
      }
    },
    {
      "type": "Feature",
      "geometry": {
        "coordinates": [
          10.6438478,
          59.9480368
        ],
        "type": "Point"
      },
      "properties": {
        "category": "cafe",
        "description": "",
        "has_changing_area": false,
        "has_child_seats": false,
        "has_nursing_area": false,
        "has_playground": false,
        "id": "86E0D735-2578-435E-AFBC-98758BFB6219",
        "is_wheelchair_accessible": false,
        "name": "Japoniis",
        "notes": "",
        "verified": false
      }
    },
    {
      "type": "Feature",
      "geometry": {
        "coordinates": [
          10.9388963,
          60.7514605
        ],
        "type": "Point"
      },
      "properties": {
        "category": "playground",
        "description": "",
        "has_changing_area": false,
        "has_child_seats": false,
        "has_nursing_area": false,
        "has_playground": true,
        "id": "8105B723-B039-44D1-BFCA-EB2238F79F93",
        "is_wheelchair_accessible": false,
        "name": "Skurven lekepark",
        "notes": "",
        "verified": false
      }
    },
    {
      "type": "Feature",
      "geometry": {
        "coordinates": [
          10.4000199,
          63.4267964
        ],
        "type": "Point"
      },
      "properties": {
        "category": "cafe",
        "description": "",
        "has_changing_area": false,
        "has_child_seats": false,
        "has_nursing_area": false,
        "has_playground": false,
        "id": "B6665A57-BCC8-4542-94C1-C26479A5BB63",
        "is_wheelchair_accessible": false,
        "name": "Streif Bakeri og Café",
        "notes": "",
        "verified": false
      }
    },
    {
      "type": "Feature",
      "geometry": {
        "coordinates": [
          7.934881,
          58.147047
        ],
        "type": "Point"
      },
      "properties": {
        "category": "playground",
        "description": "",
        "has_changing_area": false,
        "has_child_seats": false,
        "has_nursing_area": false,
        "has_playground": true,
        "id": "E27C248F-4F9D-4DD8-B954-04F96A9D956B",
        "is_wheelchair_accessible": false,
        "name": "Kristiansand folkebibliotek, Hellemyr bibliotek",
        "notes": "",
        "verified": false
      }
    },
    {
      "type": "Feature",
      "geometry": {
        "coordinates": [
          8.0909298,
          58.1287545
        ],
        "type": "Point"
      },
      "properties": {
        "category": "playground",
        "description": "",
        "has_changing_area": false,
        "has_child_seats": false,
        "has_nursing_area": false,
        "has_playground": true,
        "id": "EE8967F0-B1F3-4AA7-B876-9AE8013D8D73",
        "is_wheelchair_accessible": false,
        "name": "Fidjeåsen playground",
        "notes": "",
        "verified": false
      }
    },
    {
      "type": "Feature",
      "geometry": {
        "coordinates": [
          5.755296,
          59.8606065
        ],
        "type": "Point"
      },
      "properties": {
        "category": "playground",
        "description": "",
        "has_changing_area": false,
        "has_child_seats": false,
        "has_nursing_area": false,
        "has_playground": true,
        "id": "C836E5E3-F989-4826-BC74-617CD9CDB8DF",
        "is_wheelchair_accessible": true,
        "name": "Kvinnherad bibliotek",
        "notes": "",
        "verified": false
      }
    },
    {
      "type": "Feature",
      "geometry": {
        "coordinates": [
          10.6868524,
          59.907274
        ],
        "type": "Point"
      },
      "properties": {
        "category": "other",
        "description": "",
        "has_changing_area": true,
        "has_child_seats": false,
        "has_nursing_area": false,
        "has_playground": false,
        "id": "B96CD032-35D7-47E7-9C2B-9F9698CC75CC",
        "is_wheelchair_accessible": false,
        "name": "Public toilets (with changing table)",
        "notes": "",
        "verified": false
      }
    },
    {
      "type": "Feature",
      "geometry": {
        "coordinates": [
          5.323595,
          60.399235
        ],
        "type": "Point"
      },
      "properties": {
        "category": "playground",
        "description": "",
        "has_changing_area": false,
        "has_child_seats": false,
        "has_nursing_area": false,
        "has_playground": true,
        "id": "DBAFE3FF-3E7B-4ADE-B59D-BECA6B41F721",
        "is_wheelchair_accessible": false,
        "name": "Kroken lekeplass",
        "notes": "",
        "verified": false
      }
    },
    {
      "type": "Feature",
      "geometry": {
        "coordinates": [
          5.3474053,
          60.372695
        ],
        "type": "Point"
      },
      "properties": {
        "category": "playground",
        "description": "",
        "has_changing_area": false,
        "has_child_seats": false,
        "has_nursing_area": false,
        "has_playground": true,
        "id": "19DE528B-EC1E-4593-BFB1-C2002F92F9B7",
        "is_wheelchair_accessible": false,
        "name": "Camilla Colletts gate lekeplass",
        "notes": "",
        "verified": false
      }
    },
    {
      "type": "Feature",
      "geometry": {
        "coordinates": [
          10.865052,
          60.058307
        ],
        "type": "Point"
      },
      "properties": {
        "category": "cafe",
        "description": "",
        "has_changing_area": false,
        "has_child_seats": false,
        "has_nursing_area": false,
        "has_playground": false,
        "id": "09E40170-D900-4D8A-8B5A-1B12BDFA7FEB",
        "is_wheelchair_accessible": false,
        "name": "Nittedal landhandleri",
        "notes": "",
        "verified": false
      }
    },
    {
      "type": "Feature",
      "geometry": {
        "coordinates": [
          10.7681067,
          59.9095306
        ],
        "type": "Point"
      },
      "properties": {
        "category": "cafe",
        "description": "",
        "has_changing_area": false,
        "has_child_seats": false,
        "has_nursing_area": false,
        "has_playground": false,
        "id": "BF6780A6-4189-4462-8875-A22841EB0F19",
        "is_wheelchair_accessible": false,
        "name": "Silin Bakeri",
        "notes": "",
        "verified": false
      }
    },
    {
      "type": "Feature",
      "geometry": {
        "coordinates": [
          10.531031,
          59.8875927
        ],
        "type": "Point"
      },
      "properties": {
        "category": "other",
        "description": "",
        "has_changing_area": true,
        "has_child_seats": false,
        "has_nursing_area": false,
        "has_playground": false,
        "id": "56143C9C-B2AD-42A5-845C-753E7BE0DC42",
        "is_wheelchair_accessible": true,
        "name": "Public toilets (with changing table)",
        "notes": "",
        "verified": false
      }
    },
    {
      "type": "Feature",
      "geometry": {
        "coordinates": [
          11.1004243,
          60.1959762
        ],
        "type": "Point"
      },
      "properties": {
        "category": "other",
        "description": "",
        "has_changing_area": true,
        "has_child_seats": false,
        "has_nursing_area": false,
        "has_playground": false,
        "id": "285E3BEA-F1E4-489A-9F14-391E4D857EE4",
        "is_wheelchair_accessible": true,
        "name": "Public toilets (with changing table)",
        "notes": "",
        "verified": false
      }
    },
    {
      "type": "Feature",
      "geometry": {
        "coordinates": [
          10.759426,
          59.939001
        ],
        "type": "Point"
      },
      "properties": {
        "category": "shopping",
        "description": "",
        "has_changing_area": false,
        "has_child_seats": false,
        "has_nursing_area": false,
        "has_playground": false,
        "id": "C907AD7B-AC52-4ECA-BAF4-80206A9ACCC2",
        "is_wheelchair_accessible": true,
        "name": "Nøstebarn",
        "notes": "",
        "verified": false
      }
    },
    {
      "type": "Feature",
      "geometry": {
        "coordinates": [
          10.4004887,
          63.4343345
        ],
        "type": "Point"
      },
      "properties": {
        "category": "cafe",
        "description": "",
        "has_changing_area": false,
        "has_child_seats": false,
        "has_nursing_area": false,
        "has_playground": false,
        "id": "35C70133-251D-4DCC-9C61-70F2DFB0AAFD",
        "is_wheelchair_accessible": false,
        "name": "Café Le Frère",
        "notes": "",
        "verified": false
      }
    },
    {
      "type": "Feature",
      "geometry": {
        "coordinates": [
          10.735549,
          59.9667125
        ],
        "type": "Point"
      },
      "properties": {
        "category": "playground",
        "description": "",
        "has_changing_area": false,
        "has_child_seats": false,
        "has_nursing_area": false,
        "has_playground": true,
        "id": "A972BF14-28BE-4E70-8DC7-F4F2D9F88B4C",
        "is_wheelchair_accessible": true,
        "name": "Riksarkivet",
        "notes": "",
        "verified": false
      }
    },
    {
      "type": "Feature",
      "geometry": {
        "coordinates": [
          5.8652133,
          58.9183173
        ],
        "type": "Point"
      },
      "properties": {
        "category": "playground",
        "description": "",
        "has_changing_area": false,
        "has_child_seats": false,
        "has_nursing_area": false,
        "has_playground": true,
        "id": "80588331-2841-411C-900C-C012CE4820F6",
        "is_wheelchair_accessible": false,
        "name": "Kubergplassen",
        "notes": "",
        "verified": false
      }
    },
    {
      "type": "Feature",
      "geometry": {
        "coordinates": [
          10.4232799,
          63.4356523
        ],
        "type": "Point"
      },
      "properties": {
        "category": "playground",
        "description": "",
        "has_changing_area": false,
        "has_child_seats": false,
        "has_nursing_area": false,
        "has_playground": true,
        "id": "D6B08622-AF4A-4C00-9E63-F0C4E6D29787",
        "is_wheelchair_accessible": false,
        "name": "Buran lekeplass",
        "notes": "",
        "verified": false
      }
    },
    {
      "type": "Feature",
      "geometry": {
        "coordinates": [
          10.7631668,
          59.9112675
        ],
        "type": "Point"
      },
      "properties": {
        "category": "cafe",
        "description": "",
        "has_changing_area": false,
        "has_child_seats": false,
        "has_nursing_area": false,
        "has_playground": false,
        "id": "0664D8B0-A2BB-4994-B2BA-B35F3A3C3E20",
        "is_wheelchair_accessible": false,
        "name": "Even Espressobar",
        "notes": "",
        "verified": false
      }
    },
    {
      "type": "Feature",
      "geometry": {
        "coordinates": [
          9.071639,
          58.8193742
        ],
        "type": "Point"
      },
      "properties": {
        "category": "playground",
        "description": "",
        "has_changing_area": false,
        "has_child_seats": false,
        "has_nursing_area": false,
        "has_playground": true,
        "id": "576D69DB-99D8-4015-81D2-934F2F118659",
        "is_wheelchair_accessible": false,
        "name": "Sklieområde",
        "notes": "",
        "verified": false
      }
    },
    {
      "type": "Feature",
      "geometry": {
        "coordinates": [
          11.061808,
          59.2968427
        ],
        "type": "Point"
      },
      "properties": {
        "category": "playground",
        "description": "",
        "has_changing_area": false,
        "has_child_seats": false,
        "has_nursing_area": false,
        "has_playground": true,
        "id": "9E672A27-B6C1-47D7-9930-71F10B9DF6A6",
        "is_wheelchair_accessible": false,
        "name": "Trafikksikkerhetsløype",
        "notes": "",
        "verified": false
      }
    },
    {
      "type": "Feature",
      "geometry": {
        "coordinates": [
          10.7401286,
          59.9170045
        ],
        "type": "Point"
      },
      "properties": {
        "category": "cafe",
        "description": "",
        "has_changing_area": false,
        "has_child_seats": false,
        "has_nursing_area": false,
        "has_playground": false,
        "id": "851FFBCA-2A46-4630-8611-55E649CD7AE2",
        "is_wheelchair_accessible": false,
        "name": "Kawiarnia Fuglen",
        "notes": "",
        "verified": false
      }
    },
    {
      "type": "Feature",
      "geometry": {
        "coordinates": [
          10.3671853,
          59.7164414
        ],
        "type": "Point"
      },
      "properties": {
        "category": "playground",
        "description": "",
        "has_changing_area": false,
        "has_child_seats": false,
        "has_nursing_area": false,
        "has_playground": true,
        "id": "32A8E651-CC43-4AEC-8D2A-EF8A492E10CE",
        "is_wheelchair_accessible": false,
        "name": "Book booth",
        "notes": "",
        "verified": false
      }
    },
    {
      "type": "Feature",
      "geometry": {
        "coordinates": [
          5.329953,
          60.395927
        ],
        "type": "Point"
      },
      "properties": {
        "category": "playground",
        "description": "",
        "has_changing_area": false,
        "has_child_seats": false,
        "has_nursing_area": false,
        "has_playground": true,
        "id": "A898093A-200C-4A39-B42C-17DCF14709C7",
        "is_wheelchair_accessible": false,
        "name": "Bernhard Meyers vei lekeplass",
        "notes": "",
        "verified": false
      }
    },
    {
      "type": "Feature",
      "geometry": {
        "coordinates": [
          10.9620259,
          63.4821934
        ],
        "type": "Point"
      },
      "properties": {
        "category": "playground",
        "description": "",
        "has_changing_area": false,
        "has_child_seats": false,
        "has_nursing_area": false,
        "has_playground": true,
        "id": "382347C1-2F46-42F8-971A-E30895B3F7E3",
        "is_wheelchair_accessible": false,
        "name": "Kvartshøgda Lekeplass",
        "notes": "",
        "verified": false
      }
    },
    {
      "type": "Feature",
      "geometry": {
        "coordinates": [
          10.8227728,
          59.8653645
        ],
        "type": "Point"
      },
      "properties": {
        "category": "playground",
        "description": "",
        "has_changing_area": false,
        "has_child_seats": false,
        "has_nursing_area": false,
        "has_playground": true,
        "id": "CE258526-A71F-479E-AF00-6808089B2066",
        "is_wheelchair_accessible": false,
        "name": "Kamomille lekeplass",
        "notes": "",
        "verified": false
      }
    },
    {
      "type": "Feature",
      "geometry": {
        "coordinates": [
          5.6937786,
          58.9865217
        ],
        "type": "Point"
      },
      "properties": {
        "category": "cafe",
        "description": "",
        "has_changing_area": false,
        "has_child_seats": false,
        "has_nursing_area": false,
        "has_playground": false,
        "id": "9040138E-8545-48E0-891C-AEBEB5BC8A6C",
        "is_wheelchair_accessible": true,
        "name": "The Shack",
        "notes": "",
        "verified": false
      }
    },
    {
      "type": "Feature",
      "geometry": {
        "coordinates": [
          10.0100252,
          59.7478063
        ],
        "type": "Point"
      },
      "properties": {
        "category": "playground",
        "description": "",
        "has_changing_area": false,
        "has_child_seats": false,
        "has_nursing_area": false,
        "has_playground": true,
        "id": "0272C82A-3B3C-45F8-844A-FE298EAA2311",
        "is_wheelchair_accessible": false,
        "name": "Vikhagan lekeplass",
        "notes": "",
        "verified": false
      }
    },
    {
      "type": "Feature",
      "geometry": {
        "coordinates": [
          5.322305,
          60.402195
        ],
        "type": "Point"
      },
      "properties": {
        "category": "playground",
        "description": "",
        "has_changing_area": false,
        "has_child_seats": false,
        "has_nursing_area": false,
        "has_playground": true,
        "id": "C283AD6B-FAA0-4636-96B4-D73FA33CF03C",
        "is_wheelchair_accessible": false,
        "name": "Bøkkergaten lekeplass",
        "notes": "",
        "verified": false
      }
    },
    {
      "type": "Feature",
      "geometry": {
        "coordinates": [
          10.753086,
          59.9106706
        ],
        "type": "Point"
      },
      "properties": {
        "category": "cafe",
        "description": "",
        "has_changing_area": false,
        "has_child_seats": false,
        "has_nursing_area": false,
        "has_playground": false,
        "id": "D0F8BE2D-7E39-4262-B800-7E104BFA54E3",
        "is_wheelchair_accessible": false,
        "name": "Smoothie Xchange",
        "notes": "",
        "verified": false
      }
    },
    {
      "type": "Feature",
      "geometry": {
        "coordinates": [
          10.7342774,
          59.9329117
        ],
        "type": "Point"
      },
      "properties": {
        "category": "cafe",
        "description": "",
        "has_changing_area": false,
        "has_child_seats": false,
        "has_nursing_area": false,
        "has_playground": false,
        "id": "E529ABA9-74FC-4010-B9AD-D488D605CB87",
        "is_wheelchair_accessible": false,
        "name": "Oslo RAW",
        "notes": "",
        "verified": false
      }
    },
    {
      "type": "Feature",
      "geometry": {
        "coordinates": [
          7.997106,
          58.137772
        ],
        "type": "Point"
      },
      "properties": {
        "category": "cafe",
        "description": "",
        "has_changing_area": false,
        "has_child_seats": false,
        "has_nursing_area": false,
        "has_playground": false,
        "id": "1C2C6FAE-3A68-4102-AB23-96F14E173420",
        "is_wheelchair_accessible": false,
        "name": "Solskinn og Latter",
        "notes": "",
        "verified": false
      }
    },
    {
      "type": "Feature",
      "geometry": {
        "coordinates": [
          10.4991285,
          59.9446621
        ],
        "type": "Point"
      },
      "properties": {
        "category": "playground",
        "description": "",
        "has_changing_area": false,
        "has_child_seats": false,
        "has_nursing_area": false,
        "has_playground": true,
        "id": "C8B37869-EADF-4910-B654-149ECC3060B9",
        "is_wheelchair_accessible": false,
        "name": "Ormekollen lekeplass",
        "notes": "",
        "verified": false
      }
    },
    {
      "type": "Feature",
      "geometry": {
        "coordinates": [
          5.6510487,
          58.6163618
        ],
        "type": "Point"
      },
      "properties": {
        "category": "playground",
        "description": "",
        "has_changing_area": false,
        "has_child_seats": false,
        "has_nursing_area": false,
        "has_playground": true,
        "id": "6A749FEB-EB2B-446A-BD20-AEDF8A15304A",
        "is_wheelchair_accessible": false,
        "name": "Hå folkebibliotek, Varhaug avdeling",
        "notes": "",
        "verified": false
      }
    },
    {
      "type": "Feature",
      "geometry": {
        "coordinates": [
          5.7114793,
          58.9784025
        ],
        "type": "Point"
      },
      "properties": {
        "category": "playground",
        "description": "",
        "has_changing_area": false,
        "has_child_seats": false,
        "has_nursing_area": false,
        "has_playground": true,
        "id": "7472BD83-E764-4948-9BC7-D3B42AC0AB20",
        "is_wheelchair_accessible": false,
        "name": "Utsikten sandbox",
        "notes": "",
        "verified": false
      }
    },
    {
      "type": "Feature",
      "geometry": {
        "coordinates": [
          10.3010922,
          59.8523019
        ],
        "type": "Point"
      },
      "properties": {
        "category": "cafe",
        "description": "",
        "has_changing_area": false,
        "has_child_seats": false,
        "has_nursing_area": false,
        "has_playground": false,
        "id": "868936C3-0582-4A05-A5C4-F3E03D8227CD",
        "is_wheelchair_accessible": false,
        "name": "Oppsalsetra",
        "notes": "",
        "verified": false
      }
    },
    {
      "type": "Feature",
      "geometry": {
        "coordinates": [
          5.327278,
          60.378032
        ],
        "type": "Point"
      },
      "properties": {
        "category": "cafe",
        "description": "",
        "has_changing_area": false,
        "has_child_seats": false,
        "has_nursing_area": false,
        "has_playground": false,
        "id": "71C2F7E5-4282-4C13-B6D7-04CFB2E14090",
        "is_wheelchair_accessible": false,
        "name": "Royal Doner Danmarksplass",
        "notes": "",
        "verified": false
      }
    },
    {
      "type": "Feature",
      "geometry": {
        "coordinates": [
          18.9453526,
          69.6465771
        ],
        "type": "Point"
      },
      "properties": {
        "category": "playground",
        "description": "",
        "has_changing_area": false,
        "has_child_seats": false,
        "has_nursing_area": false,
        "has_playground": true,
        "id": "AC4F0C99-32F2-4FDB-B741-6BD4CEECE0CD",
        "is_wheelchair_accessible": false,
        "name": "Strimmelen lekeplass",
        "notes": "",
        "verified": false
      }
    },
    {
      "type": "Feature",
      "geometry": {
        "coordinates": [
          5.1849127,
          60.4048604
        ],
        "type": "Point"
      },
      "properties": {
        "category": "playground",
        "description": "",
        "has_changing_area": false,
        "has_child_seats": false,
        "has_nursing_area": false,
        "has_playground": true,
        "id": "53FF469E-0EE3-40A1-8804-719E7159BFC7",
        "is_wheelchair_accessible": false,
        "name": "Flaggettoppen",
        "notes": "",
        "verified": false
      }
    },
    {
      "type": "Feature",
      "geometry": {
        "coordinates": [
          8.5762183,
          60.6347348
        ],
        "type": "Point"
      },
      "properties": {
        "category": "playground",
        "description": "",
        "has_changing_area": false,
        "has_child_seats": false,
        "has_nursing_area": false,
        "has_playground": true,
        "id": "1CF787BB-AF1F-44F6-9CF9-D14537574362",
        "is_wheelchair_accessible": false,
        "name": "Nedre Hago",
        "notes": "",
        "verified": false
      }
    },
    {
      "type": "Feature",
      "geometry": {
        "coordinates": [
          5.3059193,
          60.3754931
        ],
        "type": "Point"
      },
      "properties": {
        "category": "playground",
        "description": "",
        "has_changing_area": false,
        "has_child_seats": false,
        "has_nursing_area": false,
        "has_playground": true,
        "id": "EFE293D9-287F-49F5-916A-08670B3C6211",
        "is_wheelchair_accessible": false,
        "name": "Arne Abrahamsens vei lekeplass",
        "notes": "",
        "verified": false
      }
    },
    {
      "type": "Feature",
      "geometry": {
        "coordinates": [
          10.1396901,
          61.5298515
        ],
        "type": "Point"
      },
      "properties": {
        "category": "other",
        "description": "",
        "has_changing_area": true,
        "has_child_seats": false,
        "has_nursing_area": false,
        "has_playground": false,
        "id": "FC0F7AAB-0F32-4862-9F85-9B8FCC648126",
        "is_wheelchair_accessible": true,
        "name": "Public toilets (with changing table)",
        "notes": "",
        "verified": false
      }
    },
    {
      "type": "Feature",
      "geometry": {
        "coordinates": [
          5.330493,
          60.392912
        ],
        "type": "Point"
      },
      "properties": {
        "category": "cafe",
        "description": "",
        "has_changing_area": false,
        "has_child_seats": false,
        "has_nursing_area": false,
        "has_playground": false,
        "id": "59D261C4-B060-4A5E-960F-3A4EF9CEDF1F",
        "is_wheelchair_accessible": false,
        "name": "Angry Bite",
        "notes": "",
        "verified": false
      }
    },
    {
      "type": "Feature",
      "geometry": {
        "coordinates": [
          11.015715,
          59.737726
        ],
        "type": "Point"
      },
      "properties": {
        "category": "cafe",
        "description": "",
        "has_changing_area": false,
        "has_child_seats": false,
        "has_nursing_area": false,
        "has_playground": false,
        "id": "D2C8F995-FCAB-4921-B94A-D34081C65749",
        "is_wheelchair_accessible": false,
        "name": "Malik's Bistro",
        "notes": "",
        "verified": false
      }
    },
    {
      "type": "Feature",
      "geometry": {
        "coordinates": [
          5.6516858,
          58.8863782
        ],
        "type": "Point"
      },
      "properties": {
        "category": "cafe",
        "description": "",
        "has_changing_area": false,
        "has_child_seats": false,
        "has_nursing_area": false,
        "has_playground": false,
        "id": "A4B6BFB1-E2F4-4875-B417-0B11BF7DA44B",
        "is_wheelchair_accessible": false,
        "name": "Mæf",
        "notes": "",
        "verified": false
      }
    },
    {
      "type": "Feature",
      "geometry": {
        "coordinates": [
          5.8244232,
          62.3087972
        ],
        "type": "Point"
      },
      "properties": {
        "category": "playground",
        "description": "",
        "has_changing_area": false,
        "has_child_seats": false,
        "has_nursing_area": false,
        "has_playground": true,
        "id": "8E9E13BC-57CB-45C5-A804-208A8002E2FA",
        "is_wheelchair_accessible": false,
        "name": "Kjerringnesmyra Leikeplass",
        "notes": "",
        "verified": false
      }
    },
    {
      "type": "Feature",
      "geometry": {
        "coordinates": [
          11.0378717,
          59.9540712
        ],
        "type": "Point"
      },
      "properties": {
        "category": "other",
        "description": "",
        "has_changing_area": true,
        "has_child_seats": false,
        "has_nursing_area": false,
        "has_playground": false,
        "id": "26008CC7-A76E-45F7-A00B-1281ACB3B48E",
        "is_wheelchair_accessible": true,
        "name": "Public toilets (with changing table)",
        "notes": "",
        "verified": false
      }
    },
    {
      "type": "Feature",
      "geometry": {
        "coordinates": [
          10.5060644,
          63.4360197
        ],
        "type": "Point"
      },
      "properties": {
        "category": "other",
        "description": "",
        "has_changing_area": true,
        "has_child_seats": false,
        "has_nursing_area": false,
        "has_playground": false,
        "id": "BFE19D65-C1A3-4ADB-BD69-88F234ECBE73",
        "is_wheelchair_accessible": true,
        "name": "Public toilets (with changing table)",
        "notes": "",
        "verified": false
      }
    },
    {
      "type": "Feature",
      "geometry": {
        "coordinates": [
          8.1295367,
          58.178695
        ],
        "type": "Point"
      },
      "properties": {
        "category": "cafe",
        "description": "",
        "has_changing_area": false,
        "has_child_seats": false,
        "has_nursing_area": false,
        "has_playground": false,
        "id": "F2E75A73-BE1C-49D6-9D90-9D7E3C20F4BF",
        "is_wheelchair_accessible": false,
        "name": "Joe & the Juice Sørlandssenteret",
        "notes": "",
        "verified": false
      }
    },
    {
      "type": "Feature",
      "geometry": {
        "coordinates": [
          10.067522,
          59.7580867
        ],
        "type": "Point"
      },
      "properties": {
        "category": "other",
        "description": "",
        "has_changing_area": true,
        "has_child_seats": false,
        "has_nursing_area": false,
        "has_playground": false,
        "id": "59A558FF-D2C8-4A91-A9E2-3DBC86A79381",
        "is_wheelchair_accessible": true,
        "name": "Public toilets (with changing table)",
        "notes": "",
        "verified": false
      }
    },
    {
      "type": "Feature",
      "geometry": {
        "coordinates": [
          10.3993034,
          63.4379584
        ],
        "type": "Point"
      },
      "properties": {
        "category": "cafe",
        "description": "",
        "has_changing_area": false,
        "has_child_seats": false,
        "has_nursing_area": false,
        "has_playground": false,
        "id": "5A8D8395-3F5A-44F2-90AE-1DD95B0E0C87",
        "is_wheelchair_accessible": false,
        "name": "Kojachi",
        "notes": "",
        "verified": false
      }
    },
    {
      "type": "Feature",
      "geometry": {
        "coordinates": [
          10.3032955,
          59.8104305
        ],
        "type": "Point"
      },
      "properties": {
        "category": "other",
        "description": "",
        "has_changing_area": true,
        "has_child_seats": false,
        "has_nursing_area": false,
        "has_playground": false,
        "id": "64D789B4-71FA-470C-94E4-65C63F58B627",
        "is_wheelchair_accessible": true,
        "name": "Liertoppen",
        "notes": "",
        "verified": false
      }
    },
    {
      "type": "Feature",
      "geometry": {
        "coordinates": [
          6.9177123,
          58.9416121
        ],
        "type": "Point"
      },
      "properties": {
        "category": "other",
        "description": "",
        "has_changing_area": true,
        "has_child_seats": false,
        "has_nursing_area": false,
        "has_playground": false,
        "id": "7D7F6985-B396-489F-8EF9-5F2E78958602",
        "is_wheelchair_accessible": true,
        "name": "Public toilets (with changing table)",
        "notes": "",
        "verified": false
      }
    },
    {
      "type": "Feature",
      "geometry": {
        "coordinates": [
          10.758,
          59.923
        ],
        "type": "Point"
      },
      "properties": {
        "category": "cafe",
        "description": "",
        "has_changing_area": true,
        "has_child_seats": false,
        "has_nursing_area": false,
        "has_playground": false,
        "id": "CA73861D-D196-4245-BB12-614CA510E5EE",
        "is_wheelchair_accessible": true,
        "name": "Godt Brød Grünerløkka",
        "notes": "",
        "verified": false
      }
    },
    {
      "type": "Feature",
      "geometry": {
        "coordinates": [
          6.4108249,
          60.6290589
        ],
        "type": "Point"
      },
      "properties": {
        "category": "other",
        "description": "",
        "has_changing_area": true,
        "has_child_seats": false,
        "has_nursing_area": false,
        "has_playground": false,
        "id": "C80A758A-FE32-403A-9E7F-1255C52EF135",
        "is_wheelchair_accessible": true,
        "name": "Public toilets (with changing table)",
        "notes": "",
        "verified": false
      }
    },
    {
      "type": "Feature",
      "geometry": {
        "coordinates": [
          10.4043538,
          63.4168227
        ],
        "type": "Point"
      },
      "properties": {
        "category": "cafe",
        "description": "",
        "has_changing_area": false,
        "has_child_seats": false,
        "has_nursing_area": false,
        "has_playground": false,
        "id": "553E3E4E-11AF-4B69-A5AC-2EAB12AC4ABC",
        "is_wheelchair_accessible": false,
        "name": "Cafe-sito Stripa",
        "notes": "",
        "verified": false
      }
    },
    {
      "type": "Feature",
      "geometry": {
        "coordinates": [
          7.9932877,
          58.1450872
        ],
        "type": "Point"
      },
      "properties": {
        "category": "cafe",
        "description": "",
        "has_changing_area": false,
        "has_child_seats": false,
        "has_nursing_area": false,
        "has_playground": false,
        "id": "A99E9C08-0BDA-40C7-B1DB-CB2A03F1D17D",
        "is_wheelchair_accessible": false,
        "name": "Dampbageriet",
        "notes": "",
        "verified": false
      }
    },
    {
      "type": "Feature",
      "geometry": {
        "coordinates": [
          8.6490827,
          58.3708059
        ],
        "type": "Point"
      },
      "properties": {
        "category": "playground",
        "description": "",
        "has_changing_area": false,
        "has_child_seats": false,
        "has_nursing_area": false,
        "has_playground": true,
        "id": "4229A705-9C29-4AF5-94EA-68A1FCEFD315",
        "is_wheelchair_accessible": false,
        "name": "Vestre Moåsen lekeplass",
        "notes": "",
        "verified": false
      }
    },
    {
      "type": "Feature",
      "geometry": {
        "coordinates": [
          10.7628647,
          59.9248344
        ],
        "type": "Point"
      },
      "properties": {
        "category": "cafe",
        "description": "",
        "has_changing_area": false,
        "has_child_seats": false,
        "has_nursing_area": false,
        "has_playground": false,
        "id": "558E1A8D-03BF-4210-9A1F-B4FE5EDB1E01",
        "is_wheelchair_accessible": false,
        "name": "Vespa & Humla",
        "notes": "",
        "verified": false
      }
    },
    {
      "type": "Feature",
      "geometry": {
        "coordinates": [
          10.7652423,
          59.8804224
        ],
        "type": "Point"
      },
      "properties": {
        "category": "other",
        "description": "",
        "has_changing_area": true,
        "has_child_seats": false,
        "has_nursing_area": false,
        "has_playground": false,
        "id": "53B63B67-751E-4B86-9D9A-0700FB4AAEBE",
        "is_wheelchair_accessible": true,
        "name": "Public toilets (with changing table)",
        "notes": "",
        "verified": false
      }
    },
    {
      "type": "Feature",
      "geometry": {
        "coordinates": [
          10.9538377,
          60.870635
        ],
        "type": "Point"
      },
      "properties": {
        "category": "playground",
        "description": "",
        "has_changing_area": false,
        "has_child_seats": false,
        "has_nursing_area": false,
        "has_playground": true,
        "id": "5200615D-4B66-49C9-9D11-BC060936FDCE",
        "is_wheelchair_accessible": false,
        "name": "Gjøkevegen Lekeplass",
        "notes": "",
        "verified": false
      }
    },
    {
      "type": "Feature",
      "geometry": {
        "coordinates": [
          5.4092502,
          60.3718104
        ],
        "type": "Point"
      },
      "properties": {
        "category": "cafe",
        "description": "",
        "has_changing_area": false,
        "has_child_seats": false,
        "has_nursing_area": false,
        "has_playground": false,
        "id": "CFF6FA3D-1A47-49E5-8895-BCFE5CF22FC1",
        "is_wheelchair_accessible": false,
        "name": "Turnerhytten",
        "notes": "",
        "verified": false
      }
    },
    {
      "type": "Feature",
      "geometry": {
        "coordinates": [
          10.757526,
          59.9202923
        ],
        "type": "Point"
      },
      "properties": {
        "category": "shopping",
        "description": "",
        "has_changing_area": false,
        "has_child_seats": false,
        "has_nursing_area": false,
        "has_playground": true,
        "id": "DDBCF4AB-8413-43AD-99AC-918AFA857855",
        "is_wheelchair_accessible": true,
        "name": "Sprell",
        "notes": "",
        "verified": false
      }
    },
    {
      "type": "Feature",
      "geometry": {
        "coordinates": [
          13.7657082,
          68.2460577
        ],
        "type": "Point"
      },
      "properties": {
        "category": "playground",
        "description": "",
        "has_changing_area": false,
        "has_child_seats": false,
        "has_nursing_area": false,
        "has_playground": true,
        "id": "25BAC692-1318-4DE2-9F5F-3D7FE7DD52FB",
        "is_wheelchair_accessible": false,
        "name": "Tic Tac Toe",
        "notes": "",
        "verified": false
      }
    },
    {
      "type": "Feature",
      "geometry": {
        "coordinates": [
          10.6751328,
          59.8955246
        ],
        "type": "Point"
      },
      "properties": {
        "category": "cafe",
        "description": "",
        "has_changing_area": false,
        "has_child_seats": false,
        "has_nursing_area": false,
        "has_playground": false,
        "id": "B4D29DC1-4A23-4A80-A738-47F65E46238F",
        "is_wheelchair_accessible": false,
        "name": "Paahuk",
        "notes": "",
        "verified": false
      }
    },
    {
      "type": "Feature",
      "geometry": {
        "coordinates": [
          5.7348767,
          58.9636269
        ],
        "type": "Point"
      },
      "properties": {
        "category": "cafe",
        "description": "",
        "has_changing_area": false,
        "has_child_seats": false,
        "has_nursing_area": false,
        "has_playground": false,
        "id": "990EF493-9061-4FD8-8096-23E1B2D3BECF",
        "is_wheelchair_accessible": false,
        "name": "Shawarma Kairo",
        "notes": "",
        "verified": false
      }
    },
    {
      "type": "Feature",
      "geometry": {
        "coordinates": [
          10.759,
          59.937
        ],
        "type": "Point"
      },
      "properties": {
        "category": "cafe",
        "description": "",
        "has_changing_area": true,
        "has_child_seats": true,
        "has_nursing_area": false,
        "has_playground": true,
        "id": "3340BBEA-28E0-4E06-AEA6-282F5714E603",
        "is_wheelchair_accessible": false,
        "name": "Nazar Cafe (Sagene Samfunnshus)",
        "notes": "",
        "verified": false
      }
    },
    {
      "type": "Feature",
      "geometry": {
        "coordinates": [
          10.7191323,
          59.873105
        ],
        "type": "Point"
      },
      "properties": {
        "category": "other",
        "description": "",
        "has_changing_area": true,
        "has_child_seats": false,
        "has_nursing_area": false,
        "has_playground": false,
        "id": "BB80BFED-EA62-4244-8AEF-28D10F0179B4",
        "is_wheelchair_accessible": true,
        "name": "Public toilets (with changing table)",
        "notes": "",
        "verified": false
      }
    },
    {
      "type": "Feature",
      "geometry": {
        "coordinates": [
          5.6287474,
          58.8811589
        ],
        "type": "Point"
      },
      "properties": {
        "category": "cafe",
        "description": "",
        "has_changing_area": false,
        "has_child_seats": false,
        "has_nursing_area": false,
        "has_playground": false,
        "id": "37C2B886-E264-4F24-BCBF-425D790B7898",
        "is_wheelchair_accessible": false,
        "name": "Food Bar",
        "notes": "",
        "verified": false
      }
    },
    {
      "type": "Feature",
      "geometry": {
        "coordinates": [
          10.4223994,
          63.4276181
        ],
        "type": "Point"
      },
      "properties": {
        "category": "playground",
        "description": "",
        "has_changing_area": false,
        "has_child_seats": false,
        "has_nursing_area": false,
        "has_playground": true,
        "id": "3D0A0F62-CBE4-4A16-AD11-BBE10DF63764",
        "is_wheelchair_accessible": false,
        "name": "Lekeplass andre avdeling TKB",
        "notes": "",
        "verified": false
      }
    },
    {
      "type": "Feature",
      "geometry": {
        "coordinates": [
          10.3858192,
          59.8404555
        ],
        "type": "Point"
      },
      "properties": {
        "category": "playground",
        "description": "",
        "has_changing_area": false,
        "has_child_seats": false,
        "has_nursing_area": false,
        "has_playground": true,
        "id": "CF9A1582-997A-40F9-A875-9318FCDCB8AD",
        "is_wheelchair_accessible": false,
        "name": "seesaw",
        "notes": "",
        "verified": false
      }
    },
    {
      "type": "Feature",
      "geometry": {
        "coordinates": [
          10.3985015,
          63.4255966
        ],
        "type": "Point"
      },
      "properties": {
        "category": "playground",
        "description": "",
        "has_changing_area": false,
        "has_child_seats": false,
        "has_nursing_area": false,
        "has_playground": true,
        "id": "D610061B-7FB1-4067-973E-C12A05C4BE9D",
        "is_wheelchair_accessible": false,
        "name": "Marinen lekeplass",
        "notes": "",
        "verified": false
      }
    },
    {
      "type": "Feature",
      "geometry": {
        "coordinates": [
          10.3853901,
          59.8404664
        ],
        "type": "Point"
      },
      "properties": {
        "category": "playground",
        "description": "",
        "has_changing_area": false,
        "has_child_seats": false,
        "has_nursing_area": false,
        "has_playground": true,
        "id": "4F16B45B-5790-4FC8-B28A-B0370C39340F",
        "is_wheelchair_accessible": false,
        "name": "balancing plank",
        "notes": "",
        "verified": false
      }
    },
    {
      "type": "Feature",
      "geometry": {
        "coordinates": [
          6.1643406,
          62.4741692
        ],
        "type": "Point"
      },
      "properties": {
        "category": "other",
        "description": "",
        "has_changing_area": true,
        "has_child_seats": false,
        "has_nursing_area": false,
        "has_playground": false,
        "id": "6D109DC0-0C67-4E45-BB2B-214901D98675",
        "is_wheelchair_accessible": true,
        "name": "Public toilets (with changing table)",
        "notes": "",
        "verified": false
      }
    },
    {
      "type": "Feature",
      "geometry": {
        "coordinates": [
          6.5206818,
          60.6686946
        ],
        "type": "Point"
      },
      "properties": {
        "category": "playground",
        "description": "",
        "has_changing_area": false,
        "has_child_seats": false,
        "has_nursing_area": false,
        "has_playground": true,
        "id": "DADDED01-7482-48B1-B756-74DD6A5E9E65",
        "is_wheelchair_accessible": false,
        "name": "Koladiket",
        "notes": "",
        "verified": false
      }
    },
    {
      "type": "Feature",
      "geometry": {
        "coordinates": [
          5.3118177,
          60.3820977
        ],
        "type": "Point"
      },
      "properties": {
        "category": "playground",
        "description": "",
        "has_changing_area": false,
        "has_child_seats": false,
        "has_nursing_area": false,
        "has_playground": true,
        "id": "FF50045E-FA41-4CCC-AA69-4B9BFCF0087B",
        "is_wheelchair_accessible": false,
        "name": "Frydenbølien lekeplass",
        "notes": "",
        "verified": false
      }
    },
    {
      "type": "Feature",
      "geometry": {
        "coordinates": [
          17.9081545,
          69.5072194
        ],
        "type": "Point"
      },
      "properties": {
        "category": "other",
        "description": "",
        "has_changing_area": true,
        "has_child_seats": false,
        "has_nursing_area": false,
        "has_playground": false,
        "id": "004D4DAF-79E7-453E-9455-971CAFE977E6",
        "is_wheelchair_accessible": false,
        "name": "Public toilets (with changing table)",
        "notes": "",
        "verified": false
      }
    },
    {
      "type": "Feature",
      "geometry": {
        "coordinates": [
          10.222599,
          59.719183
        ],
        "type": "Point"
      },
      "properties": {
        "category": "playground",
        "description": "",
        "has_changing_area": false,
        "has_child_seats": false,
        "has_nursing_area": false,
        "has_playground": true,
        "id": "D7DD92BD-D9A0-4D59-9924-37407EDE31C5",
        "is_wheelchair_accessible": false,
        "name": "Drammen bibliotek, Fjell filial",
        "notes": "",
        "verified": false
      }
    },
    {
      "type": "Feature",
      "geometry": {
        "coordinates": [
          6.4237471,
          60.6281517
        ],
        "type": "Point"
      },
      "properties": {
        "category": "playground",
        "description": "",
        "has_changing_area": false,
        "has_child_seats": false,
        "has_nursing_area": false,
        "has_playground": true,
        "id": "CB4941E3-4948-4DF4-962E-0CBB3EE579DA",
        "is_wheelchair_accessible": false,
        "name": "Vangen skule",
        "notes": "",
        "verified": false
      }
    },
    {
      "type": "Feature",
      "geometry": {
        "coordinates": [
          5.8453224,
          58.9217627
        ],
        "type": "Point"
      },
      "properties": {
        "category": "playground",
        "description": "",
        "has_changing_area": false,
        "has_child_seats": false,
        "has_nursing_area": false,
        "has_playground": true,
        "id": "ACB43FD9-C0BD-4FAA-8D39-BAB1126660A4",
        "is_wheelchair_accessible": false,
        "name": "Kalamyrlekeplassen",
        "notes": "",
        "verified": false
      }
    },
    {
      "type": "Feature",
      "geometry": {
        "coordinates": [
          5.3221084,
          60.3937123
        ],
        "type": "Point"
      },
      "properties": {
        "category": "cafe",
        "description": "",
        "has_changing_area": false,
        "has_child_seats": false,
        "has_nursing_area": false,
        "has_playground": false,
        "id": "8ED5BFEB-6DB9-4398-B3CA-2E0376511742",
        "is_wheelchair_accessible": false,
        "name": "Plassen",
        "notes": "",
        "verified": false
      }
    },
    {
      "type": "Feature",
      "geometry": {
        "coordinates": [
          10.7332675,
          59.729236
        ],
        "type": "Point"
      },
      "properties": {
        "category": "cafe",
        "description": "",
        "has_changing_area": false,
        "has_child_seats": false,
        "has_nursing_area": false,
        "has_playground": false,
        "id": "2CAB8694-032F-45D5-89C2-D658D90BBBD6",
        "is_wheelchair_accessible": false,
        "name": "Kiosken på Nesset",
        "notes": "",
        "verified": false
      }
    },
    {
      "type": "Feature",
      "geometry": {
        "coordinates": [
          5.6914626,
          58.9843017
        ],
        "type": "Point"
      },
      "properties": {
        "category": "shopping",
        "description": "",
        "has_changing_area": false,
        "has_child_seats": false,
        "has_nursing_area": false,
        "has_playground": false,
        "id": "43E6D270-9BB7-4122-AB46-BE59EF8D05ED",
        "is_wheelchair_accessible": false,
        "name": "BR-Leker",
        "notes": "",
        "verified": false
      }
    },
    {
      "type": "Feature",
      "geometry": {
        "coordinates": [
          5.319872,
          60.391848
        ],
        "type": "Point"
      },
      "properties": {
        "category": "cafe",
        "description": "",
        "has_changing_area": false,
        "has_child_seats": false,
        "has_nursing_area": false,
        "has_playground": false,
        "id": "402665E8-2514-40A7-97E5-CC5D1FA0A840",
        "is_wheelchair_accessible": true,
        "name": "Café Opera",
        "notes": "",
        "verified": false
      }
    },
    {
      "type": "Feature",
      "geometry": {
        "coordinates": [
          10.8414759,
          59.8929937
        ],
        "type": "Point"
      },
      "properties": {
        "category": "cafe",
        "description": "",
        "has_changing_area": false,
        "has_child_seats": false,
        "has_nursing_area": false,
        "has_playground": false,
        "id": "F0B43106-5283-44DD-B29C-2F534CA2A368",
        "is_wheelchair_accessible": false,
        "name": "Østensjø Havn",
        "notes": "",
        "verified": false
      }
    },
    {
      "type": "Feature",
      "geometry": {
        "coordinates": [
          10.764458,
          59.934769
        ],
        "type": "Point"
      },
      "properties": {
        "category": "cafe",
        "description": "",
        "has_changing_area": false,
        "has_child_seats": false,
        "has_nursing_area": false,
        "has_playground": false,
        "id": "F8BAB52F-F8DD-41E2-B1F6-DDD2F9B2BE12",
        "is_wheelchair_accessible": false,
        "name": "Kaffebrenneriet",
        "notes": "",
        "verified": false
      }
    },
    {
      "type": "Feature",
      "geometry": {
        "coordinates": [
          5.324448,
          60.387747
        ],
        "type": "Point"
      },
      "properties": {
        "category": "cafe",
        "description": "",
        "has_changing_area": false,
        "has_child_seats": false,
        "has_nursing_area": false,
        "has_playground": false,
        "id": "56BCADC5-335D-4D3A-8582-A4BB31B51028",
        "is_wheelchair_accessible": false,
        "name": "Klee Kaffe",
        "notes": "",
        "verified": false
      }
    },
    {
      "type": "Feature",
      "geometry": {
        "coordinates": [
          5.7330682,
          58.9709797
        ],
        "type": "Point"
      },
      "properties": {
        "category": "cafe",
        "description": "",
        "has_changing_area": false,
        "has_child_seats": false,
        "has_nursing_area": false,
        "has_playground": false,
        "id": "7A7D3D75-2B0F-4DBD-B949-52A344A1EC88",
        "is_wheelchair_accessible": false,
        "name": "Kanelsnurren",
        "notes": "",
        "verified": false
      }
    },
    {
      "type": "Feature",
      "geometry": {
        "coordinates": [
          5.35907,
          60.356605
        ],
        "type": "Point"
      },
      "properties": {
        "category": "cafe",
        "description": "",
        "has_changing_area": false,
        "has_child_seats": false,
        "has_nursing_area": false,
        "has_playground": false,
        "id": "67A32118-8FEC-48D8-B101-CE36D4CCB1BF",
        "is_wheelchair_accessible": false,
        "name": "Spiseriet Cafe",
        "notes": "",
        "verified": false
      }
    },
    {
      "type": "Feature",
      "geometry": {
        "coordinates": [
          10.2766198,
          60.1761467
        ],
        "type": "Point"
      },
      "properties": {
        "category": "playground",
        "description": "",
        "has_changing_area": false,
        "has_child_seats": false,
        "has_nursing_area": false,
        "has_playground": true,
        "id": "443EBAC5-AB1C-473B-AC9D-A67F8734C1AE",
        "is_wheelchair_accessible": false,
        "name": "Hønsand",
        "notes": "",
        "verified": false
      }
    },
    {
      "type": "Feature",
      "geometry": {
        "coordinates": [
          14.55957,
          68.2335371
        ],
        "type": "Point"
      },
      "properties": {
        "category": "cafe",
        "description": "",
        "has_changing_area": true,
        "has_child_seats": true,
        "has_nursing_area": false,
        "has_playground": false,
        "id": "335CA909-34BC-4D85-8D85-846D9AF7DD8B",
        "is_wheelchair_accessible": true,
        "name": "Jordbærpikene",
        "notes": "",
        "verified": false
      }
    },
    {
      "type": "Feature",
      "geometry": {
        "coordinates": [
          8.032096,
          58.2047394
        ],
        "type": "Point"
      },
      "properties": {
        "category": "playground",
        "description": "",
        "has_changing_area": false,
        "has_child_seats": false,
        "has_nursing_area": false,
        "has_playground": true,
        "id": "303CCEC3-5E44-4A54-91E0-A3E442DACAD7",
        "is_wheelchair_accessible": false,
        "name": "Midtre Kvernhusheia lekeplass",
        "notes": "",
        "verified": false
      }
    },
    {
      "type": "Feature",
      "geometry": {
        "coordinates": [
          7.5277855,
          58.3852369
        ],
        "type": "Point"
      },
      "properties": {
        "category": "playground",
        "description": "",
        "has_changing_area": false,
        "has_child_seats": false,
        "has_nursing_area": false,
        "has_playground": true,
        "id": "9744462A-9F03-4950-9459-443E911071AF",
        "is_wheelchair_accessible": false,
        "name": "Marnardal folkebibliotek, Bjelland bok i butikk",
        "notes": "",
        "verified": false
      }
    },
    {
      "type": "Feature",
      "geometry": {
        "coordinates": [
          5.325081,
          60.390086
        ],
        "type": "Point"
      },
      "properties": {
        "category": "cafe",
        "description": "",
        "has_changing_area": false,
        "has_child_seats": false,
        "has_nursing_area": false,
        "has_playground": false,
        "id": "FCCC75AA-A5D8-4256-B54F-BFFD4D92CF9D",
        "is_wheelchair_accessible": true,
        "name": "Smakverket",
        "notes": "",
        "verified": false
      }
    },
    {
      "type": "Feature",
      "geometry": {
        "coordinates": [
          10.5572352,
          59.6981196
        ],
        "type": "Point"
      },
      "properties": {
        "category": "other",
        "description": "",
        "has_changing_area": true,
        "has_child_seats": false,
        "has_nursing_area": false,
        "has_playground": false,
        "id": "9A6D207A-B5C3-4D1E-88A0-A5DC86A56D67",
        "is_wheelchair_accessible": true,
        "name": "Public toilets (with changing table)",
        "notes": "",
        "verified": false
      }
    },
    {
      "type": "Feature",
      "geometry": {
        "coordinates": [
          10.6906006,
          59.9140171
        ],
        "type": "Point"
      },
      "properties": {
        "category": "cafe",
        "description": "",
        "has_changing_area": false,
        "has_child_seats": false,
        "has_nursing_area": false,
        "has_playground": false,
        "id": "0BA472FA-A373-45BB-8F74-9D56F8569578",
        "is_wheelchair_accessible": false,
        "name": "Rohdeløkken kafé",
        "notes": "",
        "verified": false
      }
    },
    {
      "type": "Feature",
      "geometry": {
        "coordinates": [
          10.7592605,
          59.9281009
        ],
        "type": "Point"
      },
      "properties": {
        "category": "cafe",
        "description": "",
        "has_changing_area": false,
        "has_child_seats": false,
        "has_nursing_area": false,
        "has_playground": false,
        "id": "5D1B4044-DA6B-441B-8B08-6BC8960639F1",
        "is_wheelchair_accessible": false,
        "name": "Sunt og Godt",
        "notes": "",
        "verified": false
      }
    },
    {
      "type": "Feature",
      "geometry": {
        "coordinates": [
          7.7068733,
          63.1190915
        ],
        "type": "Point"
      },
      "properties": {
        "category": "playground",
        "description": "",
        "has_changing_area": false,
        "has_child_seats": false,
        "has_nursing_area": false,
        "has_playground": true,
        "id": "8165E954-6C14-484A-88E1-493D2A6ADCB6",
        "is_wheelchair_accessible": false,
        "name": "Myra lekeplass",
        "notes": "",
        "verified": false
      }
    },
    {
      "type": "Feature",
      "geometry": {
        "coordinates": [
          10.7174733,
          59.9289435
        ],
        "type": "Point"
      },
      "properties": {
        "category": "cafe",
        "description": "",
        "has_changing_area": true,
        "has_child_seats": true,
        "has_nursing_area": false,
        "has_playground": false,
        "id": "3B6563BF-2CDF-4CC1-93CF-CEFBFECF7447",
        "is_wheelchair_accessible": true,
        "name": "Espresso House Valkyriegatan",
        "notes": "",
        "verified": false
      }
    },
    {
      "type": "Feature",
      "geometry": {
        "coordinates": [
          10.752692,
          59.902553
        ],
        "type": "Point"
      },
      "properties": {
        "category": "cafe",
        "description": "",
        "has_changing_area": false,
        "has_child_seats": false,
        "has_nursing_area": false,
        "has_playground": false,
        "id": "18B3D4DD-1482-493F-B2C5-6DC286180960",
        "is_wheelchair_accessible": false,
        "name": "Evita Espressobar Sørenga",
        "notes": "",
        "verified": false
      }
    },
    {
      "type": "Feature",
      "geometry": {
        "coordinates": [
          10.4461734,
          63.4434539
        ],
        "type": "Point"
      },
      "properties": {
        "category": "cafe",
        "description": "",
        "has_changing_area": true,
        "has_child_seats": true,
        "has_nursing_area": false,
        "has_playground": false,
        "id": "492F79C7-C802-451E-B1AD-664D5DC63035",
        "is_wheelchair_accessible": true,
        "name": "Espresso House City Lade",
        "notes": "",
        "verified": false
      }
    },
    {
      "type": "Feature",
      "geometry": {
        "coordinates": [
          16.5087885,
          68.7949626
        ],
        "type": "Point"
      },
      "properties": {
        "category": "other",
        "description": "",
        "has_changing_area": true,
        "has_child_seats": false,
        "has_nursing_area": false,
        "has_playground": false,
        "id": "CC56B7E1-A333-480B-A968-8CAF5492A07B",
        "is_wheelchair_accessible": true,
        "name": "Public toilets (with changing table)",
        "notes": "",
        "verified": false
      }
    },
    {
      "type": "Feature",
      "geometry": {
        "coordinates": [
          10.8200449,
          59.8652963
        ],
        "type": "Point"
      },
      "properties": {
        "category": "playground",
        "description": "",
        "has_changing_area": false,
        "has_child_seats": false,
        "has_nursing_area": false,
        "has_playground": true,
        "id": "6B22B591-62EA-42FE-A3AD-DE65493CD0E3",
        "is_wheelchair_accessible": false,
        "name": "Pynten borettslag lekeplass",
        "notes": "",
        "verified": false
      }
    },
    {
      "type": "Feature",
      "geometry": {
        "coordinates": [
          5.7217145,
          58.8768416
        ],
        "type": "Point"
      },
      "properties": {
        "category": "cafe",
        "description": "",
        "has_changing_area": true,
        "has_child_seats": true,
        "has_nursing_area": false,
        "has_playground": false,
        "id": "D292D838-8CC1-4A9F-8EFA-53A891149E68",
        "is_wheelchair_accessible": true,
        "name": "Espresso House Kvadrat Kjøpesenter",
        "notes": "",
        "verified": false
      }
    },
    {
      "type": "Feature",
      "geometry": {
        "coordinates": [
          10.704813,
          59.4469151
        ],
        "type": "Point"
      },
      "properties": {
        "category": "cafe",
        "description": "",
        "has_changing_area": true,
        "has_child_seats": true,
        "has_nursing_area": false,
        "has_playground": false,
        "id": "EDDFE35D-EAC3-4605-A172-0DB593803BC3",
        "is_wheelchair_accessible": true,
        "name": "Jordbærpikene",
        "notes": "",
        "verified": false
      }
    },
    {
      "type": "Feature",
      "geometry": {
        "coordinates": [
          5.432769,
          60.46368
        ],
        "type": "Point"
      },
      "properties": {
        "category": "playground",
        "description": "",
        "has_changing_area": false,
        "has_child_seats": false,
        "has_nursing_area": false,
        "has_playground": true,
        "id": "1E3E77B5-0346-473A-9A43-962B86ED1B1D",
        "is_wheelchair_accessible": false,
        "name": "Sørfjordveien sør lekeplass",
        "notes": "",
        "verified": false
      }
    },
    {
      "type": "Feature",
      "geometry": {
        "coordinates": [
          10.7504072,
          59.9149761
        ],
        "type": "Point"
      },
      "properties": {
        "category": "cafe",
        "description": "",
        "has_changing_area": false,
        "has_child_seats": false,
        "has_nursing_area": false,
        "has_playground": false,
        "id": "5CF2A30D-C084-4195-A316-0DD5F0365794",
        "is_wheelchair_accessible": false,
        "name": "Nam",
        "notes": "",
        "verified": false
      }
    },
    {
      "type": "Feature",
      "geometry": {
        "coordinates": [
          10.5011905,
          59.94217
        ],
        "type": "Point"
      },
      "properties": {
        "category": "cafe",
        "description": "",
        "has_changing_area": false,
        "has_child_seats": false,
        "has_nursing_area": false,
        "has_playground": false,
        "id": "9AFC8969-B2FE-41A9-AB8F-412410646C0A",
        "is_wheelchair_accessible": false,
        "name": "Baker Hansen",
        "notes": "",
        "verified": false
      }
    },
    {
      "type": "Feature",
      "geometry": {
        "coordinates": [
          7.9939785,
          58.1481866
        ],
        "type": "Point"
      },
      "properties": {
        "category": "cafe",
        "description": "",
        "has_changing_area": false,
        "has_child_seats": false,
        "has_nursing_area": false,
        "has_playground": false,
        "id": "CE4EF5C1-1E17-43A6-B76F-9D80796FE78E",
        "is_wheelchair_accessible": false,
        "name": "Torgrim Hansen",
        "notes": "",
        "verified": false
      }
    },
    {
      "type": "Feature",
      "geometry": {
        "coordinates": [
          7.9960284,
          58.1439361
        ],
        "type": "Point"
      },
      "properties": {
        "category": "cafe",
        "description": "",
        "has_changing_area": false,
        "has_child_seats": false,
        "has_nursing_area": false,
        "has_playground": false,
        "id": "143D3BEC-2493-4F10-AC2A-2287E20E82F6",
        "is_wheelchair_accessible": false,
        "name": "Vivo kaffebar",
        "notes": "",
        "verified": false
      }
    },
    {
      "type": "Feature",
      "geometry": {
        "coordinates": [
          10.7215302,
          59.9389959
        ],
        "type": "Point"
      },
      "properties": {
        "category": "playground",
        "description": "",
        "has_changing_area": false,
        "has_child_seats": false,
        "has_nursing_area": false,
        "has_playground": true,
        "id": "27468E92-D2CE-4E96-98D8-4850416A26D1",
        "is_wheelchair_accessible": false,
        "name": "Universitetsbiblioteket",
        "notes": "",
        "verified": false
      }
    },
    {
      "type": "Feature",
      "geometry": {
        "coordinates": [
          6.2826454,
          58.346929
        ],
        "type": "Point"
      },
      "properties": {
        "category": "playground",
        "description": "",
        "has_changing_area": false,
        "has_child_seats": false,
        "has_nursing_area": false,
        "has_playground": true,
        "id": "0A073B26-3EA3-4901-8E70-A2AEDB9FE91C",
        "is_wheelchair_accessible": false,
        "name": "Fjellveien Lekeplas",
        "notes": "",
        "verified": false
      }
    },
    {
      "type": "Feature",
      "geometry": {
        "coordinates": [
          19.0121811,
          69.6981994
        ],
        "type": "Point"
      },
      "properties": {
        "category": "cafe",
        "description": "",
        "has_changing_area": false,
        "has_child_seats": false,
        "has_nursing_area": false,
        "has_playground": false,
        "id": "C1CB8DDC-0AF8-4208-95B7-9358C1BB7FD7",
        "is_wheelchair_accessible": false,
        "name": "Pedersen bakeri - Utsalg Ringveien",
        "notes": "",
        "verified": false
      }
    },
    {
      "type": "Feature",
      "geometry": {
        "coordinates": [
          10.5881222,
          59.9171468
        ],
        "type": "Point"
      },
      "properties": {
        "category": "shopping",
        "description": "",
        "has_changing_area": false,
        "has_child_seats": false,
        "has_nursing_area": false,
        "has_playground": false,
        "id": "39065E49-5406-45D0-921E-DF191F6B479A",
        "is_wheelchair_accessible": true,
        "name": "Thomas Leker Bekkestua",
        "notes": "",
        "verified": false
      }
    },
    {
      "type": "Feature",
      "geometry": {
        "coordinates": [
          10.4128442,
          59.7455454
        ],
        "type": "Point"
      },
      "properties": {
        "category": "playground",
        "description": "",
        "has_changing_area": false,
        "has_child_seats": false,
        "has_nursing_area": false,
        "has_playground": true,
        "id": "3299E5BC-65AD-4BB9-8A24-AC154827F6B7",
        "is_wheelchair_accessible": false,
        "name": "Røyken bibliotek, Midtbygda",
        "notes": "",
        "verified": false
      }
    },
    {
      "type": "Feature",
      "geometry": {
        "coordinates": [
          11.0466453,
          59.9528518
        ],
        "type": "Point"
      },
      "properties": {
        "category": "cafe",
        "description": "",
        "has_changing_area": false,
        "has_child_seats": false,
        "has_nursing_area": false,
        "has_playground": false,
        "id": "ECE9C177-A1D8-4723-9AE1-9900B0FB4056",
        "is_wheelchair_accessible": false,
        "name": "Pikene på hjørnet",
        "notes": "",
        "verified": false
      }
    },
    {
      "type": "Feature",
      "geometry": {
        "coordinates": [
          10.7519121,
          59.9223019
        ],
        "type": "Point"
      },
      "properties": {
        "category": "cafe",
        "description": "",
        "has_changing_area": false,
        "has_child_seats": false,
        "has_nursing_area": false,
        "has_playground": false,
        "id": "41613340-4723-4D2B-AC7B-31E35B5D2CC2",
        "is_wheelchair_accessible": false,
        "name": "Refresh",
        "notes": "",
        "verified": false
      }
    },
    {
      "type": "Feature",
      "geometry": {
        "coordinates": [
          11.1304625,
          59.7362733
        ],
        "type": "Point"
      },
      "properties": {
        "category": "cafe",
        "description": "",
        "has_changing_area": false,
        "has_child_seats": false,
        "has_nursing_area": false,
        "has_playground": false,
        "id": "62F9EB08-71EF-497B-9E73-8253B7FCFA37",
        "is_wheelchair_accessible": false,
        "name": "Larsbraaten",
        "notes": "",
        "verified": false
      }
    },
    {
      "type": "Feature",
      "geometry": {
        "coordinates": [
          10.3837427,
          63.4510564
        ],
        "type": "Point"
      },
      "properties": {
        "category": "cafe",
        "description": "",
        "has_changing_area": false,
        "has_child_seats": false,
        "has_nursing_area": false,
        "has_playground": false,
        "id": "B90FD8F8-937D-43BD-AA8E-46A0E6C5402A",
        "is_wheelchair_accessible": false,
        "name": "Kafeen på Munkholmen",
        "notes": "",
        "verified": false
      }
    },
    {
      "type": "Feature",
      "geometry": {
        "coordinates": [
          5.283855,
          60.439121
        ],
        "type": "Point"
      },
      "properties": {
        "category": "playground",
        "description": "",
        "has_changing_area": false,
        "has_child_seats": false,
        "has_nursing_area": false,
        "has_playground": true,
        "id": "C8C80F81-0EDC-4E52-8D40-DC653FEA852A",
        "is_wheelchair_accessible": false,
        "name": "Øvre Lønborg lekeplass",
        "notes": "",
        "verified": false
      }
    },
    {
      "type": "Feature",
      "geometry": {
        "coordinates": [
          10.7320257,
          59.9136035
        ],
        "type": "Point"
      },
      "properties": {
        "category": "cafe",
        "description": "",
        "has_changing_area": false,
        "has_child_seats": false,
        "has_nursing_area": false,
        "has_playground": false,
        "id": "F6151728-BCBB-4EB3-874A-3BB3732170CF",
        "is_wheelchair_accessible": false,
        "name": "Baker Brun",
        "notes": "",
        "verified": false
      }
    },
    {
      "type": "Feature",
      "geometry": {
        "coordinates": [
          5.279464,
          60.3926163
        ],
        "type": "Point"
      },
      "properties": {
        "category": "playground",
        "description": "",
        "has_changing_area": false,
        "has_child_seats": false,
        "has_nursing_area": false,
        "has_playground": true,
        "id": "B209CB87-AFA7-4386-AC61-F862F71E5F81",
        "is_wheelchair_accessible": false,
        "name": "Olderneset lekeplass",
        "notes": "",
        "verified": false
      }
    },
    {
      "type": "Feature",
      "geometry": {
        "coordinates": [
          10.7446288,
          59.9109919
        ],
        "type": "Point"
      },
      "properties": {
        "category": "cafe",
        "description": "",
        "has_changing_area": false,
        "has_child_seats": false,
        "has_nursing_area": false,
        "has_playground": false,
        "id": "D9D28EFC-473C-4C46-83B3-2DC370C73D1F",
        "is_wheelchair_accessible": false,
        "name": "Prince lunchbar",
        "notes": "",
        "verified": false
      }
    },
    {
      "type": "Feature",
      "geometry": {
        "coordinates": [
          10.718483,
          59.928325
        ],
        "type": "Point"
      },
      "properties": {
        "category": "cafe",
        "description": "",
        "has_changing_area": false,
        "has_child_seats": false,
        "has_nursing_area": false,
        "has_playground": false,
        "id": "029A4DEA-16AD-470D-8581-70C8246DD364",
        "is_wheelchair_accessible": false,
        "name": "Kaffebrenneriet",
        "notes": "",
        "verified": false
      }
    },
    {
      "type": "Feature",
      "geometry": {
        "coordinates": [
          9.8918192,
          63.6881581
        ],
        "type": "Point"
      },
      "properties": {
        "category": "playground",
        "description": "",
        "has_changing_area": false,
        "has_child_seats": false,
        "has_nursing_area": false,
        "has_playground": true,
        "id": "FF71F09B-0741-4DAC-A9F4-373AE3FB9EE4",
        "is_wheelchair_accessible": false,
        "name": "Bymyran park",
        "notes": "",
        "verified": false
      }
    },
    {
      "type": "Feature",
      "geometry": {
        "coordinates": [
          10.741586,
          59.912826
        ],
        "type": "Point"
      },
      "properties": {
        "category": "cafe",
        "description": "",
        "has_changing_area": false,
        "has_child_seats": true,
        "has_nursing_area": false,
        "has_playground": false,
        "id": "ED8EE523-31A7-479B-BC2D-9EC231FC4D0D",
        "is_wheelchair_accessible": true,
        "name": "Samson konditori",
        "notes": "",
        "verified": false
      }
    },
    {
      "type": "Feature",
      "geometry": {
        "coordinates": [
          10.8007249,
          59.8101017
        ],
        "type": "Point"
      },
      "properties": {
        "category": "playground",
        "description": "",
        "has_changing_area": false,
        "has_child_seats": false,
        "has_nursing_area": false,
        "has_playground": true,
        "id": "CB752FE0-D9F1-45CF-BF50-6743B12C9A44",
        "is_wheelchair_accessible": false,
        "name": "Oppegård bibliotek",
        "notes": "",
        "verified": false
      }
    },
    {
      "type": "Feature",
      "geometry": {
        "coordinates": [
          10.7075032,
          59.9200132
        ],
        "type": "Point"
      },
      "properties": {
        "category": "cafe",
        "description": "",
        "has_changing_area": false,
        "has_child_seats": false,
        "has_nursing_area": false,
        "has_playground": false,
        "id": "315CE424-B3F7-474B-ADAA-C26CE711DB13",
        "is_wheelchair_accessible": false,
        "name": "Gioia",
        "notes": "",
        "verified": false
      }
    },
    {
      "type": "Feature",
      "geometry": {
        "coordinates": [
          5.7327414,
          58.966861
        ],
        "type": "Point"
      },
      "properties": {
        "category": "cafe",
        "description": "",
        "has_changing_area": true,
        "has_child_seats": true,
        "has_nursing_area": false,
        "has_playground": false,
        "id": "C8301F8B-57C0-44E0-96E6-4B8DCDA78459",
        "is_wheelchair_accessible": true,
        "name": "Espresso House Stavanger Jernbanestasjon",
        "notes": "",
        "verified": false
      }
    },
    {
      "type": "Feature",
      "geometry": {
        "coordinates": [
          5.2694256,
          60.3243887
        ],
        "type": "Point"
      },
      "properties": {
        "category": "playground",
        "description": "",
        "has_changing_area": false,
        "has_child_seats": false,
        "has_nursing_area": false,
        "has_playground": true,
        "id": "0C5BFD37-C35F-4FC1-8DEF-2F92A147F367",
        "is_wheelchair_accessible": false,
        "name": "Øvre lekeplass",
        "notes": "",
        "verified": false
      }
    },
    {
      "type": "Feature",
      "geometry": {
        "coordinates": [
          11.5316374,
          64.4708369
        ],
        "type": "Point"
      },
      "properties": {
        "category": "playground",
        "description": "",
        "has_changing_area": false,
        "has_child_seats": false,
        "has_nursing_area": false,
        "has_playground": true,
        "id": "81DADB35-BDE4-4156-9835-36EE128BEFC5",
        "is_wheelchair_accessible": false,
        "name": "Lekeplass Hestmarkvegen",
        "notes": "",
        "verified": false
      }
    },
    {
      "type": "Feature",
      "geometry": {
        "coordinates": [
          10.7522,
          59.9139
        ],
        "type": "Point"
      },
      "properties": {
        "category": "other",
        "description": "",
        "has_changing_area": true,
        "has_child_seats": false,
        "has_nursing_area": true,
        "has_playground": false,
        "id": "51B90D86-9512-4D5A-AE36-F8786AD2ED23",
        "is_wheelchair_accessible": false,
        "name": "Amfi Orkanger",
        "notes": "",
        "verified": false
      }
    },
    {
      "type": "Feature",
      "geometry": {
        "coordinates": [
          5.3700591,
          60.3708029
        ],
        "type": "Point"
      },
      "properties": {
        "category": "playground",
        "description": "",
        "has_changing_area": false,
        "has_child_seats": false,
        "has_nursing_area": false,
        "has_playground": true,
        "id": "D7B67D06-2ABF-4F81-9C06-3B0BE7321AAC",
        "is_wheelchair_accessible": false,
        "name": "Lægdesvingen øst lekeplass",
        "notes": "",
        "verified": false
      }
    },
    {
      "type": "Feature",
      "geometry": {
        "coordinates": [
          10.7302646,
          59.9147656
        ],
        "type": "Point"
      },
      "properties": {
        "category": "cafe",
        "description": "",
        "has_changing_area": false,
        "has_child_seats": false,
        "has_nursing_area": false,
        "has_playground": false,
        "id": "2FF98DA7-FBDF-4736-B7F3-6050871EDBA7",
        "is_wheelchair_accessible": false,
        "name": "Kaffehuset Friele",
        "notes": "",
        "verified": false
      }
    },
    {
      "type": "Feature",
      "geometry": {
        "coordinates": [
          7.9938865,
          58.147412
        ],
        "type": "Point"
      },
      "properties": {
        "category": "cafe",
        "description": "",
        "has_changing_area": false,
        "has_child_seats": false,
        "has_nursing_area": false,
        "has_playground": false,
        "id": "E8038F48-4BDA-4996-A8CA-93E2CF4324D5",
        "is_wheelchair_accessible": false,
        "name": "Kjerstis kafé & catering",
        "notes": "",
        "verified": false
      }
    },
    {
      "type": "Feature",
      "geometry": {
        "coordinates": [
          18.9527699,
          69.6470753
        ],
        "type": "Point"
      },
      "properties": {
        "category": "cafe",
        "description": "",
        "has_changing_area": false,
        "has_child_seats": false,
        "has_nursing_area": false,
        "has_playground": false,
        "id": "87F77581-9211-463F-941F-770E9ACE1AA2",
        "is_wheelchair_accessible": false,
        "name": "Kafé Globus",
        "notes": "",
        "verified": false
      }
    },
    {
      "type": "Feature",
      "geometry": {
        "coordinates": [
          10.577445,
          59.898951
        ],
        "type": "Point"
      },
      "properties": {
        "category": "playground",
        "description": "",
        "has_changing_area": false,
        "has_child_seats": false,
        "has_nursing_area": false,
        "has_playground": true,
        "id": "E213DC5B-427D-4D0B-8375-A24D78CAAC10",
        "is_wheelchair_accessible": false,
        "name": "Bærum bibliotek, Høvik",
        "notes": "",
        "verified": false
      }
    },
    {
      "type": "Feature",
      "geometry": {
        "coordinates": [
          10.6581309,
          60.0247802
        ],
        "type": "Point"
      },
      "properties": {
        "category": "cafe",
        "description": "",
        "has_changing_area": false,
        "has_child_seats": false,
        "has_nursing_area": false,
        "has_playground": false,
        "id": "15C69C2A-66A1-42E6-BE3F-F48FAA1DF6B2",
        "is_wheelchair_accessible": false,
        "name": "Studenterhytta",
        "notes": "",
        "verified": false
      }
    },
    {
      "type": "Feature",
      "geometry": {
        "coordinates": [
          9.6746094,
          58.9728125
        ],
        "type": "Point"
      },
      "properties": {
        "category": "other",
        "description": "",
        "has_changing_area": true,
        "has_child_seats": false,
        "has_nursing_area": false,
        "has_playground": false,
        "id": "9EC5D330-B43E-453D-AC89-2068129C9791",
        "is_wheelchair_accessible": true,
        "name": "Public toilets (with changing table)",
        "notes": "",
        "verified": false
      }
    },
    {
      "type": "Feature",
      "geometry": {
        "coordinates": [
          6.2384453,
          59.3484196
        ],
        "type": "Point"
      },
      "properties": {
        "category": "other",
        "description": "",
        "has_changing_area": true,
        "has_child_seats": false,
        "has_nursing_area": false,
        "has_playground": false,
        "id": "60FD84AA-BC5E-4976-91C0-D38EACF7994A",
        "is_wheelchair_accessible": true,
        "name": "Public toilets (with changing table)",
        "notes": "",
        "verified": false
      }
    },
    {
      "type": "Feature",
      "geometry": {
        "coordinates": [
          6.9582883,
          58.3193325
        ],
        "type": "Point"
      },
      "properties": {
        "category": "playground",
        "description": "",
        "has_changing_area": false,
        "has_child_seats": false,
        "has_nursing_area": false,
        "has_playground": true,
        "id": "E8FE692D-3BB5-4325-BC9D-D780A000598E",
        "is_wheelchair_accessible": false,
        "name": "Kvinesdal bibliotek",
        "notes": "",
        "verified": false
      }
    },
    {
      "type": "Feature",
      "geometry": {
        "coordinates": [
          7.958847,
          63.517888
        ],
        "type": "Point"
      },
      "properties": {
        "category": "other",
        "description": "",
        "has_changing_area": true,
        "has_child_seats": false,
        "has_nursing_area": false,
        "has_playground": false,
        "id": "78680CAE-6908-471B-B6C0-9A7D78CB46F6",
        "is_wheelchair_accessible": true,
        "name": "Public toilets (with changing table)",
        "notes": "",
        "verified": false
      }
    },
    {
      "type": "Feature",
      "geometry": {
        "coordinates": [
          10.743085,
          59.9117964
        ],
        "type": "Point"
      },
      "properties": {
        "category": "cafe",
        "description": "",
        "has_changing_area": false,
        "has_child_seats": false,
        "has_nursing_area": false,
        "has_playground": false,
        "id": "CD5D8182-A863-4F41-BD2A-B864210331D9",
        "is_wheelchair_accessible": false,
        "name": "Los Tacos",
        "notes": "",
        "verified": false
      }
    },
    {
      "type": "Feature",
      "geometry": {
        "coordinates": [
          18.9546017,
          69.6743737
        ],
        "type": "Point"
      },
      "properties": {
        "category": "cafe",
        "description": "",
        "has_changing_area": false,
        "has_child_seats": false,
        "has_nursing_area": false,
        "has_playground": false,
        "id": "A379EAB1-F3C7-4731-A1EB-55E1ECE8AD82",
        "is_wheelchair_accessible": false,
        "name": "Tromsøbadet kafé",
        "notes": "",
        "verified": false
      }
    },
    {
      "type": "Feature",
      "geometry": {
        "coordinates": [
          10.392943,
          63.4291667
        ],
        "type": "Point"
      },
      "properties": {
        "category": "cafe",
        "description": "",
        "has_changing_area": true,
        "has_child_seats": true,
        "has_nursing_area": false,
        "has_playground": false,
        "id": "DFF97D3B-C155-4A11-82DC-0A12999B3C7D",
        "is_wheelchair_accessible": true,
        "name": "Jordbærpikene",
        "notes": "",
        "verified": false
      }
    },
    {
      "type": "Feature",
      "geometry": {
        "coordinates": [
          10.8565631,
          59.8728013
        ],
        "type": "Point"
      },
      "properties": {
        "category": "cafe",
        "description": "",
        "has_changing_area": false,
        "has_child_seats": false,
        "has_nursing_area": false,
        "has_playground": false,
        "id": "82EA9C52-0626-4711-B71B-FBEBCEAAABC2",
        "is_wheelchair_accessible": true,
        "name": "Rustadsaga sportsstue",
        "notes": "",
        "verified": false
      }
    },
    {
      "type": "Feature",
      "geometry": {
        "coordinates": [
          5.3096453,
          60.4608322
        ],
        "type": "Point"
      },
      "properties": {
        "category": "playground",
        "description": "",
        "has_changing_area": false,
        "has_child_seats": false,
        "has_nursing_area": false,
        "has_playground": true,
        "id": "131EA84E-F660-4151-86BD-F3A339DF61CD",
        "is_wheelchair_accessible": false,
        "name": "Ulsetåsen lekeplass",
        "notes": "",
        "verified": false
      }
    },
    {
      "type": "Feature",
      "geometry": {
        "coordinates": [
          5.3206721,
          60.3980147
        ],
        "type": "Point"
      },
      "properties": {
        "category": "cafe",
        "description": "",
        "has_changing_area": false,
        "has_child_seats": false,
        "has_nursing_area": false,
        "has_playground": false,
        "id": "D68D0F2B-380F-4CFB-A2C0-1A0E5E526A10",
        "is_wheelchair_accessible": false,
        "name": "Hennig Olsen",
        "notes": "",
        "verified": false
      }
    },
    {
      "type": "Feature",
      "geometry": {
        "coordinates": [
          10.8354759,
          59.7197985
        ],
        "type": "Point"
      },
      "properties": {
        "category": "other",
        "description": "",
        "has_changing_area": true,
        "has_child_seats": false,
        "has_nursing_area": false,
        "has_playground": false,
        "id": "BC731EAD-1B3A-4A66-A824-CA06890B6868",
        "is_wheelchair_accessible": true,
        "name": "Public toilets (with changing table)",
        "notes": "",
        "verified": false
      }
    },
    {
      "type": "Feature",
      "geometry": {
        "coordinates": [
          5.7305474,
          58.8254343
        ],
        "type": "Point"
      },
      "properties": {
        "category": "playground",
        "description": "",
        "has_changing_area": false,
        "has_child_seats": false,
        "has_nursing_area": false,
        "has_playground": true,
        "id": "D396D3D0-AE7D-443E-99BA-B6E15F8D630D",
        "is_wheelchair_accessible": false,
        "name": "Sørbø skole",
        "notes": "",
        "verified": false
      }
    },
    {
      "type": "Feature",
      "geometry": {
        "coordinates": [
          10.3921356,
          63.4297575
        ],
        "type": "Point"
      },
      "properties": {
        "category": "cafe",
        "description": "",
        "has_changing_area": false,
        "has_child_seats": false,
        "has_nursing_area": false,
        "has_playground": false,
        "id": "9E3F08A9-E0A0-4152-8DF6-DD1B1E6CBB53",
        "is_wheelchair_accessible": false,
        "name": "Kafé",
        "notes": "",
        "verified": false
      }
    },
    {
      "type": "Feature",
      "geometry": {
        "coordinates": [
          10.7942909,
          59.9271437
        ],
        "type": "Point"
      },
      "properties": {
        "category": "playground",
        "description": "",
        "has_changing_area": false,
        "has_child_seats": false,
        "has_nursing_area": false,
        "has_playground": true,
        "id": "C096A322-A45C-40C1-8308-28542206EFFC",
        "is_wheelchair_accessible": false,
        "name": "Lille Lab Hasle",
        "notes": "",
        "verified": false
      }
    },
    {
      "type": "Feature",
      "geometry": {
        "coordinates": [
          11.1412897,
          59.2650891
        ],
        "type": "Point"
      },
      "properties": {
        "category": "playground",
        "description": "",
        "has_changing_area": false,
        "has_child_seats": false,
        "has_nursing_area": false,
        "has_playground": true,
        "id": "75022CA0-32A0-41B5-A3A1-1DCE827246A8",
        "is_wheelchair_accessible": false,
        "name": "Hafslundtunet lekeplass",
        "notes": "",
        "verified": false
      }
    },
    {
      "type": "Feature",
      "geometry": {
        "coordinates": [
          10.289872,
          60.0875525
        ],
        "type": "Point"
      },
      "properties": {
        "category": "playground",
        "description": "",
        "has_changing_area": false,
        "has_child_seats": false,
        "has_nursing_area": false,
        "has_playground": true,
        "id": "82DC7FC0-EC02-4EA0-8CFE-479C62808330",
        "is_wheelchair_accessible": false,
        "name": "Den lille lekeplassen",
        "notes": "",
        "verified": false
      }
    },
    {
      "type": "Feature",
      "geometry": {
        "coordinates": [
          10.6732551,
          59.9200394
        ],
        "type": "Point"
      },
      "properties": {
        "category": "playground",
        "description": "",
        "has_changing_area": false,
        "has_child_seats": false,
        "has_nursing_area": false,
        "has_playground": true,
        "id": "4F68D5E1-F34D-4A32-A0B5-6FB2BEFDA8B4",
        "is_wheelchair_accessible": false,
        "name": "Playground with Boat",
        "notes": "",
        "verified": false
      }
    },
    {
      "type": "Feature",
      "geometry": {
        "coordinates": [
          10.4008924,
          59.7384096
        ],
        "type": "Point"
      },
      "properties": {
        "category": "playground",
        "description": "",
        "has_changing_area": false,
        "has_child_seats": false,
        "has_nursing_area": false,
        "has_playground": true,
        "id": "14766D3C-FBEC-47B8-BB98-F82F16838657",
        "is_wheelchair_accessible": false,
        "name": "Hinderbane",
        "notes": "",
        "verified": false
      }
    },
    {
      "type": "Feature",
      "geometry": {
        "coordinates": [
          10.586895,
          63.426277
        ],
        "type": "Point"
      },
      "properties": {
        "category": "playground",
        "description": "",
        "has_changing_area": false,
        "has_child_seats": false,
        "has_nursing_area": false,
        "has_playground": true,
        "id": "4F25683F-CC29-433A-B030-6A3A956F6D2F",
        "is_wheelchair_accessible": false,
        "name": "Trollskogen skogslekeplass",
        "notes": "",
        "verified": false
      }
    },
    {
      "type": "Feature",
      "geometry": {
        "coordinates": [
          5.3245102,
          60.3919395
        ],
        "type": "Point"
      },
      "properties": {
        "category": "cafe",
        "description": "",
        "has_changing_area": false,
        "has_child_seats": false,
        "has_nursing_area": false,
        "has_playground": false,
        "id": "1384DE54-FEEA-4B9C-AB8D-2796A2BCECA3",
        "is_wheelchair_accessible": false,
        "name": "Kanelsnurren",
        "notes": "",
        "verified": false
      }
    },
    {
      "type": "Feature",
      "geometry": {
        "coordinates": [
          7.8060104,
          58.5866233
        ],
        "type": "Point"
      },
      "properties": {
        "category": "cafe",
        "description": "",
        "has_changing_area": true,
        "has_child_seats": false,
        "has_nursing_area": false,
        "has_playground": false,
        "id": "22AD2B7A-4F75-492C-B91D-C3E9DB419DF5",
        "is_wheelchair_accessible": false,
        "name": "Pernille Kafe",
        "notes": "",
        "verified": false
      }
    },
    {
      "type": "Feature",
      "geometry": {
        "coordinates": [
          5.8519599,
          62.405041
        ],
        "type": "Point"
      },
      "properties": {
        "category": "playground",
        "description": "",
        "has_changing_area": false,
        "has_child_seats": false,
        "has_nursing_area": false,
        "has_playground": true,
        "id": "087740F8-B42E-4321-871C-6987F2913587",
        "is_wheelchair_accessible": false,
        "name": "Flø Barneskule Lekeplass",
        "notes": "",
        "verified": false
      }
    },
    {
      "type": "Feature",
      "geometry": {
        "coordinates": [
          9.9632827,
          59.9231989
        ],
        "type": "Point"
      },
      "properties": {
        "category": "playground",
        "description": "",
        "has_changing_area": false,
        "has_child_seats": false,
        "has_nursing_area": false,
        "has_playground": true,
        "id": "DD7F42BD-4129-482C-BD90-AAC30064761C",
        "is_wheelchair_accessible": false,
        "name": "Stalsberg lekeplass",
        "notes": "",
        "verified": false
      }
    },
    {
      "type": "Feature",
      "geometry": {
        "coordinates": [
          9.6663158,
          59.6411873
        ],
        "type": "Point"
      },
      "properties": {
        "category": "playground",
        "description": "",
        "has_changing_area": false,
        "has_child_seats": false,
        "has_nursing_area": false,
        "has_playground": true,
        "id": "951BC13E-4A78-4B3B-A8EF-0BEA47AB29BC",
        "is_wheelchair_accessible": false,
        "name": "Soners vei lekeplass",
        "notes": "",
        "verified": false
      }
    },
    {
      "type": "Feature",
      "geometry": {
        "coordinates": [
          10.3280852,
          60.020239
        ],
        "type": "Point"
      },
      "properties": {
        "category": "cafe",
        "description": "",
        "has_changing_area": false,
        "has_child_seats": false,
        "has_nursing_area": false,
        "has_playground": false,
        "id": "7E6C288B-6E65-4FFF-B2D8-D0239BA276B7",
        "is_wheelchair_accessible": false,
        "name": "Sørsetra",
        "notes": "",
        "verified": false
      }
    },
    {
      "type": "Feature",
      "geometry": {
        "coordinates": [
          5.733402,
          58.971206
        ],
        "type": "Point"
      },
      "properties": {
        "category": "playground",
        "description": "",
        "has_changing_area": false,
        "has_child_seats": false,
        "has_nursing_area": false,
        "has_playground": true,
        "id": "3A3FF7E2-6837-479D-B853-99AFA01F0E3A",
        "is_wheelchair_accessible": false,
        "name": "Sølvberget Bibliotek og Kulturhus",
        "notes": "",
        "verified": false
      }
    },
    {
      "type": "Feature",
      "geometry": {
        "coordinates": [
          10.7049832,
          59.9421156
        ],
        "type": "Point"
      },
      "properties": {
        "category": "cafe",
        "description": "",
        "has_changing_area": false,
        "has_child_seats": false,
        "has_nursing_area": false,
        "has_playground": false,
        "id": "606979A6-630F-4C12-812C-A15051751D0D",
        "is_wheelchair_accessible": false,
        "name": "Bydelsspiseri Vinderen",
        "notes": "",
        "verified": false
      }
    },
    {
      "type": "Feature",
      "geometry": {
        "coordinates": [
          7.9886245,
          59.5683452
        ],
        "type": "Point"
      },
      "properties": {
        "category": "playground",
        "description": "",
        "has_changing_area": false,
        "has_child_seats": false,
        "has_nursing_area": false,
        "has_playground": true,
        "id": "FA9CCE46-7CB0-4885-850D-33ECE8B53CD3",
        "is_wheelchair_accessible": false,
        "name": "Vinje folkebibliotek, Åmot",
        "notes": "",
        "verified": false
      }
    },
    {
      "type": "Feature",
      "geometry": {
        "coordinates": [
          5.324197,
          60.388129
        ],
        "type": "Point"
      },
      "properties": {
        "category": "cafe",
        "description": "",
        "has_changing_area": false,
        "has_child_seats": false,
        "has_nursing_area": false,
        "has_playground": false,
        "id": "AEE1B01E-9F1D-4E71-9B2A-EDF554A16DC7",
        "is_wheelchair_accessible": false,
        "name": "BLOM",
        "notes": "",
        "verified": false
      }
    },
    {
      "type": "Feature",
      "geometry": {
        "coordinates": [
          8.002404,
          58.163561
        ],
        "type": "Point"
      },
      "properties": {
        "category": "cafe",
        "description": "",
        "has_changing_area": false,
        "has_child_seats": false,
        "has_nursing_area": false,
        "has_playground": false,
        "id": "D2E58CF3-0AE4-450C-8490-B0FDDD085D7F",
        "is_wheelchair_accessible": false,
        "name": "Kantina",
        "notes": "",
        "verified": false
      }
    },
    {
      "type": "Feature",
      "geometry": {
        "coordinates": [
          9.8425204,
          59.6992784
        ],
        "type": "Point"
      },
      "properties": {
        "category": "other",
        "description": "",
        "has_changing_area": true,
        "has_child_seats": false,
        "has_nursing_area": false,
        "has_playground": false,
        "id": "5AF102D9-7A1C-41A1-B74B-C068F2F734E3",
        "is_wheelchair_accessible": true,
        "name": "Public toilets (with changing table)",
        "notes": "",
        "verified": false
      }
    },
    {
      "type": "Feature",
      "geometry": {
        "coordinates": [
          18.9699903,
          69.6683763
        ],
        "type": "Point"
      },
      "properties": {
        "category": "cafe",
        "description": "",
        "has_changing_area": false,
        "has_child_seats": false,
        "has_nursing_area": false,
        "has_playground": false,
        "id": "534D4CC1-5EEB-48D0-824E-EE67D268DB1C",
        "is_wheelchair_accessible": false,
        "name": "Midgard",
        "notes": "",
        "verified": false
      }
    },
    {
      "type": "Feature",
      "geometry": {
        "coordinates": [
          11.0510348,
          59.9552741
        ],
        "type": "Point"
      },
      "properties": {
        "category": "cafe",
        "description": "",
        "has_changing_area": false,
        "has_child_seats": false,
        "has_nursing_area": false,
        "has_playground": false,
        "id": "7F24D8D5-B589-4A1B-A207-7F315369394F",
        "is_wheelchair_accessible": false,
        "name": "Hjerterommet",
        "notes": "",
        "verified": false
      }
    },
    {
      "type": "Feature",
      "geometry": {
        "coordinates": [
          8.0213951,
          58.175644
        ],
        "type": "Point"
      },
      "properties": {
        "category": "playground",
        "description": "",
        "has_changing_area": false,
        "has_child_seats": false,
        "has_nursing_area": false,
        "has_playground": true,
        "id": "6D0528BD-FFF9-41FC-A8E1-2466FC160BA9",
        "is_wheelchair_accessible": false,
        "name": "Maudsvei Hovedlekeplass",
        "notes": "",
        "verified": false
      }
    },
    {
      "type": "Feature",
      "geometry": {
        "coordinates": [
          10.7528523,
          59.9109443
        ],
        "type": "Point"
      },
      "properties": {
        "category": "cafe",
        "description": "",
        "has_changing_area": false,
        "has_child_seats": false,
        "has_nursing_area": false,
        "has_playground": false,
        "id": "1427F13D-EC93-429F-B08F-393D80D981CB",
        "is_wheelchair_accessible": false,
        "name": "Kjøkken og kaffe",
        "notes": "",
        "verified": false
      }
    },
    {
      "type": "Feature",
      "geometry": {
        "coordinates": [
          10.7646367,
          59.9383293
        ],
        "type": "Point"
      },
      "properties": {
        "category": "cafe",
        "description": "",
        "has_changing_area": false,
        "has_child_seats": false,
        "has_nursing_area": false,
        "has_playground": false,
        "id": "606E1128-4C62-4F0A-BCF0-F7F45E05DD69",
        "is_wheelchair_accessible": true,
        "name": "Copa con Oro",
        "notes": "",
        "verified": false
      }
    },
    {
      "type": "Feature",
      "geometry": {
        "coordinates": [
          10.4032063,
          63.4339048
        ],
        "type": "Point"
      },
      "properties": {
        "category": "cafe",
        "description": "",
        "has_changing_area": false,
        "has_child_seats": false,
        "has_nursing_area": false,
        "has_playground": false,
        "id": "229E9E63-D228-4984-AA4B-5D7355286969",
        "is_wheelchair_accessible": false,
        "name": "Matologi",
        "notes": "",
        "verified": false
      }
    },
    {
      "type": "Feature",
      "geometry": {
        "coordinates": [
          10.7386766,
          59.9093772
        ],
        "type": "Point"
      },
      "properties": {
        "category": "playground",
        "description": "",
        "has_changing_area": false,
        "has_child_seats": false,
        "has_nursing_area": false,
        "has_playground": true,
        "id": "9F701F4F-32CB-44B3-9709-99D92086BF85",
        "is_wheelchair_accessible": false,
        "name": "Myntgata lekeplass",
        "notes": "",
        "verified": false
      }
    },
    {
      "type": "Feature",
      "geometry": {
        "coordinates": [
          12.2619527,
          61.313576
        ],
        "type": "Point"
      },
      "properties": {
        "category": "playground",
        "description": "",
        "has_changing_area": false,
        "has_child_seats": false,
        "has_nursing_area": false,
        "has_playground": true,
        "id": "C22DE12A-15F1-4484-88F1-CFE5854595A2",
        "is_wheelchair_accessible": true,
        "name": "Trysil-knuten",
        "notes": "",
        "verified": false
      }
    },
    {
      "type": "Feature",
      "geometry": {
        "coordinates": [
          10.733466,
          59.912972
        ],
        "type": "Point"
      },
      "properties": {
        "category": "cafe",
        "description": "",
        "has_changing_area": false,
        "has_child_seats": false,
        "has_nursing_area": false,
        "has_playground": false,
        "id": "D259193D-5D12-4C0B-BD40-57FB4BDC7AAC",
        "is_wheelchair_accessible": false,
        "name": "The Fragrance of the Heart",
        "notes": "",
        "verified": false
      }
    },
    {
      "type": "Feature",
      "geometry": {
        "coordinates": [
          10.731574,
          59.927408
        ],
        "type": "Point"
      },
      "properties": {
        "category": "cafe",
        "description": "",
        "has_changing_area": false,
        "has_child_seats": false,
        "has_nursing_area": false,
        "has_playground": false,
        "id": "88F7D431-39A6-4B0D-BA33-2AFA71E5CD56",
        "is_wheelchair_accessible": false,
        "name": "Kaffebrenneriet",
        "notes": "",
        "verified": false
      }
    },
    {
      "type": "Feature",
      "geometry": {
        "coordinates": [
          10.7198308,
          59.9282552
        ],
        "type": "Point"
      },
      "properties": {
        "category": "cafe",
        "description": "",
        "has_changing_area": false,
        "has_child_seats": false,
        "has_nursing_area": false,
        "has_playground": false,
        "id": "4D306F4F-A47F-46AC-96A2-7F1BCF916F5B",
        "is_wheelchair_accessible": false,
        "name": "Sorgenfri",
        "notes": "",
        "verified": false
      }
    },
    {
      "type": "Feature",
      "geometry": {
        "coordinates": [
          5.7318843,
          58.9709678
        ],
        "type": "Point"
      },
      "properties": {
        "category": "shopping",
        "description": "",
        "has_changing_area": false,
        "has_child_seats": false,
        "has_nursing_area": false,
        "has_playground": false,
        "id": "C51BE65F-19FA-4B69-8DD0-92B0BA4F1F30",
        "is_wheelchair_accessible": false,
        "name": "Veslefrikk",
        "notes": "",
        "verified": false
      }
    },
    {
      "type": "Feature",
      "geometry": {
        "coordinates": [
          10.7522904,
          59.9222187
        ],
        "type": "Point"
      },
      "properties": {
        "category": "cafe",
        "description": "",
        "has_changing_area": false,
        "has_child_seats": false,
        "has_nursing_area": false,
        "has_playground": false,
        "id": "38C068F0-9077-4F74-A46C-1793F95DCAED",
        "is_wheelchair_accessible": false,
        "name": "Korndokki",
        "notes": "",
        "verified": false
      }
    },
    {
      "type": "Feature",
      "geometry": {
        "coordinates": [
          5.850551,
          62.3489847
        ],
        "type": "Point"
      },
      "properties": {
        "category": "playground",
        "description": "",
        "has_changing_area": false,
        "has_child_seats": false,
        "has_nursing_area": false,
        "has_playground": true,
        "id": "CA37EA41-5608-4C55-AD30-16F9F2E3C645",
        "is_wheelchair_accessible": false,
        "name": "Bugarden Leikeplass",
        "notes": "",
        "verified": false
      }
    },
    {
      "type": "Feature",
      "geometry": {
        "coordinates": [
          12.0035732,
          60.1874403
        ],
        "type": "Point"
      },
      "properties": {
        "category": "other",
        "description": "",
        "has_changing_area": true,
        "has_child_seats": false,
        "has_nursing_area": false,
        "has_playground": false,
        "id": "F8FAD150-AC68-4313-829A-F07179E0EFCF",
        "is_wheelchair_accessible": true,
        "name": "Public toilets (with changing table)",
        "notes": "",
        "verified": false
      }
    },
    {
      "type": "Feature",
      "geometry": {
        "coordinates": [
          5.3644708,
          60.3672138
        ],
        "type": "Point"
      },
      "properties": {
        "category": "playground",
        "description": "",
        "has_changing_area": false,
        "has_child_seats": false,
        "has_nursing_area": false,
        "has_playground": true,
        "id": "F892272E-2A55-4380-A2BE-4F4500AA883E",
        "is_wheelchair_accessible": false,
        "name": "Soleiveien lekeplass",
        "notes": "",
        "verified": false
      }
    },
    {
      "type": "Feature",
      "geometry": {
        "coordinates": [
          8.051412,
          63.3302182
        ],
        "type": "Point"
      },
      "properties": {
        "category": "other",
        "description": "",
        "has_changing_area": true,
        "has_child_seats": false,
        "has_nursing_area": false,
        "has_playground": false,
        "id": "F5686379-EC78-4F42-A352-10FACBA39C1A",
        "is_wheelchair_accessible": true,
        "name": "Joker Smøla",
        "notes": "",
        "verified": false
      }
    },
    {
      "type": "Feature",
      "geometry": {
        "coordinates": [
          10.7865657,
          59.9121195
        ],
        "type": "Point"
      },
      "properties": {
        "category": "cafe",
        "description": "",
        "has_changing_area": false,
        "has_child_seats": false,
        "has_nursing_area": false,
        "has_playground": false,
        "id": "735056A8-17BB-49F8-A64F-91CB4E4FBA92",
        "is_wheelchair_accessible": false,
        "name": "Dileks Cafe & Catering",
        "notes": "",
        "verified": false
      }
    },
    {
      "type": "Feature",
      "geometry": {
        "coordinates": [
          10.4333737,
          61.226404
        ],
        "type": "Point"
      },
      "properties": {
        "category": "other",
        "description": "",
        "has_changing_area": true,
        "has_child_seats": false,
        "has_nursing_area": false,
        "has_playground": false,
        "id": "CFE2C3A1-4F0E-4929-9283-294752632494",
        "is_wheelchair_accessible": true,
        "name": "Public toilets (with changing table)",
        "notes": "",
        "verified": false
      }
    },
    {
      "type": "Feature",
      "geometry": {
        "coordinates": [
          10.4387021,
          61.2441603
        ],
        "type": "Point"
      },
      "properties": {
        "category": "other",
        "description": "",
        "has_changing_area": true,
        "has_child_seats": false,
        "has_nursing_area": false,
        "has_playground": false,
        "id": "B83D5DCD-5AC5-42A0-9681-2CF36576A874",
        "is_wheelchair_accessible": true,
        "name": "Public toilets (with changing table)",
        "notes": "",
        "verified": false
      }
    },
    {
      "type": "Feature",
      "geometry": {
        "coordinates": [
          10.4028177,
          63.4282004
        ],
        "type": "Point"
      },
      "properties": {
        "category": "cafe",
        "description": "",
        "has_changing_area": false,
        "has_child_seats": false,
        "has_nursing_area": false,
        "has_playground": false,
        "id": "452295F5-A0B5-4BDA-9116-17F394BF84D3",
        "is_wheelchair_accessible": true,
        "name": "Kaffebrenneriet",
        "notes": "",
        "verified": false
      }
    },
    {
      "type": "Feature",
      "geometry": {
        "coordinates": [
          10.8363658,
          59.7181142
        ],
        "type": "Point"
      },
      "properties": {
        "category": "cafe",
        "description": "",
        "has_changing_area": false,
        "has_child_seats": false,
        "has_nursing_area": false,
        "has_playground": false,
        "id": "9EB55E74-4654-4DC3-A6B9-FC1B7B235399",
        "is_wheelchair_accessible": false,
        "name": "Lola & G",
        "notes": "",
        "verified": false
      }
    },
    {
      "type": "Feature",
      "geometry": {
        "coordinates": [
          10.7312493,
          59.9137216
        ],
        "type": "Point"
      },
      "properties": {
        "category": "cafe",
        "description": "",
        "has_changing_area": false,
        "has_child_seats": false,
        "has_nursing_area": false,
        "has_playground": false,
        "id": "09EC620B-CAD6-4BC7-A9A9-4E0BB5E9B56E",
        "is_wheelchair_accessible": false,
        "name": "Baker Hansen",
        "notes": "",
        "verified": false
      }
    },
    {
      "type": "Feature",
      "geometry": {
        "coordinates": [
          10.7495988,
          59.9114761
        ],
        "type": "Point"
      },
      "properties": {
        "category": "cafe",
        "description": "",
        "has_changing_area": false,
        "has_child_seats": false,
        "has_nursing_area": false,
        "has_playground": false,
        "id": "47A2694A-5DDF-4842-8780-7119A61836DE",
        "is_wheelchair_accessible": false,
        "name": "Hakone Coffee",
        "notes": "",
        "verified": false
      }
    },
    {
      "type": "Feature",
      "geometry": {
        "coordinates": [
          10.420907,
          63.43627
        ],
        "type": "Point"
      },
      "properties": {
        "category": "cafe",
        "description": "",
        "has_changing_area": false,
        "has_child_seats": false,
        "has_nursing_area": false,
        "has_playground": false,
        "id": "424A4D1E-314D-4B10-ADA0-0F457B374627",
        "is_wheelchair_accessible": false,
        "name": "Ladejarlen Kafé",
        "notes": "",
        "verified": false
      }
    },
    {
      "type": "Feature",
      "geometry": {
        "coordinates": [
          10.939561,
          60.7716738
        ],
        "type": "Point"
      },
      "properties": {
        "category": "playground",
        "description": "",
        "has_changing_area": false,
        "has_child_seats": false,
        "has_nursing_area": false,
        "has_playground": true,
        "id": "6DA6D340-B5A4-48EF-B7F4-2BE29B68FA4A",
        "is_wheelchair_accessible": false,
        "name": "Kliingenberg",
        "notes": "",
        "verified": false
      }
    },
    {
      "type": "Feature",
      "geometry": {
        "coordinates": [
          11.049796,
          59.9587326
        ],
        "type": "Point"
      },
      "properties": {
        "category": "cafe",
        "description": "",
        "has_changing_area": false,
        "has_child_seats": false,
        "has_nursing_area": false,
        "has_playground": false,
        "id": "0CDCC8BD-2CB5-46AC-9597-5271EDB2D54B",
        "is_wheelchair_accessible": false,
        "name": "Scoops",
        "notes": "",
        "verified": false
      }
    },
    {
      "type": "Feature",
      "geometry": {
        "coordinates": [
          10.775681,
          59.9098668
        ],
        "type": "Point"
      },
      "properties": {
        "category": "cafe",
        "description": "",
        "has_changing_area": false,
        "has_child_seats": false,
        "has_nursing_area": false,
        "has_playground": false,
        "id": "3C2C281B-016F-4318-B83D-4F2C6DF1472A",
        "is_wheelchair_accessible": false,
        "name": "Asia Mix",
        "notes": "",
        "verified": false
      }
    },
    {
      "type": "Feature",
      "geometry": {
        "coordinates": [
          5.7092864,
          58.9650836
        ],
        "type": "Point"
      },
      "properties": {
        "category": "playground",
        "description": "",
        "has_changing_area": false,
        "has_child_seats": false,
        "has_nursing_area": false,
        "has_playground": true,
        "id": "871D5A50-65C6-4031-8840-B335777DEC2F",
        "is_wheelchair_accessible": false,
        "name": "Den elektriske lekeplassen",
        "notes": "",
        "verified": false
      }
    },
    {
      "type": "Feature",
      "geometry": {
        "coordinates": [
          7.4569445,
          58.0247782
        ],
        "type": "Point"
      },
      "properties": {
        "category": "playground",
        "description": "",
        "has_changing_area": false,
        "has_child_seats": false,
        "has_nursing_area": false,
        "has_playground": true,
        "id": "9D475B23-A570-427F-8B2A-D6165BB42127",
        "is_wheelchair_accessible": false,
        "name": "Buen Lekeplass",
        "notes": "",
        "verified": false
      }
    },
    {
      "type": "Feature",
      "geometry": {
        "coordinates": [
          10.4044912,
          63.4012595
        ],
        "type": "Point"
      },
      "properties": {
        "category": "cafe",
        "description": "",
        "has_changing_area": false,
        "has_child_seats": false,
        "has_nursing_area": false,
        "has_playground": false,
        "id": "6AAB28D3-6636-4662-BBBF-36EA91A80ACA",
        "is_wheelchair_accessible": false,
        "name": "Rosenborg Bakeri",
        "notes": "",
        "verified": false
      }
    },
    {
      "type": "Feature",
      "geometry": {
        "coordinates": [
          5.8210762,
          58.7804275
        ],
        "type": "Point"
      },
      "properties": {
        "category": "playground",
        "description": "",
        "has_changing_area": false,
        "has_child_seats": false,
        "has_nursing_area": false,
        "has_playground": true,
        "id": "BFC4100B-AC9E-4EDE-9C95-96279CDB6F4A",
        "is_wheelchair_accessible": false,
        "name": "Figgjo Lekeplass",
        "notes": "",
        "verified": false
      }
    },
    {
      "type": "Feature",
      "geometry": {
        "coordinates": [
          18.9594815,
          69.649437
        ],
        "type": "Point"
      },
      "properties": {
        "category": "cafe",
        "description": "",
        "has_changing_area": false,
        "has_child_seats": false,
        "has_nursing_area": false,
        "has_playground": false,
        "id": "CB229D5E-005B-455F-B2A4-8C62368846BD",
        "is_wheelchair_accessible": false,
        "name": "Smørtorget Kaffe & Mat",
        "notes": "",
        "verified": false
      }
    },
    {
      "type": "Feature",
      "geometry": {
        "coordinates": [
          14.4578944,
          67.2789301
        ],
        "type": "Point"
      },
      "properties": {
        "category": "playground",
        "description": "",
        "has_changing_area": false,
        "has_child_seats": false,
        "has_nursing_area": false,
        "has_playground": true,
        "id": "1FDF2172-4FE6-41A9-A08E-ED5EA8F3E8C0",
        "is_wheelchair_accessible": false,
        "name": "Prestmarkveien lekeplass",
        "notes": "",
        "verified": false
      }
    },
    {
      "type": "Feature",
      "geometry": {
        "coordinates": [
          10.4402778,
          63.4458253
        ],
        "type": "Point"
      },
      "properties": {
        "category": "playground",
        "description": "",
        "has_changing_area": false,
        "has_child_seats": false,
        "has_nursing_area": false,
        "has_playground": true,
        "id": "37B8EFA3-3DBF-4DE5-A400-233B81882FF0",
        "is_wheelchair_accessible": false,
        "name": "Orkesterplass",
        "notes": "",
        "verified": false
      }
    },
    {
      "type": "Feature",
      "geometry": {
        "coordinates": [
          5.3432541,
          60.3945381
        ],
        "type": "Point"
      },
      "properties": {
        "category": "cafe",
        "description": "",
        "has_changing_area": false,
        "has_child_seats": false,
        "has_nursing_area": false,
        "has_playground": false,
        "id": "842D0447-9977-4AA2-B498-F9FF219423C7",
        "is_wheelchair_accessible": true,
        "name": "Pølseboden",
        "notes": "",
        "verified": false
      }
    },
    {
      "type": "Feature",
      "geometry": {
        "coordinates": [
          10.7348128,
          59.9178962
        ],
        "type": "Point"
      },
      "properties": {
        "category": "cafe",
        "description": "",
        "has_changing_area": false,
        "has_child_seats": false,
        "has_nursing_area": false,
        "has_playground": false,
        "id": "D8E9C83A-6AB6-4CDF-942D-900964250F30",
        "is_wheelchair_accessible": false,
        "name": "Cafe Europa",
        "notes": "",
        "verified": false
      }
    },
    {
      "type": "Feature",
      "geometry": {
        "coordinates": [
          10.7179995,
          59.9139292
        ],
        "type": "Point"
      },
      "properties": {
        "category": "playground",
        "description": "",
        "has_changing_area": false,
        "has_child_seats": false,
        "has_nursing_area": false,
        "has_playground": true,
        "id": "885E0974-053D-408E-A507-66E58958DA0F",
        "is_wheelchair_accessible": false,
        "name": "NLB - Norsk lyd- og blindeskriftbibliotek",
        "notes": "",
        "verified": false
      }
    },
    {
      "type": "Feature",
      "geometry": {
        "coordinates": [
          14.443603,
          67.2717369
        ],
        "type": "Point"
      },
      "properties": {
        "category": "playground",
        "description": "",
        "has_changing_area": false,
        "has_child_seats": false,
        "has_nursing_area": false,
        "has_playground": true,
        "id": "9219D551-777D-4C1E-B590-B73B85DF8327",
        "is_wheelchair_accessible": false,
        "name": "Skipperveien lekeplass",
        "notes": "",
        "verified": false
      }
    },
    {
      "type": "Feature",
      "geometry": {
        "coordinates": [
          11.2964212,
          60.9511299
        ],
        "type": "Point"
      },
      "properties": {
        "category": "playground",
        "description": "",
        "has_changing_area": false,
        "has_child_seats": false,
        "has_nursing_area": false,
        "has_playground": true,
        "id": "45B98487-C1AC-4FF3-B6ED-617D4C68CF85",
        "is_wheelchair_accessible": false,
        "name": "Elgholtet",
        "notes": "",
        "verified": false
      }
    },
    {
      "type": "Feature",
      "geometry": {
        "coordinates": [
          10.7761287,
          59.9257165
        ],
        "type": "Point"
      },
      "properties": {
        "category": "cafe",
        "description": "",
        "has_changing_area": false,
        "has_child_seats": false,
        "has_nursing_area": false,
        "has_playground": false,
        "id": "750BFBD4-97B5-469E-94B7-E56E36CBFFB1",
        "is_wheelchair_accessible": false,
        "name": "Bob The Bagel",
        "notes": "",
        "verified": false
      }
    },
    {
      "type": "Feature",
      "geometry": {
        "coordinates": [
          10.9503989,
          63.4824872
        ],
        "type": "Point"
      },
      "properties": {
        "category": "playground",
        "description": "",
        "has_changing_area": false,
        "has_child_seats": false,
        "has_nursing_area": false,
        "has_playground": true,
        "id": "1AC4D3D2-A199-4679-B3E4-BC2322EE28D0",
        "is_wheelchair_accessible": false,
        "name": "Lekeplass",
        "notes": "",
        "verified": false
      }
    },
    {
      "type": "Feature",
      "geometry": {
        "coordinates": [
          10.7574927,
          59.9190122
        ],
        "type": "Point"
      },
      "properties": {
        "category": "cafe",
        "description": "",
        "has_changing_area": false,
        "has_child_seats": false,
        "has_nursing_area": false,
        "has_playground": false,
        "id": "ECA27509-C717-451C-9B88-76C79286EC62",
        "is_wheelchair_accessible": false,
        "name": "Lille Oslo",
        "notes": "",
        "verified": false
      }
    },
    {
      "type": "Feature",
      "geometry": {
        "coordinates": [
          5.326527,
          60.397033
        ],
        "type": "Point"
      },
      "properties": {
        "category": "cafe",
        "description": "",
        "has_changing_area": false,
        "has_child_seats": false,
        "has_nursing_area": false,
        "has_playground": false,
        "id": "C4665289-3A25-44A6-A584-421544456824",
        "is_wheelchair_accessible": false,
        "name": "Waffle House",
        "notes": "",
        "verified": false
      }
    },
    {
      "type": "Feature",
      "geometry": {
        "coordinates": [
          7.3375428,
          58.2020393
        ],
        "type": "Point"
      },
      "properties": {
        "category": "playground",
        "description": "",
        "has_changing_area": false,
        "has_child_seats": false,
        "has_nursing_area": false,
        "has_playground": true,
        "id": "673973AD-C015-4AF8-A8D2-9E0637026840",
        "is_wheelchair_accessible": false,
        "name": "Lindesnes folkebibliotek, Vigmostad filial",
        "notes": "",
        "verified": false
      }
    },
    {
      "type": "Feature",
      "geometry": {
        "coordinates": [
          10.685,
          59.905
        ],
        "type": "Point"
      },
      "properties": {
        "category": "cafe",
        "description": "",
        "has_changing_area": true,
        "has_child_seats": true,
        "has_nursing_area": false,
        "has_playground": false,
        "id": "9D8EBEB8-C8F4-48FE-AE93-892DEC79928A",
        "is_wheelchair_accessible": false,
        "name": "Café Hjemme Hos Svigers",
        "notes": "",
        "verified": false
      }
    },
    {
      "type": "Feature",
      "geometry": {
        "coordinates": [
          11.1410258,
          59.8380749
        ],
        "type": "Point"
      },
      "properties": {
        "category": "playground",
        "description": "",
        "has_changing_area": false,
        "has_child_seats": false,
        "has_nursing_area": false,
        "has_playground": true,
        "id": "07ABF052-DD3F-4A86-9A1F-508308498FB1",
        "is_wheelchair_accessible": false,
        "name": "Skaugveien Nord Lekeplass",
        "notes": "",
        "verified": false
      }
    },
    {
      "type": "Feature",
      "geometry": {
        "coordinates": [
          5.7159859,
          58.9817592
        ],
        "type": "Point"
      },
      "properties": {
        "category": "playground",
        "description": "",
        "has_changing_area": false,
        "has_child_seats": false,
        "has_nursing_area": false,
        "has_playground": true,
        "id": "CB9E27A0-91B6-4E4A-823A-599800FC8BEC",
        "is_wheelchair_accessible": false,
        "name": "Tjuvholmen playground",
        "notes": "",
        "verified": false
      }
    },
    {
      "type": "Feature",
      "geometry": {
        "coordinates": [
          10.3361323,
          59.8644993
        ],
        "type": "Point"
      },
      "properties": {
        "category": "cafe",
        "description": "",
        "has_changing_area": false,
        "has_child_seats": false,
        "has_nursing_area": false,
        "has_playground": false,
        "id": "46DD0C11-4E24-4B6D-89D1-7936E836A2DB",
        "is_wheelchair_accessible": false,
        "name": "Myggheim",
        "notes": "",
        "verified": false
      }
    },
    {
      "type": "Feature",
      "geometry": {
        "coordinates": [
          10.7520131,
          59.9118327
        ],
        "type": "Point"
      },
      "properties": {
        "category": "cafe",
        "description": "",
        "has_changing_area": true,
        "has_child_seats": true,
        "has_nursing_area": false,
        "has_playground": false,
        "id": "5C78CD2F-7733-4F09-9BA3-84CE90D2778C",
        "is_wheelchair_accessible": true,
        "name": "Espresso House Byporten",
        "notes": "",
        "verified": false
      }
    },
    {
      "type": "Feature",
      "geometry": {
        "coordinates": [
          18.9536942,
          69.6473543
        ],
        "type": "Point"
      },
      "properties": {
        "category": "cafe",
        "description": "",
        "has_changing_area": false,
        "has_child_seats": false,
        "has_nursing_area": false,
        "has_playground": false,
        "id": "B3CE75AE-412E-4FA8-98ED-BDDE3C54CBD2",
        "is_wheelchair_accessible": false,
        "name": "Koselig Kafe & Hjemmebakeri",
        "notes": "",
        "verified": false
      }
    },
    {
      "type": "Feature",
      "geometry": {
        "coordinates": [
          10.7172603,
          59.9174052
        ],
        "type": "Point"
      },
      "properties": {
        "category": "cafe",
        "description": "",
        "has_changing_area": false,
        "has_child_seats": false,
        "has_nursing_area": false,
        "has_playground": false,
        "id": "E0B45B14-ADBC-4127-B084-AFEAD096B76E",
        "is_wheelchair_accessible": false,
        "name": "Oslo Raw",
        "notes": "",
        "verified": false
      }
    },
    {
      "type": "Feature",
      "geometry": {
        "coordinates": [
          10.7589167,
          59.9124062
        ],
        "type": "Point"
      },
      "properties": {
        "category": "cafe",
        "description": "",
        "has_changing_area": false,
        "has_child_seats": false,
        "has_nursing_area": false,
        "has_playground": false,
        "id": "6276299B-81B3-4492-9E39-8603E4F0E6A6",
        "is_wheelchair_accessible": false,
        "name": "Shawarma House",
        "notes": "",
        "verified": false
      }
    },
    {
      "type": "Feature",
      "geometry": {
        "coordinates": [
          5.3250443,
          60.3927347
        ],
        "type": "Point"
      },
      "properties": {
        "category": "cafe",
        "description": "",
        "has_changing_area": false,
        "has_child_seats": false,
        "has_nursing_area": false,
        "has_playground": false,
        "id": "778A8DAE-CA70-4AB7-AE17-59ECB092E811",
        "is_wheelchair_accessible": false,
        "name": "Pink Fish",
        "notes": "",
        "verified": false
      }
    },
    {
      "type": "Feature",
      "geometry": {
        "coordinates": [
          5.6181516,
          58.9999614
        ],
        "type": "Point"
      },
      "properties": {
        "category": "playground",
        "description": "",
        "has_changing_area": false,
        "has_child_seats": false,
        "has_nursing_area": false,
        "has_playground": true,
        "id": "F2704904-10C1-4094-9D54-C49D8DCD108F",
        "is_wheelchair_accessible": true,
        "name": "Randaberg folkebibliotek",
        "notes": "",
        "verified": false
      }
    },
    {
      "type": "Feature",
      "geometry": {
        "coordinates": [
          10.3976021,
          63.4330259
        ],
        "type": "Point"
      },
      "properties": {
        "category": "cafe",
        "description": "",
        "has_changing_area": false,
        "has_child_seats": false,
        "has_nursing_area": false,
        "has_playground": false,
        "id": "E9424078-57E5-48BA-A877-DD8C266B3CAB",
        "is_wheelchair_accessible": false,
        "name": "Fryd Cafe",
        "notes": "",
        "verified": false
      }
    },
    {
      "type": "Feature",
      "geometry": {
        "coordinates": [
          5.855242,
          58.765553
        ],
        "type": "Point"
      },
      "properties": {
        "category": "playground",
        "description": "",
        "has_changing_area": false,
        "has_child_seats": false,
        "has_nursing_area": false,
        "has_playground": true,
        "id": "476F3FE9-EA14-4325-A0C2-365F029278E0",
        "is_wheelchair_accessible": false,
        "name": "Gjesdal folkebibliotek",
        "notes": "",
        "verified": false
      }
    },
    {
      "type": "Feature",
      "geometry": {
        "coordinates": [
          5.6172441,
          58.9990595
        ],
        "type": "Point"
      },
      "properties": {
        "category": "cafe",
        "description": "",
        "has_changing_area": false,
        "has_child_seats": false,
        "has_nursing_area": false,
        "has_playground": false,
        "id": "EB76A3F1-F6F6-40DD-B7C2-B79F779E68A2",
        "is_wheelchair_accessible": false,
        "name": "Små Øyeblikk Kaffebar",
        "notes": "",
        "verified": false
      }
    },
    {
      "type": "Feature",
      "geometry": {
        "coordinates": [
          5.3436683,
          60.3075428
        ],
        "type": "Point"
      },
      "properties": {
        "category": "playground",
        "description": "",
        "has_changing_area": false,
        "has_child_seats": false,
        "has_nursing_area": false,
        "has_playground": true,
        "id": "43240FB7-478D-4E3C-B85B-48D88C5C939A",
        "is_wheelchair_accessible": false,
        "name": "Lekeplass",
        "notes": "",
        "verified": false
      }
    },
    {
      "type": "Feature",
      "geometry": {
        "coordinates": [
          10.5204999,
          59.889978
        ],
        "type": "Point"
      },
      "properties": {
        "category": "cafe",
        "description": "",
        "has_changing_area": true,
        "has_child_seats": true,
        "has_nursing_area": false,
        "has_playground": false,
        "id": "8BEAB636-8321-4A3A-8BB7-988FCBF7631C",
        "is_wheelchair_accessible": true,
        "name": "Espresso House Sandvika senter",
        "notes": "",
        "verified": false
      }
    },
    {
      "type": "Feature",
      "geometry": {
        "coordinates": [
          10.2224844,
          59.7413327
        ],
        "type": "Point"
      },
      "properties": {
        "category": "other",
        "description": "",
        "has_changing_area": true,
        "has_child_seats": false,
        "has_nursing_area": false,
        "has_playground": false,
        "id": "F711F79A-FE69-4F3D-8B0B-44616AA53213",
        "is_wheelchair_accessible": true,
        "name": "Public toilets (with changing table)",
        "notes": "",
        "verified": false
      }
    },
    {
      "type": "Feature",
      "geometry": {
        "coordinates": [
          6.4258447,
          60.627939
        ],
        "type": "Point"
      },
      "properties": {
        "category": "playground",
        "description": "",
        "has_changing_area": false,
        "has_child_seats": false,
        "has_nursing_area": false,
        "has_playground": true,
        "id": "4038E3AB-C17E-45B5-950E-9FDF632F3F79",
        "is_wheelchair_accessible": false,
        "name": "Leikegrenda",
        "notes": "",
        "verified": false
      }
    },
    {
      "type": "Feature",
      "geometry": {
        "coordinates": [
          7.7995126,
          58.5841205
        ],
        "type": "Point"
      },
      "properties": {
        "category": "playground",
        "description": "",
        "has_changing_area": false,
        "has_child_seats": false,
        "has_nursing_area": false,
        "has_playground": true,
        "id": "99BFACB9-B99F-479E-8D10-A3EB299A784A",
        "is_wheelchair_accessible": false,
        "name": "Evje og Hornnes bibliotek",
        "notes": "",
        "verified": false
      }
    },
    {
      "type": "Feature",
      "geometry": {
        "coordinates": [
          5.7379698,
          58.9709425
        ],
        "type": "Point"
      },
      "properties": {
        "category": "playground",
        "description": "",
        "has_changing_area": false,
        "has_child_seats": false,
        "has_nursing_area": false,
        "has_playground": true,
        "id": "DF9AE1E6-CBD6-47B9-A77C-81296FC73DDE",
        "is_wheelchair_accessible": false,
        "name": "A. B. C. gata",
        "notes": "",
        "verified": false
      }
    },
    {
      "type": "Feature",
      "geometry": {
        "coordinates": [
          10.6286576,
          59.6634108
        ],
        "type": "Point"
      },
      "properties": {
        "category": "other",
        "description": "",
        "has_changing_area": true,
        "has_child_seats": false,
        "has_nursing_area": false,
        "has_playground": false,
        "id": "61ABCC7D-5D87-49BE-8EAD-1E0256540636",
        "is_wheelchair_accessible": true,
        "name": "Public toilets (with changing table)",
        "notes": "",
        "verified": false
      }
    },
    {
      "type": "Feature",
      "geometry": {
        "coordinates": [
          10.2612276,
          63.3786434
        ],
        "type": "Point"
      },
      "properties": {
        "category": "playground",
        "description": "",
        "has_changing_area": false,
        "has_child_seats": false,
        "has_nursing_area": false,
        "has_playground": true,
        "id": "6C9CC996-E92F-45EC-A60E-FF7F7CF02C81",
        "is_wheelchair_accessible": false,
        "name": "Turboskogen",
        "notes": "",
        "verified": false
      }
    },
    {
      "type": "Feature",
      "geometry": {
        "coordinates": [
          11.0104083,
          59.9481803
        ],
        "type": "Point"
      },
      "properties": {
        "category": "cafe",
        "description": "",
        "has_changing_area": false,
        "has_child_seats": false,
        "has_nursing_area": false,
        "has_playground": false,
        "id": "A102B1F9-3436-40DE-9165-05571309ADB9",
        "is_wheelchair_accessible": false,
        "name": "Folkets Hus Cafe",
        "notes": "",
        "verified": false
      }
    },
    {
      "type": "Feature",
      "geometry": {
        "coordinates": [
          5.3328005,
          60.3718515
        ],
        "type": "Point"
      },
      "properties": {
        "category": "playground",
        "description": "",
        "has_changing_area": false,
        "has_child_seats": false,
        "has_nursing_area": false,
        "has_playground": true,
        "id": "27A9426F-12EE-4F21-B490-A3A9A7F06B86",
        "is_wheelchair_accessible": false,
        "name": "Løvstakklien lekeplass",
        "notes": "",
        "verified": false
      }
    },
    {
      "type": "Feature",
      "geometry": {
        "coordinates": [
          8.5925706,
          58.3392016
        ],
        "type": "Point"
      },
      "properties": {
        "category": "other",
        "description": "",
        "has_changing_area": true,
        "has_child_seats": false,
        "has_nursing_area": false,
        "has_playground": false,
        "id": "6D80AF10-797E-4F5A-9DBD-32FD561F52C4",
        "is_wheelchair_accessible": false,
        "name": "Public toilets (with changing table)",
        "notes": "",
        "verified": false
      }
    },
    {
      "type": "Feature",
      "geometry": {
        "coordinates": [
          6.3015853,
          58.3452048
        ],
        "type": "Point"
      },
      "properties": {
        "category": "playground",
        "description": "",
        "has_changing_area": false,
        "has_child_seats": false,
        "has_nursing_area": false,
        "has_playground": true,
        "id": "A6151768-E554-4941-AA30-E55F513707A8",
        "is_wheelchair_accessible": false,
        "name": "Bjerkhaugveien lekeplass",
        "notes": "",
        "verified": false
      }
    },
    {
      "type": "Feature",
      "geometry": {
        "coordinates": [
          10.798384,
          59.8116452
        ],
        "type": "Point"
      },
      "properties": {
        "category": "cafe",
        "description": "",
        "has_changing_area": false,
        "has_child_seats": false,
        "has_nursing_area": false,
        "has_playground": false,
        "id": "7DB4047D-4DE3-4AED-9C1D-D469916FA89E",
        "is_wheelchair_accessible": false,
        "name": "Hjørnet",
        "notes": "",
        "verified": false
      }
    },
    {
      "type": "Feature",
      "geometry": {
        "coordinates": [
          5.3231083,
          60.3849402
        ],
        "type": "Point"
      },
      "properties": {
        "category": "playground",
        "description": "",
        "has_changing_area": false,
        "has_child_seats": false,
        "has_nursing_area": false,
        "has_playground": true,
        "id": "28D86CE4-14E9-450F-AADC-D436BDBA0919",
        "is_wheelchair_accessible": false,
        "name": "Welhavens gate lekeplass",
        "notes": "",
        "verified": false
      }
    },
    {
      "type": "Feature",
      "geometry": {
        "coordinates": [
          10.4879301,
          59.8547781
        ],
        "type": "Point"
      },
      "properties": {
        "category": "cafe",
        "description": "",
        "has_changing_area": false,
        "has_child_seats": false,
        "has_nursing_area": false,
        "has_playground": false,
        "id": "E606EA70-CF33-4005-835A-58EC0684E51D",
        "is_wheelchair_accessible": false,
        "name": "Delica",
        "notes": "",
        "verified": false
      }
    },
    {
      "type": "Feature",
      "geometry": {
        "coordinates": [
          11.0500607,
          59.9477225
        ],
        "type": "Point"
      },
      "properties": {
        "category": "playground",
        "description": "",
        "has_changing_area": false,
        "has_child_seats": false,
        "has_nursing_area": false,
        "has_playground": true,
        "id": "93FFB238-6D5E-4CAD-8E40-323C80DFAF47",
        "is_wheelchair_accessible": false,
        "name": "Torva Lekeplass",
        "notes": "",
        "verified": false
      }
    },
    {
      "type": "Feature",
      "geometry": {
        "coordinates": [
          8.4832422,
          58.7653329
        ],
        "type": "Point"
      },
      "properties": {
        "category": "playground",
        "description": "",
        "has_changing_area": false,
        "has_child_seats": false,
        "has_nursing_area": false,
        "has_playground": true,
        "id": "0C7540DF-B1E3-4ED4-895B-C7D986797B31",
        "is_wheelchair_accessible": false,
        "name": "Åmli bibliotek",
        "notes": "",
        "verified": false
      }
    },
    {
      "type": "Feature",
      "geometry": {
        "coordinates": [
          10.7522759,
          59.9111158
        ],
        "type": "Point"
      },
      "properties": {
        "category": "cafe",
        "description": "",
        "has_changing_area": true,
        "has_child_seats": true,
        "has_nursing_area": false,
        "has_playground": false,
        "id": "DF4048E8-6A8E-4CBD-AFC2-5455EAEA7F37",
        "is_wheelchair_accessible": true,
        "name": "Espresso House Oslo S Hovedhallen",
        "notes": "",
        "verified": false
      }
    },
    {
      "type": "Feature",
      "geometry": {
        "coordinates": [
          11.1376308,
          60.0761956
        ],
        "type": "Point"
      },
      "properties": {
        "category": "cafe",
        "description": "",
        "has_changing_area": false,
        "has_child_seats": false,
        "has_nursing_area": false,
        "has_playground": false,
        "id": "C39715C5-ED18-46D1-8C86-27A1C2D68B4F",
        "is_wheelchair_accessible": false,
        "name": "Kaffedilla",
        "notes": "",
        "verified": false
      }
    },
    {
      "type": "Feature",
      "geometry": {
        "coordinates": [
          6.280443,
          58.3475449
        ],
        "type": "Point"
      },
      "properties": {
        "category": "playground",
        "description": "",
        "has_changing_area": false,
        "has_child_seats": false,
        "has_nursing_area": false,
        "has_playground": true,
        "id": "1008FCCD-93BA-4F1A-810C-FF0451F77CCC",
        "is_wheelchair_accessible": false,
        "name": "Bergåsveien Lekeplass",
        "notes": "",
        "verified": false
      }
    },
    {
      "type": "Feature",
      "geometry": {
        "coordinates": [
          17.439481,
          69.5208493
        ],
        "type": "Point"
      },
      "properties": {
        "category": "other",
        "description": "",
        "has_changing_area": true,
        "has_child_seats": false,
        "has_nursing_area": false,
        "has_playground": false,
        "id": "F876F727-EDDD-491C-990F-F800A82A7273",
        "is_wheelchair_accessible": true,
        "name": "Public toilets (with changing table)",
        "notes": "",
        "verified": false
      }
    },
    {
      "type": "Feature",
      "geometry": {
        "coordinates": [
          5.3284453,
          60.3936283
        ],
        "type": "Point"
      },
      "properties": {
        "category": "cafe",
        "description": "",
        "has_changing_area": false,
        "has_child_seats": false,
        "has_nursing_area": false,
        "has_playground": false,
        "id": "32E10569-79CF-47AF-9CE8-C3FDB2B25877",
        "is_wheelchair_accessible": true,
        "name": "Litteraturhuset Bergen",
        "notes": "",
        "verified": false
      }
    },
    {
      "type": "Feature",
      "geometry": {
        "coordinates": [
          10.9709232,
          59.9803279
        ],
        "type": "Point"
      },
      "properties": {
        "category": "cafe",
        "description": "",
        "has_changing_area": false,
        "has_child_seats": false,
        "has_nursing_area": false,
        "has_playground": false,
        "id": "5EB63BC9-B096-4720-9C64-4CD9C467BE0D",
        "is_wheelchair_accessible": false,
        "name": "Grytelokket",
        "notes": "",
        "verified": false
      }
    },
    {
      "type": "Feature",
      "geometry": {
        "coordinates": [
          7.836579,
          58.1534673
        ],
        "type": "Point"
      },
      "properties": {
        "category": "playground",
        "description": "",
        "has_changing_area": false,
        "has_child_seats": false,
        "has_nursing_area": false,
        "has_playground": true,
        "id": "12C7AEB3-500D-4E52-88D2-FEB33E4E41B8",
        "is_wheelchair_accessible": false,
        "name": "Songdalen bibliotek",
        "notes": "",
        "verified": false
      }
    },
    {
      "type": "Feature",
      "geometry": {
        "coordinates": [
          10.5052325,
          63.4051626
        ],
        "type": "Point"
      },
      "properties": {
        "category": "playground",
        "description": "",
        "has_changing_area": false,
        "has_child_seats": false,
        "has_nursing_area": false,
        "has_playground": true,
        "id": "23A7DEBE-0947-43A4-AC9F-719FF0472748",
        "is_wheelchair_accessible": false,
        "name": "Lek 1",
        "notes": "",
        "verified": false
      }
    },
    {
      "type": "Feature",
      "geometry": {
        "coordinates": [
          9.687075,
          63.6386692
        ],
        "type": "Point"
      },
      "properties": {
        "category": "other",
        "description": "",
        "has_changing_area": true,
        "has_child_seats": false,
        "has_nursing_area": false,
        "has_playground": false,
        "id": "89120CD2-0438-4B5E-A73B-E11ED7D3FD10",
        "is_wheelchair_accessible": true,
        "name": "Public toilets (with changing table)",
        "notes": "",
        "verified": false
      }
    },
    {
      "type": "Feature",
      "geometry": {
        "coordinates": [
          7.9816677,
          58.1452727
        ],
        "type": "Point"
      },
      "properties": {
        "category": "cafe",
        "description": "",
        "has_changing_area": false,
        "has_child_seats": false,
        "has_nursing_area": false,
        "has_playground": false,
        "id": "821A0696-FAD7-4248-BD79-DE51BEE30191",
        "is_wheelchair_accessible": false,
        "name": "Natmanden Kafe",
        "notes": "",
        "verified": false
      }
    },
    {
      "type": "Feature",
      "geometry": {
        "coordinates": [
          5.6299585,
          58.7765063
        ],
        "type": "Point"
      },
      "properties": {
        "category": "playground",
        "description": "",
        "has_changing_area": false,
        "has_child_seats": false,
        "has_nursing_area": false,
        "has_playground": true,
        "id": "26CDF0F8-6284-4B68-B9BF-7EAF9ACF1053",
        "is_wheelchair_accessible": false,
        "name": "Klepp bibliotek",
        "notes": "",
        "verified": false
      }
    },
    {
      "type": "Feature",
      "geometry": {
        "coordinates": [
          7.3550195,
          59.56348
        ],
        "type": "Point"
      },
      "properties": {
        "category": "playground",
        "description": "",
        "has_changing_area": false,
        "has_child_seats": false,
        "has_nursing_area": false,
        "has_playground": true,
        "id": "D4375E5A-A75E-4B45-9A37-107CB7997E55",
        "is_wheelchair_accessible": false,
        "name": "Bykle folkebibliotek, Hovden filial",
        "notes": "",
        "verified": false
      }
    },
    {
      "type": "Feature",
      "geometry": {
        "coordinates": [
          12.000969,
          60.1918012
        ],
        "type": "Point"
      },
      "properties": {
        "category": "playground",
        "description": "",
        "has_changing_area": false,
        "has_child_seats": false,
        "has_nursing_area": false,
        "has_playground": true,
        "id": "888C2C9C-FE8F-4C66-BDCB-E1BFECADDD1E",
        "is_wheelchair_accessible": false,
        "name": "Barnas festning",
        "notes": "",
        "verified": false
      }
    },
    {
      "type": "Feature",
      "geometry": {
        "coordinates": [
          5.3437228,
          60.3652686
        ],
        "type": "Point"
      },
      "properties": {
        "category": "cafe",
        "description": "",
        "has_changing_area": false,
        "has_child_seats": true,
        "has_nursing_area": false,
        "has_playground": false,
        "id": "73F25318-98FA-4E59-809C-69C9B42E0C63",
        "is_wheelchair_accessible": true,
        "name": "Godt Brød Minde",
        "notes": "",
        "verified": false
      }
    },
    {
      "type": "Feature",
      "geometry": {
        "coordinates": [
          14.6116097,
          67.2905916
        ],
        "type": "Point"
      },
      "properties": {
        "category": "playground",
        "description": "",
        "has_changing_area": false,
        "has_child_seats": false,
        "has_nursing_area": false,
        "has_playground": true,
        "id": "E944D87C-3F96-4D37-AE33-811219A252EB",
        "is_wheelchair_accessible": false,
        "name": "Grønnliflata lekeplass",
        "notes": "",
        "verified": false
      }
    },
    {
      "type": "Feature",
      "geometry": {
        "coordinates": [
          10.7727808,
          59.8328414
        ],
        "type": "Point"
      },
      "properties": {
        "category": "cafe",
        "description": "",
        "has_changing_area": false,
        "has_child_seats": true,
        "has_nursing_area": false,
        "has_playground": false,
        "id": "8D1F8039-0060-44F8-89D0-4259F3816638",
        "is_wheelchair_accessible": true,
        "name": "Anne på landet",
        "notes": "",
        "verified": false
      }
    },
    {
      "type": "Feature",
      "geometry": {
        "coordinates": [
          10.754605,
          59.937861
        ],
        "type": "Point"
      },
      "properties": {
        "category": "cafe",
        "description": "",
        "has_changing_area": false,
        "has_child_seats": false,
        "has_nursing_area": false,
        "has_playground": false,
        "id": "1C861073-626A-4725-8B56-B01815D8140A",
        "is_wheelchair_accessible": false,
        "name": "The Greasy House",
        "notes": "",
        "verified": false
      }
    },
    {
      "type": "Feature",
      "geometry": {
        "coordinates": [
          10.7281663,
          59.9206733
        ],
        "type": "Point"
      },
      "properties": {
        "category": "cafe",
        "description": "",
        "has_changing_area": false,
        "has_child_seats": false,
        "has_nursing_area": false,
        "has_playground": false,
        "id": "720F14FE-6112-4113-BF32-3C8B15E06689",
        "is_wheelchair_accessible": false,
        "name": "Kaffebrenneriet",
        "notes": "",
        "verified": false
      }
    },
    {
      "type": "Feature",
      "geometry": {
        "coordinates": [
          10.763709,
          59.9192704
        ],
        "type": "Point"
      },
      "properties": {
        "category": "cafe",
        "description": "",
        "has_changing_area": false,
        "has_child_seats": false,
        "has_nursing_area": false,
        "has_playground": false,
        "id": "6F306DC4-80B7-452A-8D98-75D8067794F3",
        "is_wheelchair_accessible": false,
        "name": "Handmade",
        "notes": "",
        "verified": false
      }
    },
    {
      "type": "Feature",
      "geometry": {
        "coordinates": [
          5.4009632,
          59.7866148
        ],
        "type": "Point"
      },
      "properties": {
        "category": "playground",
        "description": "",
        "has_changing_area": false,
        "has_child_seats": false,
        "has_nursing_area": false,
        "has_playground": true,
        "id": "966D151A-FA0D-44FE-93FB-87993680F1C8",
        "is_wheelchair_accessible": false,
        "name": "Liten Lekeplass",
        "notes": "",
        "verified": false
      }
    },
    {
      "type": "Feature",
      "geometry": {
        "coordinates": [
          11.6800744,
          60.2550398
        ],
        "type": "Point"
      },
      "properties": {
        "category": "other",
        "description": "",
        "has_changing_area": true,
        "has_child_seats": false,
        "has_nursing_area": false,
        "has_playground": false,
        "id": "6BAF2440-2A60-4617-829B-4E47F2FC5DBA",
        "is_wheelchair_accessible": true,
        "name": "Public toilets (with changing table)",
        "notes": "",
        "verified": false
      }
    },
    {
      "type": "Feature",
      "geometry": {
        "coordinates": [
          18.9605697,
          69.6521882
        ],
        "type": "Point"
      },
      "properties": {
        "category": "cafe",
        "description": "",
        "has_changing_area": false,
        "has_child_seats": false,
        "has_nursing_area": false,
        "has_playground": false,
        "id": "66EAD02A-1708-49D0-B03B-21F4183547BC",
        "is_wheelchair_accessible": false,
        "name": "Fint",
        "notes": "",
        "verified": false
      }
    },
    {
      "type": "Feature",
      "geometry": {
        "coordinates": [
          10.7377845,
          59.9065665
        ],
        "type": "Point"
      },
      "properties": {
        "category": "other",
        "description": "",
        "has_changing_area": true,
        "has_child_seats": false,
        "has_nursing_area": false,
        "has_playground": false,
        "id": "A18CDDAA-3E67-4196-9F80-1744E2DFDC0D",
        "is_wheelchair_accessible": false,
        "name": "Public toilets (with changing table)",
        "notes": "",
        "verified": false
      }
    },
    {
      "type": "Feature",
      "geometry": {
        "coordinates": [
          10.7250075,
          59.9088209
        ],
        "type": "Point"
      },
      "properties": {
        "category": "cafe",
        "description": "",
        "has_changing_area": false,
        "has_child_seats": false,
        "has_nursing_area": false,
        "has_playground": false,
        "id": "DA5F3BA2-CAA7-48EE-B195-DEEBBD17D3A4",
        "is_wheelchair_accessible": false,
        "name": "Supreme Roastworks",
        "notes": "",
        "verified": false
      }
    },
    {
      "type": "Feature",
      "geometry": {
        "coordinates": [
          10.2494536,
          59.67661
        ],
        "type": "Point"
      },
      "properties": {
        "category": "playground",
        "description": "",
        "has_changing_area": false,
        "has_child_seats": false,
        "has_nursing_area": false,
        "has_playground": true,
        "id": "033A7B8B-46F6-49EF-ABE5-E74382BAE30F",
        "is_wheelchair_accessible": false,
        "name": "Stillerud lekeplass",
        "notes": "",
        "verified": false
      }
    },
    {
      "type": "Feature",
      "geometry": {
        "coordinates": [
          10.7863416,
          59.9120422
        ],
        "type": "Point"
      },
      "properties": {
        "category": "cafe",
        "description": "",
        "has_changing_area": false,
        "has_child_seats": false,
        "has_nursing_area": false,
        "has_playground": false,
        "id": "5FEC25AF-EEBC-48ED-A255-612D2DC2280D",
        "is_wheelchair_accessible": false,
        "name": "Café Passabel",
        "notes": "",
        "verified": false
      }
    },
    {
      "type": "Feature",
      "geometry": {
        "coordinates": [
          11.0008867,
          59.9552077
        ],
        "type": "Point"
      },
      "properties": {
        "category": "playground",
        "description": "",
        "has_changing_area": false,
        "has_child_seats": false,
        "has_nursing_area": false,
        "has_playground": true,
        "id": "C4312301-4542-44FC-9AFB-886E0E6E724F",
        "is_wheelchair_accessible": false,
        "name": "Lekeplass",
        "notes": "",
        "verified": false
      }
    },
    {
      "type": "Feature",
      "geometry": {
        "coordinates": [
          16.611362,
          68.6730531
        ],
        "type": "Point"
      },
      "properties": {
        "category": "other",
        "description": "",
        "has_changing_area": true,
        "has_child_seats": false,
        "has_nursing_area": false,
        "has_playground": false,
        "id": "5C052B3A-CE31-4E55-82DB-AA798EE3BF2D",
        "is_wheelchair_accessible": true,
        "name": "Toilette",
        "notes": "",
        "verified": false
      }
    },
    {
      "type": "Feature",
      "geometry": {
        "coordinates": [
          10.3929601,
          63.4262413
        ],
        "type": "Point"
      },
      "properties": {
        "category": "cafe",
        "description": "",
        "has_changing_area": false,
        "has_child_seats": false,
        "has_nursing_area": false,
        "has_playground": false,
        "id": "89BFB19D-B918-455E-A585-3B0B26E843E5",
        "is_wheelchair_accessible": false,
        "name": "Perrongen",
        "notes": "",
        "verified": false
      }
    },
    {
      "type": "Feature",
      "geometry": {
        "coordinates": [
          11.049763,
          59.9564485
        ],
        "type": "Point"
      },
      "properties": {
        "category": "cafe",
        "description": "",
        "has_changing_area": false,
        "has_child_seats": false,
        "has_nursing_area": false,
        "has_playground": false,
        "id": "8907CB95-914F-4804-8292-0A562E4D8A05",
        "is_wheelchair_accessible": false,
        "name": "Pikene på torvet",
        "notes": "",
        "verified": false
      }
    },
    {
      "type": "Feature",
      "geometry": {
        "coordinates": [
          10.7593211,
          59.9272954
        ],
        "type": "Point"
      },
      "properties": {
        "category": "cafe",
        "description": "",
        "has_changing_area": false,
        "has_child_seats": false,
        "has_nursing_area": false,
        "has_playground": false,
        "id": "9BE1F5BA-8948-4B88-9C11-D69B8B3F3242",
        "is_wheelchair_accessible": false,
        "name": "Baker Hansen",
        "notes": "",
        "verified": false
      }
    },
    {
      "type": "Feature",
      "geometry": {
        "coordinates": [
          7.5536175,
          59.0183275
        ],
        "type": "Point"
      },
      "properties": {
        "category": "other",
        "description": "",
        "has_changing_area": true,
        "has_child_seats": false,
        "has_nursing_area": false,
        "has_playground": false,
        "id": "44951EC2-9728-4197-98E7-5F7A773916C8",
        "is_wheelchair_accessible": true,
        "name": "Public toilets (with changing table)",
        "notes": "",
        "verified": false
      }
    },
    {
      "type": "Feature",
      "geometry": {
        "coordinates": [
          10.3938005,
          63.4299616
        ],
        "type": "Point"
      },
      "properties": {
        "category": "other",
        "description": "",
        "has_changing_area": true,
        "has_child_seats": false,
        "has_nursing_area": false,
        "has_playground": false,
        "id": "6E44E00E-570E-4FA7-A231-6266F54872E5",
        "is_wheelchair_accessible": true,
        "name": "Public toilets (with changing table)",
        "notes": "",
        "verified": false
      }
    },
    {
      "type": "Feature",
      "geometry": {
        "coordinates": [
          5.31683,
          60.394161
        ],
        "type": "Point"
      },
      "properties": {
        "category": "playground",
        "description": "",
        "has_changing_area": false,
        "has_child_seats": false,
        "has_nursing_area": false,
        "has_playground": true,
        "id": "FB8A87ED-2042-4748-99C1-685318AEB91D",
        "is_wheelchair_accessible": false,
        "name": "Apotekerhagen lekeplass",
        "notes": "",
        "verified": false
      }
    },
    {
      "type": "Feature",
      "geometry": {
        "coordinates": [
          10.7143292,
          59.9162156
        ],
        "type": "Point"
      },
      "properties": {
        "category": "cafe",
        "description": "",
        "has_changing_area": false,
        "has_child_seats": false,
        "has_nursing_area": false,
        "has_playground": false,
        "id": "4A1ED470-3C86-4C24-9B18-3337F9BC80A2",
        "is_wheelchair_accessible": false,
        "name": "Massimo",
        "notes": "",
        "verified": false
      }
    },
    {
      "type": "Feature",
      "geometry": {
        "coordinates": [
          18.9542756,
          69.6464618
        ],
        "type": "Point"
      },
      "properties": {
        "category": "cafe",
        "description": "",
        "has_changing_area": true,
        "has_child_seats": true,
        "has_nursing_area": false,
        "has_playground": false,
        "id": "31911800-FE96-4D90-989B-8F48F0A7DC0C",
        "is_wheelchair_accessible": true,
        "name": "Jordbærpikene Nerstranda",
        "notes": "",
        "verified": false
      }
    },
    {
      "type": "Feature",
      "geometry": {
        "coordinates": [
          5.3187662,
          60.3904795
        ],
        "type": "Point"
      },
      "properties": {
        "category": "cafe",
        "description": "",
        "has_changing_area": false,
        "has_child_seats": false,
        "has_nursing_area": false,
        "has_playground": false,
        "id": "29AC26BD-243C-4E37-B6E5-32E854143D5D",
        "is_wheelchair_accessible": false,
        "name": "Robin Hood Huset",
        "notes": "",
        "verified": false
      }
    },
    {
      "type": "Feature",
      "geometry": {
        "coordinates": [
          6.6090678,
          58.1389646
        ],
        "type": "Point"
      },
      "properties": {
        "category": "shopping",
        "description": "",
        "has_changing_area": false,
        "has_child_seats": false,
        "has_nursing_area": false,
        "has_playground": false,
        "id": "9F3D3D78-F0F6-4642-ABC7-242301FC168D",
        "is_wheelchair_accessible": false,
        "name": "Bjørnefabrikken",
        "notes": "",
        "verified": false
      }
    },
    {
      "type": "Feature",
      "geometry": {
        "coordinates": [
          5.3268329,
          60.3928531
        ],
        "type": "Point"
      },
      "properties": {
        "category": "shopping",
        "description": "",
        "has_changing_area": true,
        "has_child_seats": false,
        "has_nursing_area": false,
        "has_playground": false,
        "id": "33176311-DB80-40D1-AA56-157C4667F73C",
        "is_wheelchair_accessible": true,
        "name": "Xhibition",
        "notes": "",
        "verified": false
      }
    },
    {
      "type": "Feature",
      "geometry": {
        "coordinates": [
          10.5117022,
          59.7053029
        ],
        "type": "Point"
      },
      "properties": {
        "category": "cafe",
        "description": "",
        "has_changing_area": false,
        "has_child_seats": false,
        "has_nursing_area": false,
        "has_playground": false,
        "id": "B919270E-5A59-4CA4-B689-7F3B4161F526",
        "is_wheelchair_accessible": false,
        "name": "Cafe Dampen",
        "notes": "",
        "verified": false
      }
    },
    {
      "type": "Feature",
      "geometry": {
        "coordinates": [
          10.369333,
          63.429558
        ],
        "type": "Point"
      },
      "properties": {
        "category": "cafe",
        "description": "",
        "has_changing_area": false,
        "has_child_seats": false,
        "has_nursing_area": false,
        "has_playground": false,
        "id": "C49FC955-ED8F-44C8-84C3-24543C154991",
        "is_wheelchair_accessible": false,
        "name": "Ila Brainnstasjon",
        "notes": "",
        "verified": false
      }
    },
    {
      "type": "Feature",
      "geometry": {
        "coordinates": [
          10.7627113,
          59.9177873
        ],
        "type": "Point"
      },
      "properties": {
        "category": "cafe",
        "description": "",
        "has_changing_area": false,
        "has_child_seats": false,
        "has_nursing_area": false,
        "has_playground": false,
        "id": "EB9EC75B-89E0-43F5-B641-8A7FCF8E4A8B",
        "is_wheelchair_accessible": false,
        "name": "Cloud Café",
        "notes": "",
        "verified": false
      }
    },
    {
      "type": "Feature",
      "geometry": {
        "coordinates": [
          5.9406224,
          59.6640134
        ],
        "type": "Point"
      },
      "properties": {
        "category": "other",
        "description": "",
        "has_changing_area": true,
        "has_child_seats": false,
        "has_nursing_area": false,
        "has_playground": false,
        "id": "D46215E8-310A-4C84-A1F3-8BB347E87ADA",
        "is_wheelchair_accessible": true,
        "name": "Public toilets (with changing table)",
        "notes": "",
        "verified": false
      }
    },
    {
      "type": "Feature",
      "geometry": {
        "coordinates": [
          12.6221773,
          65.9896759
        ],
        "type": "Point"
      },
      "properties": {
        "category": "playground",
        "description": "",
        "has_changing_area": false,
        "has_child_seats": false,
        "has_nursing_area": false,
        "has_playground": true,
        "id": "B606450E-F8FD-4642-90C7-665AD1712C0C",
        "is_wheelchair_accessible": false,
        "name": "Playground",
        "notes": "",
        "verified": false
      }
    },
    {
      "type": "Feature",
      "geometry": {
        "coordinates": [
          11.0411789,
          59.8847542
        ],
        "type": "Point"
      },
      "properties": {
        "category": "cafe",
        "description": "",
        "has_changing_area": false,
        "has_child_seats": false,
        "has_nursing_area": false,
        "has_playground": false,
        "id": "F02A62C6-3C3F-4B97-ADC0-95F0160783B4",
        "is_wheelchair_accessible": false,
        "name": "Setertjernstua",
        "notes": "",
        "verified": false
      }
    },
    {
      "type": "Feature",
      "geometry": {
        "coordinates": [
          6.1141733,
          62.5582609
        ],
        "type": "Point"
      },
      "properties": {
        "category": "other",
        "description": "",
        "has_changing_area": true,
        "has_child_seats": false,
        "has_nursing_area": false,
        "has_playground": false,
        "id": "0C10C4DB-59EF-4AF8-9969-57B0AC256D34",
        "is_wheelchair_accessible": false,
        "name": "Public toilets (with changing table)",
        "notes": "",
        "verified": false
      }
    },
    {
      "type": "Feature",
      "geometry": {
        "coordinates": [
          10.8258521,
          59.8655517
        ],
        "type": "Point"
      },
      "properties": {
        "category": "playground",
        "description": "",
        "has_changing_area": false,
        "has_child_seats": false,
        "has_nursing_area": false,
        "has_playground": true,
        "id": "A56E7280-840D-471E-95AB-1EF110604C43",
        "is_wheelchair_accessible": false,
        "name": "Rabben lekeområde",
        "notes": "",
        "verified": false
      }
    },
    {
      "type": "Feature",
      "geometry": {
        "coordinates": [
          5.327962,
          60.394055
        ],
        "type": "Point"
      },
      "properties": {
        "category": "cafe",
        "description": "",
        "has_changing_area": false,
        "has_child_seats": false,
        "has_nursing_area": false,
        "has_playground": false,
        "id": "A1977A14-84EA-41EA-B62C-0305589A9E58",
        "is_wheelchair_accessible": false,
        "name": "Fjåk",
        "notes": "",
        "verified": false
      }
    },
    {
      "type": "Feature",
      "geometry": {
        "coordinates": [
          5.3422723,
          60.3007814
        ],
        "type": "Point"
      },
      "properties": {
        "category": "playground",
        "description": "",
        "has_changing_area": false,
        "has_child_seats": false,
        "has_nursing_area": false,
        "has_playground": true,
        "id": "17ECEF17-D751-498F-8DFA-5AD936704849",
        "is_wheelchair_accessible": false,
        "name": "Dådyrvegen lekeplass",
        "notes": "",
        "verified": false
      }
    },
    {
      "type": "Feature",
      "geometry": {
        "coordinates": [
          5.3036305,
          60.3996523
        ],
        "type": "Point"
      },
      "properties": {
        "category": "other",
        "description": "",
        "has_changing_area": true,
        "has_child_seats": false,
        "has_nursing_area": false,
        "has_playground": false,
        "id": "2FC27165-3E31-4DD2-AA5A-934D3892CCAB",
        "is_wheelchair_accessible": false,
        "name": "Mattorget",
        "notes": "",
        "verified": false
      }
    },
    {
      "type": "Feature",
      "geometry": {
        "coordinates": [
          5.7251256,
          58.9725789
        ],
        "type": "Point"
      },
      "properties": {
        "category": "cafe",
        "description": "",
        "has_changing_area": false,
        "has_child_seats": false,
        "has_nursing_area": false,
        "has_playground": false,
        "id": "C61B11BF-D6D3-4715-9A86-EC2818AEFF85",
        "is_wheelchair_accessible": false,
        "name": "Arbeiderboligen / Thilohuset",
        "notes": "",
        "verified": false
      }
    },
    {
      "type": "Feature",
      "geometry": {
        "coordinates": [
          9.2333499,
          58.7193787
        ],
        "type": "Point"
      },
      "properties": {
        "category": "playground",
        "description": "",
        "has_changing_area": false,
        "has_child_seats": false,
        "has_nursing_area": false,
        "has_playground": true,
        "id": "5B9A3102-9229-410B-A09B-8A5786B8C910",
        "is_wheelchair_accessible": false,
        "name": "Hasdalen",
        "notes": "",
        "verified": false
      }
    },
    {
      "type": "Feature",
      "geometry": {
        "coordinates": [
          10.4010921,
          59.7376839
        ],
        "type": "Point"
      },
      "properties": {
        "category": "playground",
        "description": "",
        "has_changing_area": false,
        "has_child_seats": false,
        "has_nursing_area": false,
        "has_playground": true,
        "id": "367085A1-D228-4B0F-B661-1B70F9CA5F8B",
        "is_wheelchair_accessible": false,
        "name": "Ballbinge",
        "notes": "",
        "verified": false
      }
    },
    {
      "type": "Feature",
      "geometry": {
        "coordinates": [
          5.332655,
          60.392481
        ],
        "type": "Point"
      },
      "properties": {
        "category": "cafe",
        "description": "",
        "has_changing_area": false,
        "has_child_seats": false,
        "has_nursing_area": false,
        "has_playground": false,
        "id": "21D267C1-E67A-4DCF-AA88-3BFB9BFAEB97",
        "is_wheelchair_accessible": false,
        "name": "Krohnhagen kafè og veksthus",
        "notes": "",
        "verified": false
      }
    },
    {
      "type": "Feature",
      "geometry": {
        "coordinates": [
          5.1250738,
          60.3596181
        ],
        "type": "Point"
      },
      "properties": {
        "category": "other",
        "description": "",
        "has_changing_area": true,
        "has_child_seats": false,
        "has_nursing_area": false,
        "has_playground": false,
        "id": "C256FCAF-15C0-4A38-A8ED-06B9B6B90166",
        "is_wheelchair_accessible": true,
        "name": "Public toilets (with changing table)",
        "notes": "",
        "verified": false
      }
    },
    {
      "type": "Feature",
      "geometry": {
        "coordinates": [
          17.6271459,
          69.507841
        ],
        "type": "Point"
      },
      "properties": {
        "category": "playground",
        "description": "",
        "has_changing_area": false,
        "has_child_seats": false,
        "has_nursing_area": false,
        "has_playground": true,
        "id": "02F51C50-6DC9-4E4E-8B49-BEF30F9470FD",
        "is_wheelchair_accessible": false,
        "name": "Lekeplassen",
        "notes": "",
        "verified": false
      }
    },
    {
      "type": "Feature",
      "geometry": {
        "coordinates": [
          10.748835,
          59.912014
        ],
        "type": "Point"
      },
      "properties": {
        "category": "cafe",
        "description": "",
        "has_changing_area": false,
        "has_child_seats": false,
        "has_nursing_area": false,
        "has_playground": false,
        "id": "B6926D31-99DF-4C11-95BF-F484B01DD42B",
        "is_wheelchair_accessible": true,
        "name": "Stockfleths",
        "notes": "",
        "verified": false
      }
    },
    {
      "type": "Feature",
      "geometry": {
        "coordinates": [
          11.1006029,
          60.1939668
        ],
        "type": "Point"
      },
      "properties": {
        "category": "other",
        "description": "",
        "has_changing_area": true,
        "has_child_seats": false,
        "has_nursing_area": false,
        "has_playground": false,
        "id": "2DD9D7D1-2B7F-4F35-B7FC-22C36C4F079C",
        "is_wheelchair_accessible": true,
        "name": "Public toilets (with changing table)",
        "notes": "",
        "verified": false
      }
    },
    {
      "type": "Feature",
      "geometry": {
        "coordinates": [
          10.667511,
          59.8544813
        ],
        "type": "Point"
      },
      "properties": {
        "category": "playground",
        "description": "",
        "has_changing_area": false,
        "has_child_seats": false,
        "has_nursing_area": false,
        "has_playground": true,
        "id": "57571F7A-8B4D-47DA-B89E-D747104CEC90",
        "is_wheelchair_accessible": false,
        "name": "Tun 1",
        "notes": "",
        "verified": false
      }
    },
    {
      "type": "Feature",
      "geometry": {
        "coordinates": [
          13.1438756,
          66.3327191
        ],
        "type": "Point"
      },
      "properties": {
        "category": "other",
        "description": "",
        "has_changing_area": true,
        "has_child_seats": false,
        "has_nursing_area": false,
        "has_playground": false,
        "id": "3A2040B2-0146-48F6-94FC-8F852F37394A",
        "is_wheelchair_accessible": true,
        "name": "Public toilets (with changing table)",
        "notes": "",
        "verified": false
      }
    },
    {
      "type": "Feature",
      "geometry": {
        "coordinates": [
          10.6771184,
          59.9271711
        ],
        "type": "Point"
      },
      "properties": {
        "category": "cafe",
        "description": "",
        "has_changing_area": false,
        "has_child_seats": false,
        "has_nursing_area": false,
        "has_playground": false,
        "id": "E8AC1895-1EBE-4649-8966-235F863B7C95",
        "is_wheelchair_accessible": false,
        "name": "Noi Delicatesse",
        "notes": "",
        "verified": false
      }
    },
    {
      "type": "Feature",
      "geometry": {
        "coordinates": [
          10.737741,
          59.7827016
        ],
        "type": "Point"
      },
      "properties": {
        "category": "cafe",
        "description": "",
        "has_changing_area": false,
        "has_child_seats": false,
        "has_nursing_area": false,
        "has_playground": false,
        "id": "BF08795A-EEB6-4799-A05C-B0D0E1AC3B99",
        "is_wheelchair_accessible": false,
        "name": "Svartskog Kolonial",
        "notes": "",
        "verified": false
      }
    },
    {
      "type": "Feature",
      "geometry": {
        "coordinates": [
          10.4069816,
          63.4156545
        ],
        "type": "Point"
      },
      "properties": {
        "category": "cafe",
        "description": "",
        "has_changing_area": false,
        "has_child_seats": false,
        "has_nursing_area": false,
        "has_playground": false,
        "id": "E3191970-1881-4ED1-B993-F20AFD3AA7AB",
        "is_wheelchair_accessible": true,
        "name": "Cafe-sito Realfag",
        "notes": "",
        "verified": false
      }
    },
    {
      "type": "Feature",
      "geometry": {
        "coordinates": [
          10.0101123,
          59.4843207
        ],
        "type": "Point"
      },
      "properties": {
        "category": "playground",
        "description": "",
        "has_changing_area": false,
        "has_child_seats": false,
        "has_nursing_area": false,
        "has_playground": true,
        "id": "215AD259-0614-42F4-8429-F0D613F06CBC",
        "is_wheelchair_accessible": false,
        "name": "Hvittingfoss torg lekeplass",
        "notes": "",
        "verified": false
      }
    },
    {
      "type": "Feature",
      "geometry": {
        "coordinates": [
          5.35264,
          60.387684
        ],
        "type": "Point"
      },
      "properties": {
        "category": "playground",
        "description": "",
        "has_changing_area": false,
        "has_child_seats": false,
        "has_nursing_area": false,
        "has_playground": true,
        "id": "F861E1F8-7DCF-4F62-862E-0D7CD44F0D89",
        "is_wheelchair_accessible": false,
        "name": "Ole Irgens vei lekeplass",
        "notes": "",
        "verified": false
      }
    },
    {
      "type": "Feature",
      "geometry": {
        "coordinates": [
          10.8156171,
          59.9464228
        ],
        "type": "Point"
      },
      "properties": {
        "category": "cafe",
        "description": "",
        "has_changing_area": false,
        "has_child_seats": false,
        "has_nursing_area": false,
        "has_playground": false,
        "id": "DCFF048F-8E8C-4BCB-9A44-66A88A957DA5",
        "is_wheelchair_accessible": false,
        "name": "Ervald gårdskafe",
        "notes": "",
        "verified": false
      }
    },
    {
      "type": "Feature",
      "geometry": {
        "coordinates": [
          10.8739488,
          59.9512723
        ],
        "type": "Point"
      },
      "properties": {
        "category": "playground",
        "description": "",
        "has_changing_area": false,
        "has_child_seats": false,
        "has_nursing_area": false,
        "has_playground": true,
        "id": "F241B7AC-8B2B-4EED-BE3C-383B99D5CBE2",
        "is_wheelchair_accessible": false,
        "name": "Deichman Nordtvet",
        "notes": "",
        "verified": false
      }
    },
    {
      "type": "Feature",
      "geometry": {
        "coordinates": [
          11.1560496,
          59.9244915
        ],
        "type": "Point"
      },
      "properties": {
        "category": "playground",
        "description": "",
        "has_changing_area": false,
        "has_child_seats": false,
        "has_nursing_area": false,
        "has_playground": true,
        "id": "EA2267C9-90C4-4CF0-B438-7A80395188B0",
        "is_wheelchair_accessible": false,
        "name": "Fet folkebibliotek",
        "notes": "",
        "verified": false
      }
    },
    {
      "type": "Feature",
      "geometry": {
        "coordinates": [
          10.1477209,
          63.6516212
        ],
        "type": "Point"
      },
      "properties": {
        "category": "playground",
        "description": "",
        "has_changing_area": false,
        "has_child_seats": false,
        "has_nursing_area": false,
        "has_playground": true,
        "id": "A741DF64-EE72-4A01-8E6E-68486C7CB308",
        "is_wheelchair_accessible": false,
        "name": "Ballbinge",
        "notes": "",
        "verified": false
      }
    },
    {
      "type": "Feature",
      "geometry": {
        "coordinates": [
          10.752468,
          59.908712
        ],
        "type": "Point"
      },
      "properties": {
        "category": "playground",
        "description": "",
        "has_changing_area": false,
        "has_child_seats": false,
        "has_nursing_area": false,
        "has_playground": true,
        "id": "AB5F5358-E240-4E34-A880-48EDC3C4BAF1",
        "is_wheelchair_accessible": true,
        "name": "Deichman Bjørvika",
        "notes": "",
        "verified": false
      }
    },
    {
      "type": "Feature",
      "geometry": {
        "coordinates": [
          10.7782495,
          59.745658
        ],
        "type": "Point"
      },
      "properties": {
        "category": "cafe",
        "description": "",
        "has_changing_area": false,
        "has_child_seats": false,
        "has_nursing_area": false,
        "has_playground": false,
        "id": "788DFAB4-7F41-43EA-A2B7-0BAA601D179A",
        "is_wheelchair_accessible": false,
        "name": "Den Arme Ridder",
        "notes": "",
        "verified": false
      }
    },
    {
      "type": "Feature",
      "geometry": {
        "coordinates": [
          8.7496745,
          59.9265303
        ],
        "type": "Point"
      },
      "properties": {
        "category": "playground",
        "description": "",
        "has_changing_area": false,
        "has_child_seats": false,
        "has_nursing_area": false,
        "has_playground": true,
        "id": "48A8E317-D105-4131-88BF-36AFE5EF4F82",
        "is_wheelchair_accessible": false,
        "name": "Barnålvegen lekeplass",
        "notes": "",
        "verified": false
      }
    },
    {
      "type": "Feature",
      "geometry": {
        "coordinates": [
          10.4086814,
          59.2669253
        ],
        "type": "Point"
      },
      "properties": {
        "category": "cafe",
        "description": "",
        "has_changing_area": true,
        "has_child_seats": false,
        "has_nursing_area": false,
        "has_playground": false,
        "id": "AA0F52D8-C7A7-427E-A997-CE26481E3DF2",
        "is_wheelchair_accessible": true,
        "name": "WITH brød&kaffe",
        "notes": "",
        "verified": false
      }
    },
    {
      "type": "Feature",
      "geometry": {
        "coordinates": [
          10.6835727,
          59.936938
        ],
        "type": "Point"
      },
      "properties": {
        "category": "cafe",
        "description": "",
        "has_changing_area": false,
        "has_child_seats": false,
        "has_nursing_area": false,
        "has_playground": false,
        "id": "C57FF429-14D9-41A9-A289-6559E81C74CB",
        "is_wheelchair_accessible": false,
        "name": "Los Tacos",
        "notes": "",
        "verified": false
      }
    },
    {
      "type": "Feature",
      "geometry": {
        "coordinates": [
          10.5253831,
          59.8922768
        ],
        "type": "Point"
      },
      "properties": {
        "category": "playground",
        "description": "",
        "has_changing_area": false,
        "has_child_seats": false,
        "has_nursing_area": false,
        "has_playground": true,
        "id": "D073DB62-65A1-4106-BB3B-43CC5E2B0206",
        "is_wheelchair_accessible": true,
        "name": "Bærum bibliotek, Sandvika",
        "notes": "",
        "verified": false
      }
    },
    {
      "type": "Feature",
      "geometry": {
        "coordinates": [
          10.88,
          59.9
        ],
        "type": "Point"
      },
      "properties": {
        "category": "playground",
        "description": "",
        "has_changing_area": false,
        "has_child_seats": false,
        "has_nursing_area": false,
        "has_playground": true,
        "id": "2C9C484E-0354-45A9-915A-1749263E7160",
        "is_wheelchair_accessible": false,
        "name": "Eventyrfabrikken Oslo",
        "notes": "",
        "verified": false
      }
    },
    {
      "type": "Feature",
      "geometry": {
        "coordinates": [
          10.4092589,
          59.7083097
        ],
        "type": "Point"
      },
      "properties": {
        "category": "cafe",
        "description": "",
        "has_changing_area": false,
        "has_child_seats": false,
        "has_nursing_area": false,
        "has_playground": false,
        "id": "2CD36E23-86BE-4E86-A3B6-0A1A68FA0389",
        "is_wheelchair_accessible": false,
        "name": "Herstadhei turisthytte",
        "notes": "",
        "verified": false
      }
    },
    {
      "type": "Feature",
      "geometry": {
        "coordinates": [
          5.3227051,
          60.3856464
        ],
        "type": "Point"
      },
      "properties": {
        "category": "playground",
        "description": "",
        "has_changing_area": false,
        "has_child_seats": false,
        "has_nursing_area": false,
        "has_playground": true,
        "id": "8464BE02-340B-4088-956F-D356FDFF468F",
        "is_wheelchair_accessible": false,
        "name": "Ole Vigs gate lekeplass",
        "notes": "",
        "verified": false
      }
    },
    {
      "type": "Feature",
      "geometry": {
        "coordinates": [
          5.6296828,
          58.8831389
        ],
        "type": "Point"
      },
      "properties": {
        "category": "cafe",
        "description": "",
        "has_changing_area": false,
        "has_child_seats": false,
        "has_nursing_area": false,
        "has_playground": false,
        "id": "2C828DC8-CDB0-481C-970C-A1346F4B4EF5",
        "is_wheelchair_accessible": false,
        "name": "uReist",
        "notes": "",
        "verified": false
      }
    },
    {
      "type": "Feature",
      "geometry": {
        "coordinates": [
          5.324121,
          60.384706
        ],
        "type": "Point"
      },
      "properties": {
        "category": "cafe",
        "description": "",
        "has_changing_area": false,
        "has_child_seats": false,
        "has_nursing_area": false,
        "has_playground": false,
        "id": "7640F85A-EE65-4842-B987-96EE5EA3A32A",
        "is_wheelchair_accessible": false,
        "name": "Nobel Bobel",
        "notes": "",
        "verified": false
      }
    },
    {
      "type": "Feature",
      "geometry": {
        "coordinates": [
          7.9915299,
          58.1458225
        ],
        "type": "Point"
      },
      "properties": {
        "category": "cafe",
        "description": "",
        "has_changing_area": false,
        "has_child_seats": false,
        "has_nursing_area": false,
        "has_playground": false,
        "id": "299573D0-D81C-407E-8BFD-7F7DADC1E5B7",
        "is_wheelchair_accessible": false,
        "name": "Kjøkkenskapet Lillemarkens",
        "notes": "",
        "verified": false
      }
    },
    {
      "type": "Feature",
      "geometry": {
        "coordinates": [
          7.2948559,
          58.0876499
        ],
        "type": "Point"
      },
      "properties": {
        "category": "playground",
        "description": "",
        "has_changing_area": false,
        "has_child_seats": false,
        "has_nursing_area": false,
        "has_playground": true,
        "id": "3DB7DD66-7E9C-4C59-B0DF-A3FC1592D1A4",
        "is_wheelchair_accessible": false,
        "name": "Vestlia lekeplass",
        "notes": "",
        "verified": false
      }
    },
    {
      "type": "Feature",
      "geometry": {
        "coordinates": [
          11.2181639,
          59.8768808
        ],
        "type": "Point"
      },
      "properties": {
        "category": "playground",
        "description": "",
        "has_changing_area": false,
        "has_child_seats": false,
        "has_nursing_area": false,
        "has_playground": true,
        "id": "CA720F9A-C1B5-4E6B-827A-E3A4227B149E",
        "is_wheelchair_accessible": false,
        "name": "Dalen skole, biblioteket",
        "notes": "",
        "verified": false
      }
    },
    {
      "type": "Feature",
      "geometry": {
        "coordinates": [
          10.4120296,
          59.264819
        ],
        "type": "Point"
      },
      "properties": {
        "category": "playground",
        "description": "",
        "has_changing_area": false,
        "has_child_seats": false,
        "has_nursing_area": false,
        "has_playground": true,
        "id": "1DE25D9B-44A3-4D54-80CF-29B89DEF355C",
        "is_wheelchair_accessible": false,
        "name": "Sørbyen lekeplass",
        "notes": "",
        "verified": false
      }
    },
    {
      "type": "Feature",
      "geometry": {
        "coordinates": [
          7.8185398,
          61.5090216
        ],
        "type": "Point"
      },
      "properties": {
        "category": "other",
        "description": "",
        "has_changing_area": true,
        "has_child_seats": false,
        "has_nursing_area": false,
        "has_playground": false,
        "id": "68B3E16D-0C52-4B13-8922-40841D847AC5",
        "is_wheelchair_accessible": true,
        "name": "Public toilets (with changing table)",
        "notes": "",
        "verified": false
      }
    },
    {
      "type": "Feature",
      "geometry": {
        "coordinates": [
          6.1333638,
          58.8967988
        ],
        "type": "Point"
      },
      "properties": {
        "category": "playground",
        "description": "",
        "has_changing_area": false,
        "has_child_seats": false,
        "has_nursing_area": false,
        "has_playground": true,
        "id": "13D9792C-48B4-4CD0-B5A2-ADF3067B859D",
        "is_wheelchair_accessible": false,
        "name": "Ryfylkebiblioteket Forsand",
        "notes": "",
        "verified": false
      }
    },
    {
      "type": "Feature",
      "geometry": {
        "coordinates": [
          8.1462857,
          58.1832134
        ],
        "type": "Point"
      },
      "properties": {
        "category": "cafe",
        "description": "",
        "has_changing_area": false,
        "has_child_seats": false,
        "has_nursing_area": false,
        "has_playground": false,
        "id": "FC26DDCA-7352-43BD-B053-2565BEF0A5FF",
        "is_wheelchair_accessible": false,
        "name": "SOKO Mat",
        "notes": "",
        "verified": false
      }
    },
    {
      "type": "Feature",
      "geometry": {
        "coordinates": [
          5.326043,
          60.385507
        ],
        "type": "Point"
      },
      "properties": {
        "category": "cafe",
        "description": "",
        "has_changing_area": false,
        "has_child_seats": false,
        "has_nursing_area": false,
        "has_playground": false,
        "id": "2570C232-5A11-416F-AAC3-76CDFE760744",
        "is_wheelchair_accessible": false,
        "name": "Pavilljongen",
        "notes": "",
        "verified": false
      }
    },
    {
      "type": "Feature",
      "geometry": {
        "coordinates": [
          10.7576913,
          59.9308077
        ],
        "type": "Point"
      },
      "properties": {
        "category": "cafe",
        "description": "",
        "has_changing_area": false,
        "has_child_seats": true,
        "has_nursing_area": false,
        "has_playground": false,
        "id": "1080906A-6EC1-4092-B85A-D6FCE79BC991",
        "is_wheelchair_accessible": true,
        "name": "Hønse-Lovisas hus",
        "notes": "",
        "verified": false
      }
    },
    {
      "type": "Feature",
      "geometry": {
        "coordinates": [
          5.7338187,
          58.9714955
        ],
        "type": "Point"
      },
      "properties": {
        "category": "playground",
        "description": "",
        "has_changing_area": false,
        "has_child_seats": false,
        "has_nursing_area": false,
        "has_playground": true,
        "id": "6E076835-17B7-43B8-A5E9-B06D85EC7C21",
        "is_wheelchair_accessible": true,
        "name": "Sølvberget Bibliotek",
        "notes": "",
        "verified": false
      }
    },
    {
      "type": "Feature",
      "geometry": {
        "coordinates": [
          9.6675684,
          59.6420631
        ],
        "type": "Point"
      },
      "properties": {
        "category": "playground",
        "description": "",
        "has_changing_area": false,
        "has_child_seats": false,
        "has_nursing_area": false,
        "has_playground": true,
        "id": "CE9910BE-2F96-4961-A94A-803594850EDE",
        "is_wheelchair_accessible": false,
        "name": "Skjerpveien lekeplass",
        "notes": "",
        "verified": false
      }
    },
    {
      "type": "Feature",
      "geometry": {
        "coordinates": [
          10.7997912,
          59.92848
        ],
        "type": "Point"
      },
      "properties": {
        "category": "cafe",
        "description": "",
        "has_changing_area": false,
        "has_child_seats": false,
        "has_nursing_area": false,
        "has_playground": false,
        "id": "D921CB59-6662-40D9-9C0D-8432DC1D1644",
        "is_wheelchair_accessible": false,
        "name": "Vu Kjøkken",
        "notes": "",
        "verified": false
      }
    },
    {
      "type": "Feature",
      "geometry": {
        "coordinates": [
          6.519293,
          60.6676603
        ],
        "type": "Point"
      },
      "properties": {
        "category": "playground",
        "description": "",
        "has_changing_area": false,
        "has_child_seats": false,
        "has_nursing_area": false,
        "has_playground": true,
        "id": "268DEB6B-74AF-412C-9042-56082230EB35",
        "is_wheelchair_accessible": false,
        "name": "Hadlingen",
        "notes": "",
        "verified": false
      }
    },
    {
      "type": "Feature",
      "geometry": {
        "coordinates": [
          10.6827315,
          59.9325072
        ],
        "type": "Point"
      },
      "properties": {
        "category": "playground",
        "description": "",
        "has_changing_area": false,
        "has_child_seats": false,
        "has_nursing_area": false,
        "has_playground": true,
        "id": "AADB4FBF-6D52-4B04-9616-08DBE40952D7",
        "is_wheelchair_accessible": false,
        "name": "Deichman Smestad",
        "notes": "",
        "verified": false
      }
    },
    {
      "type": "Feature",
      "geometry": {
        "coordinates": [
          18.9555841,
          69.6512251
        ],
        "type": "Point"
      },
      "properties": {
        "category": "cafe",
        "description": "",
        "has_changing_area": false,
        "has_child_seats": false,
        "has_nursing_area": false,
        "has_playground": false,
        "id": "60C779BC-001C-48F6-9335-B4728DF15AAA",
        "is_wheelchair_accessible": false,
        "name": "Aurora Kino Kafe",
        "notes": "",
        "verified": false
      }
    },
    {
      "type": "Feature",
      "geometry": {
        "coordinates": [
          10.2038492,
          59.7400254
        ],
        "type": "Point"
      },
      "properties": {
        "category": "other",
        "description": "",
        "has_changing_area": true,
        "has_child_seats": false,
        "has_nursing_area": false,
        "has_playground": false,
        "id": "5663CE91-D85A-4568-88FE-763CD3917D88",
        "is_wheelchair_accessible": true,
        "name": "Public toilets (with changing table)",
        "notes": "",
        "verified": false
      }
    },
    {
      "type": "Feature",
      "geometry": {
        "coordinates": [
          10.7311082,
          59.8984926
        ],
        "type": "Point"
      },
      "properties": {
        "category": "other",
        "description": "",
        "has_changing_area": true,
        "has_child_seats": false,
        "has_nursing_area": false,
        "has_playground": false,
        "id": "D61D22CF-A16B-4CD2-8417-0E06F16CDAB5",
        "is_wheelchair_accessible": false,
        "name": "Public toilets (with changing table)",
        "notes": "",
        "verified": false
      }
    },
    {
      "type": "Feature",
      "geometry": {
        "coordinates": [
          5.3290603,
          60.384284
        ],
        "type": "Point"
      },
      "properties": {
        "category": "cafe",
        "description": "",
        "has_changing_area": false,
        "has_child_seats": false,
        "has_nursing_area": false,
        "has_playground": false,
        "id": "C57F0917-F311-405E-B9BE-19F8EED08A4F",
        "is_wheelchair_accessible": false,
        "name": "Real kaffebar",
        "notes": "",
        "verified": false
      }
    },
    {
      "type": "Feature",
      "geometry": {
        "coordinates": [
          10.5911921,
          59.8400922
        ],
        "type": "Point"
      },
      "properties": {
        "category": "shopping",
        "description": "",
        "has_changing_area": false,
        "has_child_seats": false,
        "has_nursing_area": false,
        "has_playground": false,
        "id": "B776AE6B-8655-4CDC-8EB7-FD6A16E44800",
        "is_wheelchair_accessible": true,
        "name": "Østre Gåsungen",
        "notes": "",
        "verified": false
      }
    },
    {
      "type": "Feature",
      "geometry": {
        "coordinates": [
          5.8311389,
          58.776584
        ],
        "type": "Point"
      },
      "properties": {
        "category": "playground",
        "description": "",
        "has_changing_area": false,
        "has_child_seats": false,
        "has_nursing_area": false,
        "has_playground": true,
        "id": "8CA52206-7224-4AD0-BCF0-95F692113864",
        "is_wheelchair_accessible": false,
        "name": "Lekeplass i Furuveien",
        "notes": "",
        "verified": false
      }
    },
    {
      "type": "Feature",
      "geometry": {
        "coordinates": [
          9.6187395,
          59.2022013
        ],
        "type": "Point"
      },
      "properties": {
        "category": "playground",
        "description": "",
        "has_changing_area": false,
        "has_child_seats": false,
        "has_nursing_area": false,
        "has_playground": true,
        "id": "48E0E71B-9033-43E7-B410-8D665FA59B28",
        "is_wheelchair_accessible": false,
        "name": "Gampedalen",
        "notes": "",
        "verified": false
      }
    },
    {
      "type": "Feature",
      "geometry": {
        "coordinates": [
          8.3890419,
          63.5334243
        ],
        "type": "Point"
      },
      "properties": {
        "category": "other",
        "description": "",
        "has_changing_area": true,
        "has_child_seats": false,
        "has_nursing_area": false,
        "has_playground": false,
        "id": "7411C255-CF99-4309-A7CB-A2EEAD039038",
        "is_wheelchair_accessible": false,
        "name": "Public toilets (with changing table)",
        "notes": "",
        "verified": false
      }
    },
    {
      "type": "Feature",
      "geometry": {
        "coordinates": [
          5.333226,
          60.3895462
        ],
        "type": "Point"
      },
      "properties": {
        "category": "other",
        "description": "",
        "has_changing_area": true,
        "has_child_seats": false,
        "has_nursing_area": false,
        "has_playground": false,
        "id": "DB3B0DF5-30D3-47B0-9641-CA889F07C653",
        "is_wheelchair_accessible": true,
        "name": "Public toilets (with changing table)",
        "notes": "",
        "verified": false
      }
    },
    {
      "type": "Feature",
      "geometry": {
        "coordinates": [
          10.4361618,
          59.7864281
        ],
        "type": "Point"
      },
      "properties": {
        "category": "playground",
        "description": "",
        "has_changing_area": false,
        "has_child_seats": false,
        "has_nursing_area": false,
        "has_playground": true,
        "id": "735BDB09-1F95-4139-A35F-33F777FA4A73",
        "is_wheelchair_accessible": false,
        "name": "Asker bibliotek, Heggedal",
        "notes": "",
        "verified": false
      }
    },
    {
      "type": "Feature",
      "geometry": {
        "coordinates": [
          5.3011787,
          60.384348
        ],
        "type": "Point"
      },
      "properties": {
        "category": "playground",
        "description": "",
        "has_changing_area": false,
        "has_child_seats": false,
        "has_nursing_area": false,
        "has_playground": true,
        "id": "35C6A809-F251-434C-BDDC-EC97A9A40211",
        "is_wheelchair_accessible": false,
        "name": "Damsgård lekeplass",
        "notes": "",
        "verified": false
      }
    },
    {
      "type": "Feature",
      "geometry": {
        "coordinates": [
          5.320998,
          60.394461
        ],
        "type": "Point"
      },
      "properties": {
        "category": "cafe",
        "description": "",
        "has_changing_area": false,
        "has_child_seats": false,
        "has_nursing_area": false,
        "has_playground": false,
        "id": "78327F87-27C1-4B56-B190-F99A44BC0CF8",
        "is_wheelchair_accessible": false,
        "name": "Colonialen Fetevare",
        "notes": "",
        "verified": false
      }
    },
    {
      "type": "Feature",
      "geometry": {
        "coordinates": [
          5.3204443,
          60.3795406
        ],
        "type": "Point"
      },
      "properties": {
        "category": "playground",
        "description": "",
        "has_changing_area": false,
        "has_child_seats": false,
        "has_nursing_area": false,
        "has_playground": true,
        "id": "496B95BB-CABC-49DE-B703-7C241537A08A",
        "is_wheelchair_accessible": false,
        "name": "Lien lekeplass",
        "notes": "",
        "verified": false
      }
    },
    {
      "type": "Feature",
      "geometry": {
        "coordinates": [
          5.9408377,
          59.6671891
        ],
        "type": "Point"
      },
      "properties": {
        "category": "playground",
        "description": "",
        "has_changing_area": false,
        "has_child_seats": false,
        "has_nursing_area": false,
        "has_playground": true,
        "id": "1618D3BA-8DB8-4B59-A6E1-E48877DE875A",
        "is_wheelchair_accessible": false,
        "name": "Etne bibliotek",
        "notes": "",
        "verified": false
      }
    },
    {
      "type": "Feature",
      "geometry": {
        "coordinates": [
          6.2827914,
          58.321955
        ],
        "type": "Point"
      },
      "properties": {
        "category": "playground",
        "description": "",
        "has_changing_area": false,
        "has_child_seats": false,
        "has_nursing_area": false,
        "has_playground": true,
        "id": "D2198AED-83AD-4506-8607-7812AC32C767",
        "is_wheelchair_accessible": false,
        "name": "stranno lekeplass",
        "notes": "",
        "verified": false
      }
    },
    {
      "type": "Feature",
      "geometry": {
        "coordinates": [
          5.7039,
          58.8979865
        ],
        "type": "Point"
      },
      "properties": {
        "category": "playground",
        "description": "",
        "has_changing_area": true,
        "has_child_seats": false,
        "has_nursing_area": false,
        "has_playground": true,
        "id": "CADDF272-C73F-41F7-8587-34B2C7B16B69",
        "is_wheelchair_accessible": false,
        "name": "Rush Trampolinepark",
        "notes": "",
        "verified": false
      }
    },
    {
      "type": "Feature",
      "geometry": {
        "coordinates": [
          10.9582587,
          60.9030381
        ],
        "type": "Point"
      },
      "properties": {
        "category": "playground",
        "description": "",
        "has_changing_area": false,
        "has_child_seats": false,
        "has_nursing_area": false,
        "has_playground": true,
        "id": "8BDF9BE4-26FE-452E-A54E-5125D377C840",
        "is_wheelchair_accessible": false,
        "name": "Røyslivegen Lekeplass",
        "notes": "",
        "verified": false
      }
    },
    {
      "type": "Feature",
      "geometry": {
        "coordinates": [
          7.6909272,
          61.4950564
        ],
        "type": "Point"
      },
      "properties": {
        "category": "playground",
        "description": "",
        "has_changing_area": false,
        "has_child_seats": false,
        "has_nursing_area": false,
        "has_playground": true,
        "id": "9D19A492-0888-47D7-ABA9-E5F422A1D977",
        "is_wheelchair_accessible": false,
        "name": "Krukla aktivitetsplass",
        "notes": "",
        "verified": false
      }
    },
    {
      "type": "Feature",
      "geometry": {
        "coordinates": [
          5.7402358,
          58.9476633
        ],
        "type": "Point"
      },
      "properties": {
        "category": "cafe",
        "description": "",
        "has_changing_area": false,
        "has_child_seats": false,
        "has_nursing_area": false,
        "has_playground": false,
        "id": "54AEA376-8793-4FD1-8A68-47F42C492F1B",
        "is_wheelchair_accessible": true,
        "name": "Bakeriet",
        "notes": "",
        "verified": false
      }
    },
    {
      "type": "Feature",
      "geometry": {
        "coordinates": [
          10.7503159,
          59.9105372
        ],
        "type": "Point"
      },
      "properties": {
        "category": "other",
        "description": "",
        "has_changing_area": true,
        "has_child_seats": false,
        "has_nursing_area": false,
        "has_playground": false,
        "id": "487DF39F-A60E-4ED8-9F57-B7BF0E552FE9",
        "is_wheelchair_accessible": true,
        "name": "Public toilets (with changing table)",
        "notes": "",
        "verified": false
      }
    },
    {
      "type": "Feature",
      "geometry": {
        "coordinates": [
          10.8354109,
          59.8344276
        ],
        "type": "Point"
      },
      "properties": {
        "category": "playground",
        "description": "",
        "has_changing_area": false,
        "has_child_seats": false,
        "has_nursing_area": false,
        "has_playground": true,
        "id": "08168DAA-F430-431A-84BE-90861BD6CD77",
        "is_wheelchair_accessible": false,
        "name": "Deichman Bjørnholt",
        "notes": "",
        "verified": false
      }
    },
    {
      "type": "Feature",
      "geometry": {
        "coordinates": [
          10.398122,
          63.430614
        ],
        "type": "Point"
      },
      "properties": {
        "category": "cafe",
        "description": "",
        "has_changing_area": false,
        "has_child_seats": false,
        "has_nursing_area": false,
        "has_playground": false,
        "id": "0C181770-24F0-42EE-94A5-D9C4BA1F21E0",
        "is_wheelchair_accessible": false,
        "name": "Grafen",
        "notes": "",
        "verified": false
      }
    },
    {
      "type": "Feature",
      "geometry": {
        "coordinates": [
          14.4892427,
          67.2755041
        ],
        "type": "Point"
      },
      "properties": {
        "category": "playground",
        "description": "",
        "has_changing_area": false,
        "has_child_seats": false,
        "has_nursing_area": false,
        "has_playground": true,
        "id": "CED16771-377A-4862-B652-D5761126FAFF",
        "is_wheelchair_accessible": false,
        "name": "Lauvåsveien lekeplass",
        "notes": "",
        "verified": false
      }
    },
    {
      "type": "Feature",
      "geometry": {
        "coordinates": [
          6.0006554,
          58.4512738
        ],
        "type": "Point"
      },
      "properties": {
        "category": "shopping",
        "description": "",
        "has_changing_area": false,
        "has_child_seats": false,
        "has_nursing_area": false,
        "has_playground": false,
        "id": "8AC9C47D-19B3-4ACA-BA54-62755BFFE24F",
        "is_wheelchair_accessible": false,
        "name": "Bare barn",
        "notes": "",
        "verified": false
      }
    },
    {
      "type": "Feature",
      "geometry": {
        "coordinates": [
          10.7946179,
          59.948394
        ],
        "type": "Point"
      },
      "properties": {
        "category": "playground",
        "description": "",
        "has_changing_area": false,
        "has_child_seats": false,
        "has_nursing_area": false,
        "has_playground": true,
        "id": "22E963AF-E624-4BB5-A8BB-3BE0468CBBBB",
        "is_wheelchair_accessible": false,
        "name": "Disen skole",
        "notes": "",
        "verified": false
      }
    },
    {
      "type": "Feature",
      "geometry": {
        "coordinates": [
          10.44418,
          63.447058
        ],
        "type": "Point"
      },
      "properties": {
        "category": "cafe",
        "description": "",
        "has_changing_area": false,
        "has_child_seats": false,
        "has_nursing_area": false,
        "has_playground": false,
        "id": "B45D360F-3FAB-4596-938A-F01106F5B542",
        "is_wheelchair_accessible": false,
        "name": "Kompis Lade",
        "notes": "",
        "verified": false
      }
    },
    {
      "type": "Feature",
      "geometry": {
        "coordinates": [
          13.7031291,
          66.8679331
        ],
        "type": "Point"
      },
      "properties": {
        "category": "playground",
        "description": "",
        "has_changing_area": false,
        "has_child_seats": false,
        "has_nursing_area": false,
        "has_playground": true,
        "id": "D1536DD7-B96D-416A-A251-A5EE1BC9AA62",
        "is_wheelchair_accessible": false,
        "name": "Den Svarte Kjerringa",
        "notes": "",
        "verified": false
      }
    },
    {
      "type": "Feature",
      "geometry": {
        "coordinates": [
          10.4396993,
          59.7859708
        ],
        "type": "Point"
      },
      "properties": {
        "category": "playground",
        "description": "",
        "has_changing_area": false,
        "has_child_seats": false,
        "has_nursing_area": false,
        "has_playground": true,
        "id": "0F1F253D-E3B2-401E-A36E-D1EBC5ED6602",
        "is_wheelchair_accessible": false,
        "name": "Trans'matorn sykkelpark",
        "notes": "",
        "verified": false
      }
    },
    {
      "type": "Feature",
      "geometry": {
        "coordinates": [
          18.9715767,
          69.6814082
        ],
        "type": "Point"
      },
      "properties": {
        "category": "cafe",
        "description": "",
        "has_changing_area": false,
        "has_child_seats": false,
        "has_nursing_area": false,
        "has_playground": false,
        "id": "2DF23E4F-9202-4143-9A67-581B620A9BD4",
        "is_wheelchair_accessible": false,
        "name": "Grut kaffebar, Teorifag",
        "notes": "",
        "verified": false
      }
    },
    {
      "type": "Feature",
      "geometry": {
        "coordinates": [
          5.840679,
          58.9264989
        ],
        "type": "Point"
      },
      "properties": {
        "category": "playground",
        "description": "",
        "has_changing_area": false,
        "has_child_seats": false,
        "has_nursing_area": false,
        "has_playground": true,
        "id": "F1FA1C7B-732D-4839-B354-CF3F3657D354",
        "is_wheelchair_accessible": false,
        "name": "Steinskjellsplassen",
        "notes": "",
        "verified": false
      }
    },
    {
      "type": "Feature",
      "geometry": {
        "coordinates": [
          10.7578797,
          59.9136798
        ],
        "type": "Point"
      },
      "properties": {
        "category": "cafe",
        "description": "",
        "has_changing_area": false,
        "has_child_seats": false,
        "has_nursing_area": false,
        "has_playground": false,
        "id": "DFFC0B84-6DAE-4E9D-B2E3-6837980016C0",
        "is_wheelchair_accessible": false,
        "name": "Zenzi",
        "notes": "",
        "verified": false
      }
    },
    {
      "type": "Feature",
      "geometry": {
        "coordinates": [
          11.0504682,
          59.7238271
        ],
        "type": "Point"
      },
      "properties": {
        "category": "cafe",
        "description": "",
        "has_changing_area": false,
        "has_child_seats": false,
        "has_nursing_area": false,
        "has_playground": false,
        "id": "8FA0AC00-06F0-48ED-8D05-4D3BBFC00750",
        "is_wheelchair_accessible": false,
        "name": "Kafe Latter",
        "notes": "",
        "verified": false
      }
    },
    {
      "type": "Feature",
      "geometry": {
        "coordinates": [
          10.4598702,
          59.3497426
        ],
        "type": "Point"
      },
      "properties": {
        "category": "other",
        "description": "",
        "has_changing_area": true,
        "has_child_seats": false,
        "has_nursing_area": false,
        "has_playground": false,
        "id": "5486558B-23C0-4291-BFC8-9D31B14F85D3",
        "is_wheelchair_accessible": true,
        "name": "Public toilets (with changing table)",
        "notes": "",
        "verified": false
      }
    },
    {
      "type": "Feature",
      "geometry": {
        "coordinates": [
          10.7682388,
          59.9085464
        ],
        "type": "Point"
      },
      "properties": {
        "category": "cafe",
        "description": "",
        "has_changing_area": false,
        "has_child_seats": false,
        "has_nursing_area": false,
        "has_playground": false,
        "id": "9F1C2CDE-187E-4DDE-BD3E-8529AAD53E9B",
        "is_wheelchair_accessible": false,
        "name": "Stockfleths Gamlebyen",
        "notes": "",
        "verified": false
      }
    },
    {
      "type": "Feature",
      "geometry": {
        "coordinates": [
          10.4054541,
          59.7368599
        ],
        "type": "Point"
      },
      "properties": {
        "category": "playground",
        "description": "",
        "has_changing_area": false,
        "has_child_seats": false,
        "has_nursing_area": false,
        "has_playground": true,
        "id": "04EFFDC2-D3B0-460F-9B6E-54BA74181C96",
        "is_wheelchair_accessible": false,
        "name": "Liverud akebakke",
        "notes": "",
        "verified": false
      }
    },
    {
      "type": "Feature",
      "geometry": {
        "coordinates": [
          5.33615,
          60.391979
        ],
        "type": "Point"
      },
      "properties": {
        "category": "playground",
        "description": "",
        "has_changing_area": false,
        "has_child_seats": false,
        "has_nursing_area": false,
        "has_playground": true,
        "id": "9DCE8EEE-6615-4E19-8B73-4DACF195AE90",
        "is_wheelchair_accessible": false,
        "name": "Skivebakken lekeplass",
        "notes": "",
        "verified": false
      }
    },
    {
      "type": "Feature",
      "geometry": {
        "coordinates": [
          10.4018639,
          63.4174267
        ],
        "type": "Point"
      },
      "properties": {
        "category": "cafe",
        "description": "",
        "has_changing_area": false,
        "has_child_seats": false,
        "has_nursing_area": false,
        "has_playground": false,
        "id": "A22379E8-AEAC-4C08-BE98-6600AAD7978A",
        "is_wheelchair_accessible": false,
        "name": "Slabberas",
        "notes": "",
        "verified": false
      }
    },
    {
      "type": "Feature",
      "geometry": {
        "coordinates": [
          13.5882558,
          66.806157
        ],
        "type": "Point"
      },
      "properties": {
        "category": "other",
        "description": "",
        "has_changing_area": true,
        "has_child_seats": false,
        "has_nursing_area": false,
        "has_playground": false,
        "id": "F0D34DF8-549A-495C-BF3B-4866E3E8320A",
        "is_wheelchair_accessible": false,
        "name": "Public toilets (with changing table)",
        "notes": "",
        "verified": false
      }
    },
    {
      "type": "Feature",
      "geometry": {
        "coordinates": [
          7.988596,
          58.145635
        ],
        "type": "Point"
      },
      "properties": {
        "category": "cafe",
        "description": "",
        "has_changing_area": false,
        "has_child_seats": false,
        "has_nursing_area": false,
        "has_playground": false,
        "id": "E23A64ED-F912-4324-8EE5-DAAD57B83BC9",
        "is_wheelchair_accessible": false,
        "name": "Donut Palace",
        "notes": "",
        "verified": false
      }
    },
    {
      "type": "Feature",
      "geometry": {
        "coordinates": [
          10.7542781,
          59.9140861
        ],
        "type": "Point"
      },
      "properties": {
        "category": "cafe",
        "description": "",
        "has_changing_area": false,
        "has_child_seats": false,
        "has_nursing_area": false,
        "has_playground": false,
        "id": "9DDDD909-3D91-4474-9442-78D746EC555F",
        "is_wheelchair_accessible": false,
        "name": "Lett & Mett",
        "notes": "",
        "verified": false
      }
    },
    {
      "type": "Feature",
      "geometry": {
        "coordinates": [
          10.7432797,
          59.9198076
        ],
        "type": "Point"
      },
      "properties": {
        "category": "cafe",
        "description": "",
        "has_changing_area": false,
        "has_child_seats": false,
        "has_nursing_area": false,
        "has_playground": false,
        "id": "6ADF6B23-0885-4609-9739-798C5C3378B5",
        "is_wheelchair_accessible": false,
        "name": "Baker Hansen",
        "notes": "",
        "verified": false
      }
    },
    {
      "type": "Feature",
      "geometry": {
        "coordinates": [
          10.6048848,
          59.9395383
        ],
        "type": "Point"
      },
      "properties": {
        "category": "cafe",
        "description": "",
        "has_changing_area": false,
        "has_child_seats": false,
        "has_nursing_area": false,
        "has_playground": false,
        "id": "E77E25F1-913D-4028-BA82-3D397461804E",
        "is_wheelchair_accessible": false,
        "name": "Solbakken café",
        "notes": "",
        "verified": false
      }
    },
    {
      "type": "Feature",
      "geometry": {
        "coordinates": [
          7.4336484,
          58.0220347
        ],
        "type": "Point"
      },
      "properties": {
        "category": "playground",
        "description": "",
        "has_changing_area": false,
        "has_child_seats": false,
        "has_nursing_area": false,
        "has_playground": true,
        "id": "B3BA1A9F-A2EC-4D5E-B8C0-35ECECDA9007",
        "is_wheelchair_accessible": false,
        "name": "Rundingen",
        "notes": "",
        "verified": false
      }
    },
    {
      "type": "Feature",
      "geometry": {
        "coordinates": [
          10.8090739,
          59.6506086
        ],
        "type": "Point"
      },
      "properties": {
        "category": "playground",
        "description": "",
        "has_changing_area": false,
        "has_child_seats": false,
        "has_nursing_area": false,
        "has_playground": true,
        "id": "50ED0B2D-425B-4132-8E47-8CD9CDD56938",
        "is_wheelchair_accessible": false,
        "name": "Naturtunet",
        "notes": "",
        "verified": false
      }
    },
    {
      "type": "Feature",
      "geometry": {
        "coordinates": [
          10.4135685,
          63.4349627
        ],
        "type": "Point"
      },
      "properties": {
        "category": "other",
        "description": "",
        "has_changing_area": true,
        "has_child_seats": false,
        "has_nursing_area": false,
        "has_playground": false,
        "id": "CA0AF83B-3290-49F8-9931-7A58198391DE",
        "is_wheelchair_accessible": false,
        "name": "Public toilets (with changing table)",
        "notes": "",
        "verified": false
      }
    },
    {
      "type": "Feature",
      "geometry": {
        "coordinates": [
          5.322876,
          60.466283
        ],
        "type": "Point"
      },
      "properties": {
        "category": "cafe",
        "description": "",
        "has_changing_area": false,
        "has_child_seats": false,
        "has_nursing_area": false,
        "has_playground": false,
        "id": "404881D5-EFEE-4AAF-9B01-74E710EE8D4A",
        "is_wheelchair_accessible": false,
        "name": "Åsane Storsenter",
        "notes": "",
        "verified": false
      }
    },
    {
      "type": "Feature",
      "geometry": {
        "coordinates": [
          5.3300852,
          60.3883479
        ],
        "type": "Point"
      },
      "properties": {
        "category": "playground",
        "description": "",
        "has_changing_area": false,
        "has_child_seats": false,
        "has_nursing_area": false,
        "has_playground": true,
        "id": "767F4C9E-37C0-4B61-AAB7-1D6FAFB6AA29",
        "is_wheelchair_accessible": false,
        "name": "Kvartal 7 lekeplass",
        "notes": "",
        "verified": false
      }
    },
    {
      "type": "Feature",
      "geometry": {
        "coordinates": [
          5.3234691,
          60.3948079
        ],
        "type": "Point"
      },
      "properties": {
        "category": "other",
        "description": "",
        "has_changing_area": true,
        "has_child_seats": false,
        "has_nursing_area": false,
        "has_playground": false,
        "id": "65284DF2-8B80-4151-B6F5-6C92B96EE1DB",
        "is_wheelchair_accessible": true,
        "name": "Fish Market",
        "notes": "",
        "verified": false
      }
    },
    {
      "type": "Feature",
      "geometry": {
        "coordinates": [
          10.759307,
          59.92756
        ],
        "type": "Point"
      },
      "properties": {
        "category": "cafe",
        "description": "",
        "has_changing_area": false,
        "has_child_seats": false,
        "has_nursing_area": false,
        "has_playground": false,
        "id": "00D89510-69C0-41C7-8FC7-D4E97F51D4CA",
        "is_wheelchair_accessible": false,
        "name": "Brinner",
        "notes": "",
        "verified": false
      }
    },
    {
      "type": "Feature",
      "geometry": {
        "coordinates": [
          11.3254367,
          59.5538719
        ],
        "type": "Point"
      },
      "properties": {
        "category": "cafe",
        "description": "",
        "has_changing_area": false,
        "has_child_seats": true,
        "has_nursing_area": false,
        "has_playground": false,
        "id": "1A688550-2ACE-4EEA-8DC0-5463DD12ADFD",
        "is_wheelchair_accessible": false,
        "name": "Villa Mat og Mer",
        "notes": "",
        "verified": false
      }
    },
    {
      "type": "Feature",
      "geometry": {
        "coordinates": [
          10.742296,
          59.913136
        ],
        "type": "Point"
      },
      "properties": {
        "category": "cafe",
        "description": "",
        "has_changing_area": false,
        "has_child_seats": false,
        "has_nursing_area": false,
        "has_playground": false,
        "id": "A66D9247-4598-42E1-9463-994C363FE3E0",
        "is_wheelchair_accessible": false,
        "name": "Steam Kaffebar",
        "notes": "",
        "verified": false
      }
    },
    {
      "type": "Feature",
      "geometry": {
        "coordinates": [
          5.7420326,
          58.9504634
        ],
        "type": "Point"
      },
      "properties": {
        "category": "cafe",
        "description": "",
        "has_changing_area": false,
        "has_child_seats": false,
        "has_nursing_area": false,
        "has_playground": false,
        "id": "08D81735-1503-4E04-8F1E-17D1DA282A44",
        "is_wheelchair_accessible": true,
        "name": "Pelle's Café",
        "notes": "",
        "verified": false
      }
    },
    {
      "type": "Feature",
      "geometry": {
        "coordinates": [
          10.7168482,
          59.9422122
        ],
        "type": "Point"
      },
      "properties": {
        "category": "cafe",
        "description": "",
        "has_changing_area": false,
        "has_child_seats": false,
        "has_nursing_area": false,
        "has_playground": false,
        "id": "9A0CEB9F-6064-41E4-BB96-775E10AFD2BE",
        "is_wheelchair_accessible": false,
        "name": "Nord cafe",
        "notes": "",
        "verified": false
      }
    },
    {
      "type": "Feature",
      "geometry": {
        "coordinates": [
          10.7272199,
          59.9100335
        ],
        "type": "Point"
      },
      "properties": {
        "category": "other",
        "description": "",
        "has_changing_area": true,
        "has_child_seats": false,
        "has_nursing_area": false,
        "has_playground": false,
        "id": "16857DF9-4E15-4773-B8C8-4AEC032302D1",
        "is_wheelchair_accessible": true,
        "name": "Public toilets (with changing table)",
        "notes": "",
        "verified": false
      }
    },
    {
      "type": "Feature",
      "geometry": {
        "coordinates": [
          5.7365603,
          58.8531996
        ],
        "type": "Point"
      },
      "properties": {
        "category": "cafe",
        "description": "",
        "has_changing_area": false,
        "has_child_seats": false,
        "has_nursing_area": false,
        "has_playground": false,
        "id": "B7AEB7CD-5D3A-4584-8507-3A1B3E7F7CA3",
        "is_wheelchair_accessible": false,
        "name": "Kanelsnurren",
        "notes": "",
        "verified": false
      }
    },
    {
      "type": "Feature",
      "geometry": {
        "coordinates": [
          10.7250848,
          59.9316801
        ],
        "type": "Point"
      },
      "properties": {
        "category": "cafe",
        "description": "",
        "has_changing_area": false,
        "has_child_seats": false,
        "has_nursing_area": false,
        "has_playground": false,
        "id": "FAFA1008-0E99-4FDF-AE7C-B5D79336F5A3",
        "is_wheelchair_accessible": false,
        "name": "Havens Kafé",
        "notes": "",
        "verified": false
      }
    },
    {
      "type": "Feature",
      "geometry": {
        "coordinates": [
          10.707666,
          59.920034
        ],
        "type": "Point"
      },
      "properties": {
        "category": "cafe",
        "description": "",
        "has_changing_area": false,
        "has_child_seats": false,
        "has_nursing_area": false,
        "has_playground": false,
        "id": "54D4E450-7513-4408-8D09-DD6EE3CAEE15",
        "is_wheelchair_accessible": false,
        "name": "Eckers Cafe",
        "notes": "",
        "verified": false
      }
    },
    {
      "type": "Feature",
      "geometry": {
        "coordinates": [
          10.5018635,
          59.9398855
        ],
        "type": "Point"
      },
      "properties": {
        "category": "cafe",
        "description": "",
        "has_changing_area": false,
        "has_child_seats": false,
        "has_nursing_area": false,
        "has_playground": false,
        "id": "7771EB8C-DC1C-42B6-81AA-154B219B07FD",
        "is_wheelchair_accessible": true,
        "name": "Pannekakehuset",
        "notes": "",
        "verified": false
      }
    },
    {
      "type": "Feature",
      "geometry": {
        "coordinates": [
          5.32721,
          60.400307
        ],
        "type": "Point"
      },
      "properties": {
        "category": "playground",
        "description": "",
        "has_changing_area": false,
        "has_child_seats": false,
        "has_nursing_area": false,
        "has_playground": true,
        "id": "75EC9682-10D0-4B34-9B0C-4805B0C57E5A",
        "is_wheelchair_accessible": false,
        "name": "Arbeiderboligen lekeplass",
        "notes": "",
        "verified": false
      }
    },
    {
      "type": "Feature",
      "geometry": {
        "coordinates": [
          18.9961087,
          69.6358986
        ],
        "type": "Point"
      },
      "properties": {
        "category": "cafe",
        "description": "",
        "has_changing_area": false,
        "has_child_seats": false,
        "has_nursing_area": false,
        "has_playground": false,
        "id": "3D472ACB-CB8F-4752-8583-CC5B4DD92D9A",
        "is_wheelchair_accessible": true,
        "name": "Fjellstua",
        "notes": "",
        "verified": false
      }
    },
    {
      "type": "Feature",
      "geometry": {
        "coordinates": [
          10.70787,
          59.925292
        ],
        "type": "Point"
      },
      "properties": {
        "category": "cafe",
        "description": "",
        "has_changing_area": false,
        "has_child_seats": false,
        "has_nursing_area": false,
        "has_playground": false,
        "id": "6FBD471C-82DE-4A05-803D-E9C8BA2657E4",
        "is_wheelchair_accessible": false,
        "name": "Kafé Vigeland",
        "notes": "",
        "verified": false
      }
    },
    {
      "type": "Feature",
      "geometry": {
        "coordinates": [
          5.7319167,
          58.9670359
        ],
        "type": "Point"
      },
      "properties": {
        "category": "cafe",
        "description": "",
        "has_changing_area": false,
        "has_child_seats": false,
        "has_nursing_area": false,
        "has_playground": false,
        "id": "6F575E12-6747-4909-ABEA-F382565A640F",
        "is_wheelchair_accessible": true,
        "name": "Bakeri Backstube Stavanger Stasjon",
        "notes": "",
        "verified": false
      }
    },
    {
      "type": "Feature",
      "geometry": {
        "coordinates": [
          10.8650308,
          59.9269704
        ],
        "type": "Point"
      },
      "properties": {
        "category": "cafe",
        "description": "",
        "has_changing_area": false,
        "has_child_seats": false,
        "has_nursing_area": false,
        "has_playground": false,
        "id": "018B1A40-E0EC-4314-82DA-3A864BD9FFF3",
        "is_wheelchair_accessible": false,
        "name": "Mix",
        "notes": "",
        "verified": false
      }
    },
    {
      "type": "Feature",
      "geometry": {
        "coordinates": [
          10.733076,
          59.913987
        ],
        "type": "Point"
      },
      "properties": {
        "category": "cafe",
        "description": "",
        "has_changing_area": false,
        "has_child_seats": false,
        "has_nursing_area": false,
        "has_playground": false,
        "id": "F94D91F3-C0FA-42A8-AC12-A2CC5C07BD96",
        "is_wheelchair_accessible": false,
        "name": "Steamen",
        "notes": "",
        "verified": false
      }
    },
    {
      "type": "Feature",
      "geometry": {
        "coordinates": [
          10.7865811,
          59.88043
        ],
        "type": "Point"
      },
      "properties": {
        "category": "cafe",
        "description": "",
        "has_changing_area": false,
        "has_child_seats": false,
        "has_nursing_area": false,
        "has_playground": false,
        "id": "CE282C87-2652-4382-B93E-DE92B22E8541",
        "is_wheelchair_accessible": false,
        "name": "Cofi",
        "notes": "",
        "verified": false
      }
    },
    {
      "type": "Feature",
      "geometry": {
        "coordinates": [
          11.1445513,
          59.7644528
        ],
        "type": "Point"
      },
      "properties": {
        "category": "playground",
        "description": "",
        "has_changing_area": false,
        "has_child_seats": false,
        "has_nursing_area": false,
        "has_playground": true,
        "id": "931C5F4C-55FF-455E-B959-1F3BAA175756",
        "is_wheelchair_accessible": true,
        "name": "Enebakk bibliotek",
        "notes": "",
        "verified": false
      }
    },
    {
      "type": "Feature",
      "geometry": {
        "coordinates": [
          5.7160221,
          58.8595579
        ],
        "type": "Point"
      },
      "properties": {
        "category": "playground",
        "description": "",
        "has_changing_area": false,
        "has_child_seats": false,
        "has_nursing_area": false,
        "has_playground": true,
        "id": "2F957CE6-63DE-498C-96DB-3F76525D2C13",
        "is_wheelchair_accessible": false,
        "name": "Marius Skadsems vei Lekeplasss",
        "notes": "",
        "verified": false
      }
    },
    {
      "type": "Feature",
      "geometry": {
        "coordinates": [
          5.33352,
          60.38425
        ],
        "type": "Point"
      },
      "properties": {
        "category": "cafe",
        "description": "",
        "has_changing_area": false,
        "has_child_seats": false,
        "has_nursing_area": false,
        "has_playground": false,
        "id": "4244E39B-AE1F-4E3E-ACD2-9A8FAD5ACF3F",
        "is_wheelchair_accessible": false,
        "name": "Hav a Java Kaffekroken",
        "notes": "",
        "verified": false
      }
    },
    {
      "type": "Feature",
      "geometry": {
        "coordinates": [
          10.4404079,
          63.4452379
        ],
        "type": "Point"
      },
      "properties": {
        "category": "playground",
        "description": "",
        "has_changing_area": false,
        "has_child_seats": false,
        "has_nursing_area": false,
        "has_playground": true,
        "id": "0E893BD7-38F6-4A2D-8C81-6CA4867F679C",
        "is_wheelchair_accessible": false,
        "name": "Klovn",
        "notes": "",
        "verified": false
      }
    },
    {
      "type": "Feature",
      "geometry": {
        "coordinates": [
          5.701899,
          58.956064
        ],
        "type": "Point"
      },
      "properties": {
        "category": "cafe",
        "description": "",
        "has_changing_area": false,
        "has_child_seats": false,
        "has_nursing_area": false,
        "has_playground": false,
        "id": "474DB68D-D597-4047-B5B2-EA1C73CFEA2D",
        "is_wheelchair_accessible": false,
        "name": "Mostun-kaféen",
        "notes": "",
        "verified": false
      }
    },
    {
      "type": "Feature",
      "geometry": {
        "coordinates": [
          10.4342968,
          59.8564028
        ],
        "type": "Point"
      },
      "properties": {
        "category": "cafe",
        "description": "",
        "has_changing_area": false,
        "has_child_seats": false,
        "has_nursing_area": false,
        "has_playground": false,
        "id": "DA2AE185-C1C2-4B3C-806E-DF5A5005A21A",
        "is_wheelchair_accessible": false,
        "name": "NaKuHel",
        "notes": "",
        "verified": false
      }
    },
    {
      "type": "Feature",
      "geometry": {
        "coordinates": [
          8.143093,
          58.1880595
        ],
        "type": "Point"
      },
      "properties": {
        "category": "cafe",
        "description": "",
        "has_changing_area": false,
        "has_child_seats": false,
        "has_nursing_area": false,
        "has_playground": false,
        "id": "FB8A29E1-0CA8-44E9-A79B-AA8F16EE4010",
        "is_wheelchair_accessible": false,
        "name": "Sjøpølsa",
        "notes": "",
        "verified": false
      }
    },
    {
      "type": "Feature",
      "geometry": {
        "coordinates": [
          18.9776488,
          69.7002909
        ],
        "type": "Point"
      },
      "properties": {
        "category": "playground",
        "description": "",
        "has_changing_area": false,
        "has_child_seats": false,
        "has_nursing_area": false,
        "has_playground": true,
        "id": "04676DEE-EE06-4550-918D-7F0282B920F8",
        "is_wheelchair_accessible": false,
        "name": "Vågvegen Lekeplass",
        "notes": "",
        "verified": false
      }
    },
    {
      "type": "Feature",
      "geometry": {
        "coordinates": [
          5.7474598,
          58.9391073
        ],
        "type": "Point"
      },
      "properties": {
        "category": "playground",
        "description": "",
        "has_changing_area": false,
        "has_child_seats": false,
        "has_nursing_area": false,
        "has_playground": true,
        "id": "147FA0EA-C05A-4BA5-8C1C-D3D33660E8EF",
        "is_wheelchair_accessible": false,
        "name": "Erik Hauglands plass",
        "notes": "",
        "verified": false
      }
    },
    {
      "type": "Feature",
      "geometry": {
        "coordinates": [
          10.4655853,
          63.4493421
        ],
        "type": "Point"
      },
      "properties": {
        "category": "cafe",
        "description": "",
        "has_changing_area": false,
        "has_child_seats": false,
        "has_nursing_area": false,
        "has_playground": false,
        "id": "A30D121C-9E97-4C94-BCF4-359B17922372",
        "is_wheelchair_accessible": false,
        "name": "Kafé Smedstua",
        "notes": "",
        "verified": false
      }
    },
    {
      "type": "Feature",
      "geometry": {
        "coordinates": [
          5.3281038,
          60.4008178
        ],
        "type": "Point"
      },
      "properties": {
        "category": "playground",
        "description": "",
        "has_changing_area": false,
        "has_child_seats": false,
        "has_nursing_area": false,
        "has_playground": true,
        "id": "9E841805-C5A9-4D56-B197-D245731235D7",
        "is_wheelchair_accessible": false,
        "name": "Fredens bolig lekeplass",
        "notes": "",
        "verified": false
      }
    },
    {
      "type": "Feature",
      "geometry": {
        "coordinates": [
          5.8723536,
          58.9190918
        ],
        "type": "Point"
      },
      "properties": {
        "category": "playground",
        "description": "",
        "has_changing_area": false,
        "has_child_seats": false,
        "has_nursing_area": false,
        "has_playground": true,
        "id": "BD32956F-50E5-4387-8C40-FB1E3A64D9FC",
        "is_wheelchair_accessible": false,
        "name": "Sandkassen",
        "notes": "",
        "verified": false
      }
    },
    {
      "type": "Feature",
      "geometry": {
        "coordinates": [
          10.5475001,
          59.9673709
        ],
        "type": "Point"
      },
      "properties": {
        "category": "cafe",
        "description": "",
        "has_changing_area": false,
        "has_child_seats": false,
        "has_nursing_area": false,
        "has_playground": false,
        "id": "B7DEA98B-05B5-48F5-9A31-7CA6A2371278",
        "is_wheelchair_accessible": false,
        "name": "Brunkollen turisthytte",
        "notes": "",
        "verified": false
      }
    },
    {
      "type": "Feature",
      "geometry": {
        "coordinates": [
          5.875932,
          59.1727064
        ],
        "type": "Point"
      },
      "properties": {
        "category": "playground",
        "description": "",
        "has_changing_area": false,
        "has_child_seats": false,
        "has_nursing_area": false,
        "has_playground": true,
        "id": "B73039AA-A04B-4C65-82EA-21FF3CDB7958",
        "is_wheelchair_accessible": false,
        "name": "Finnøy Bibliotek",
        "notes": "",
        "verified": false
      }
    },
    {
      "type": "Feature",
      "geometry": {
        "coordinates": [
          10.9382711,
          59.2132191
        ],
        "type": "Point"
      },
      "properties": {
        "category": "cafe",
        "description": "",
        "has_changing_area": true,
        "has_child_seats": true,
        "has_nursing_area": false,
        "has_playground": false,
        "id": "B1948D3E-650A-4B17-96D6-B71EC7918EBE",
        "is_wheelchair_accessible": true,
        "name": "Espresso House Nygaardsgata",
        "notes": "",
        "verified": false
      }
    },
    {
      "type": "Feature",
      "geometry": {
        "coordinates": [
          6.5513548,
          58.4567531
        ],
        "type": "Point"
      },
      "properties": {
        "category": "playground",
        "description": "",
        "has_changing_area": false,
        "has_child_seats": false,
        "has_nursing_area": false,
        "has_playground": true,
        "id": "8ABABD68-AAEF-4DC1-A813-6E71899BC9C2",
        "is_wheelchair_accessible": false,
        "name": "Lund folkebibliotek",
        "notes": "",
        "verified": false
      }
    },
    {
      "type": "Feature",
      "geometry": {
        "coordinates": [
          10.7518663,
          59.9224302
        ],
        "type": "Point"
      },
      "properties": {
        "category": "cafe",
        "description": "",
        "has_changing_area": false,
        "has_child_seats": false,
        "has_nursing_area": false,
        "has_playground": false,
        "id": "C6FC2B44-E210-4D0F-89A1-7B0DF4C7CF04",
        "is_wheelchair_accessible": false,
        "name": "Solberg & Hansen",
        "notes": "",
        "verified": false
      }
    },
    {
      "type": "Feature",
      "geometry": {
        "coordinates": [
          10.7564981,
          59.9120838
        ],
        "type": "Point"
      },
      "properties": {
        "category": "cafe",
        "description": "",
        "has_changing_area": true,
        "has_child_seats": true,
        "has_nursing_area": false,
        "has_playground": false,
        "id": "E32DF7A6-5037-4589-9F2B-1A32B898C06B",
        "is_wheelchair_accessible": true,
        "name": "Espresso House Oslo Galleriet",
        "notes": "",
        "verified": false
      }
    },
    {
      "type": "Feature",
      "geometry": {
        "coordinates": [
          10.4069147,
          59.6004166
        ],
        "type": "Point"
      },
      "properties": {
        "category": "playground",
        "description": "",
        "has_changing_area": false,
        "has_child_seats": false,
        "has_nursing_area": false,
        "has_playground": true,
        "id": "BF0AFA35-5619-4AFB-A57B-A434EB7AAE6B",
        "is_wheelchair_accessible": false,
        "name": "Homannsberget",
        "notes": "",
        "verified": false
      }
    },
    {
      "type": "Feature",
      "geometry": {
        "coordinates": [
          10.732767,
          59.944192
        ],
        "type": "Point"
      },
      "properties": {
        "category": "cafe",
        "description": "",
        "has_changing_area": false,
        "has_child_seats": false,
        "has_nursing_area": false,
        "has_playground": false,
        "id": "DB64E773-E8FE-453E-88F3-8906D6E82955",
        "is_wheelchair_accessible": false,
        "name": "Åpent Bakeri",
        "notes": "",
        "verified": false
      }
    },
    {
      "type": "Feature",
      "geometry": {
        "coordinates": [
          10.7069189,
          59.9128152
        ],
        "type": "Point"
      },
      "properties": {
        "category": "cafe",
        "description": "",
        "has_changing_area": false,
        "has_child_seats": false,
        "has_nursing_area": false,
        "has_playground": false,
        "id": "38F21C1C-FC03-4F70-87DB-CCA7DD170138",
        "is_wheelchair_accessible": false,
        "name": "Åpent Bakeri",
        "notes": "",
        "verified": false
      }
    },
    {
      "type": "Feature",
      "geometry": {
        "coordinates": [
          11.3792555,
          59.1213602
        ],
        "type": "Point"
      },
      "properties": {
        "category": "cafe",
        "description": "",
        "has_changing_area": true,
        "has_child_seats": true,
        "has_nursing_area": false,
        "has_playground": false,
        "id": "34EDF69C-8DD5-4A28-836E-AD0FA386A710",
        "is_wheelchair_accessible": true,
        "name": "Jordbærpikene",
        "notes": "",
        "verified": false
      }
    },
    {
      "type": "Feature",
      "geometry": {
        "coordinates": [
          14.3971415,
          67.2785342
        ],
        "type": "Point"
      },
      "properties": {
        "category": "playground",
        "description": "",
        "has_changing_area": false,
        "has_child_seats": false,
        "has_nursing_area": false,
        "has_playground": true,
        "id": "4A192477-EA2E-47E6-AF45-D26AD5F44B85",
        "is_wheelchair_accessible": false,
        "name": "Sklie",
        "notes": "",
        "verified": false
      }
    },
    {
      "type": "Feature",
      "geometry": {
        "coordinates": [
          10.4525907,
          63.4304448
        ],
        "type": "Point"
      },
      "properties": {
        "category": "cafe",
        "description": "",
        "has_changing_area": false,
        "has_child_seats": false,
        "has_nursing_area": false,
        "has_playground": false,
        "id": "F6B0B516-2100-46C0-A055-6865385CE3DB",
        "is_wheelchair_accessible": false,
        "name": "Il Fornaio",
        "notes": "",
        "verified": false
      }
    },
    {
      "type": "Feature",
      "geometry": {
        "coordinates": [
          5.324922,
          60.395179
        ],
        "type": "Point"
      },
      "properties": {
        "category": "cafe",
        "description": "",
        "has_changing_area": false,
        "has_child_seats": false,
        "has_nursing_area": false,
        "has_playground": false,
        "id": "9C889BE6-5512-400A-8082-B868F9CF64B5",
        "is_wheelchair_accessible": false,
        "name": "Steam Espresso Bar",
        "notes": "",
        "verified": false
      }
    },
    {
      "type": "Feature",
      "geometry": {
        "coordinates": [
          5.2905382,
          60.3893358
        ],
        "type": "Point"
      },
      "properties": {
        "category": "playground",
        "description": "",
        "has_changing_area": false,
        "has_child_seats": false,
        "has_nursing_area": false,
        "has_playground": true,
        "id": "D67BFC63-F9C3-4916-873E-68F2D2FCFDC4",
        "is_wheelchair_accessible": false,
        "name": "Leitet lekeplass",
        "notes": "",
        "verified": false
      }
    },
    {
      "type": "Feature",
      "geometry": {
        "coordinates": [
          5.6289726,
          58.8811946
        ],
        "type": "Point"
      },
      "properties": {
        "category": "cafe",
        "description": "",
        "has_changing_area": false,
        "has_child_seats": false,
        "has_nursing_area": false,
        "has_playground": false,
        "id": "4BC51D6E-1DF1-4C92-B886-15126A9A3329",
        "is_wheelchair_accessible": false,
        "name": "Ritazza",
        "notes": "",
        "verified": false
      }
    },
    {
      "type": "Feature",
      "geometry": {
        "coordinates": [
          10.635555,
          59.917751
        ],
        "type": "Point"
      },
      "properties": {
        "category": "cafe",
        "description": "",
        "has_changing_area": false,
        "has_child_seats": false,
        "has_nursing_area": false,
        "has_playground": false,
        "id": "1A43B09E-167B-4263-8FF5-58D39D1BA601",
        "is_wheelchair_accessible": true,
        "name": "Baker Hansen",
        "notes": "",
        "verified": false
      }
    },
    {
      "type": "Feature",
      "geometry": {
        "coordinates": [
          10.6544214,
          59.9457172
        ],
        "type": "Point"
      },
      "properties": {
        "category": "playground",
        "description": "",
        "has_changing_area": false,
        "has_child_seats": false,
        "has_nursing_area": false,
        "has_playground": true,
        "id": "5CBB14BC-4B67-4D00-82CB-9348350A8C7D",
        "is_wheelchair_accessible": false,
        "name": "Lille skolegård",
        "notes": "",
        "verified": false
      }
    },
    {
      "type": "Feature",
      "geometry": {
        "coordinates": [
          10.3840512,
          59.840416
        ],
        "type": "Point"
      },
      "properties": {
        "category": "playground",
        "description": "",
        "has_changing_area": false,
        "has_child_seats": false,
        "has_nursing_area": false,
        "has_playground": true,
        "id": "9FF15C58-9B81-4C93-955E-81CC9735E2C1",
        "is_wheelchair_accessible": false,
        "name": "picnic_table",
        "notes": "",
        "verified": false
      }
    },
    {
      "type": "Feature",
      "geometry": {
        "coordinates": [
          10.377706,
          63.363353
        ],
        "type": "Point"
      },
      "properties": {
        "category": "playground",
        "description": "",
        "has_changing_area": false,
        "has_child_seats": false,
        "has_nursing_area": false,
        "has_playground": true,
        "id": "BEAA3D91-C367-411F-9858-4F589AF05307",
        "is_wheelchair_accessible": false,
        "name": "Rush Trampolinepark",
        "notes": "",
        "verified": false
      }
    },
    {
      "type": "Feature",
      "geometry": {
        "coordinates": [
          7.972987,
          58.155131
        ],
        "type": "Point"
      },
      "properties": {
        "category": "cafe",
        "description": "",
        "has_changing_area": false,
        "has_child_seats": false,
        "has_nursing_area": false,
        "has_playground": false,
        "id": "85CE809B-30A6-4BC9-A4BE-C41D38C2885E",
        "is_wheelchair_accessible": false,
        "name": "Café Generalen",
        "notes": "",
        "verified": false
      }
    },
    {
      "type": "Feature",
      "geometry": {
        "coordinates": [
          10.4413702,
          63.4456929
        ],
        "type": "Point"
      },
      "properties": {
        "category": "playground",
        "description": "",
        "has_changing_area": false,
        "has_child_seats": false,
        "has_nursing_area": false,
        "has_playground": true,
        "id": "2B231B42-C91B-46A4-9680-F58E0D864CC8",
        "is_wheelchair_accessible": false,
        "name": "Fri dressur",
        "notes": "",
        "verified": false
      }
    },
    {
      "type": "Feature",
      "geometry": {
        "coordinates": [
          10.7716424,
          59.9480295
        ],
        "type": "Point"
      },
      "properties": {
        "category": "cafe",
        "description": "",
        "has_changing_area": false,
        "has_child_seats": false,
        "has_nursing_area": false,
        "has_playground": false,
        "id": "AB19FA35-5EF1-44EE-B5B9-C7DF50421FB4",
        "is_wheelchair_accessible": true,
        "name": "Los Tacos",
        "notes": "",
        "verified": false
      }
    },
    {
      "type": "Feature",
      "geometry": {
        "coordinates": [
          10.777,
          59.915
        ],
        "type": "Point"
      },
      "properties": {
        "category": "cafe",
        "description": "",
        "has_changing_area": true,
        "has_child_seats": false,
        "has_nursing_area": false,
        "has_playground": false,
        "id": "21051C6C-A9F3-474E-A922-40E7F3C6BF85",
        "is_wheelchair_accessible": true,
        "name": "Postkontoret Tøyen",
        "notes": "",
        "verified": false
      }
    },
    {
      "type": "Feature",
      "geometry": {
        "coordinates": [
          6.3559784,
          59.6502774
        ],
        "type": "Point"
      },
      "properties": {
        "category": "shopping",
        "description": "",
        "has_changing_area": false,
        "has_child_seats": false,
        "has_nursing_area": false,
        "has_playground": false,
        "id": "80B80A25-276D-4DEC-85E1-84DAE1517C4A",
        "is_wheelchair_accessible": false,
        "name": "Presanghuset",
        "notes": "",
        "verified": false
      }
    },
    {
      "type": "Feature",
      "geometry": {
        "coordinates": [
          10.4860507,
          59.9243625
        ],
        "type": "Point"
      },
      "properties": {
        "category": "cafe",
        "description": "",
        "has_changing_area": false,
        "has_child_seats": false,
        "has_nursing_area": false,
        "has_playground": false,
        "id": "EA8B1B8B-6920-4B7A-A9C5-68DF5020B331",
        "is_wheelchair_accessible": false,
        "name": "Paulis",
        "notes": "",
        "verified": false
      }
    },
    {
      "type": "Feature",
      "geometry": {
        "coordinates": [
          10.740883,
          59.923389
        ],
        "type": "Point"
      },
      "properties": {
        "category": "cafe",
        "description": "",
        "has_changing_area": false,
        "has_child_seats": false,
        "has_nursing_area": false,
        "has_playground": false,
        "id": "2B34CEE1-86DB-4CDD-BAC9-233E90A2DE97",
        "is_wheelchair_accessible": false,
        "name": "Tunco",
        "notes": "",
        "verified": false
      }
    },
    {
      "type": "Feature",
      "geometry": {
        "coordinates": [
          5.321712,
          60.390963
        ],
        "type": "Point"
      },
      "properties": {
        "category": "cafe",
        "description": "",
        "has_changing_area": false,
        "has_child_seats": false,
        "has_nursing_area": false,
        "has_playground": false,
        "id": "6ACA5625-107C-4846-A3B9-5A2680F7C409",
        "is_wheelchair_accessible": false,
        "name": "Dromedar Kaffebar",
        "notes": "",
        "verified": false
      }
    },
    {
      "type": "Feature",
      "geometry": {
        "coordinates": [
          10.7163974,
          59.8723367
        ],
        "type": "Point"
      },
      "properties": {
        "category": "other",
        "description": "",
        "has_changing_area": true,
        "has_child_seats": false,
        "has_nursing_area": false,
        "has_playground": false,
        "id": "2EF8B535-3044-4D94-9081-45254060130B",
        "is_wheelchair_accessible": false,
        "name": "Public toilets (with changing table)",
        "notes": "",
        "verified": false
      }
    },
    {
      "type": "Feature",
      "geometry": {
        "coordinates": [
          7.9897863,
          58.147353
        ],
        "type": "Point"
      },
      "properties": {
        "category": "cafe",
        "description": "",
        "has_changing_area": false,
        "has_child_seats": false,
        "has_nursing_area": false,
        "has_playground": false,
        "id": "45ADC608-A2DE-45D6-B44F-FAFF9C4C7BEF",
        "is_wheelchair_accessible": false,
        "name": "TAJ Kaffe & Chai hus",
        "notes": "",
        "verified": false
      }
    },
    {
      "type": "Feature",
      "geometry": {
        "coordinates": [
          12.0088928,
          60.1827221
        ],
        "type": "Point"
      },
      "properties": {
        "category": "playground",
        "description": "",
        "has_changing_area": false,
        "has_child_seats": false,
        "has_nursing_area": false,
        "has_playground": true,
        "id": "B0E6FA63-2582-452C-A9B5-CC81D5F60501",
        "is_wheelchair_accessible": false,
        "name": "Holtjordet",
        "notes": "",
        "verified": false
      }
    },
    {
      "type": "Feature",
      "geometry": {
        "coordinates": [
          10.6752667,
          59.9796381
        ],
        "type": "Point"
      },
      "properties": {
        "category": "cafe",
        "description": "",
        "has_changing_area": false,
        "has_child_seats": false,
        "has_nursing_area": false,
        "has_playground": false,
        "id": "C1BFFD29-5E0B-4426-8F58-52ADB6D43726",
        "is_wheelchair_accessible": false,
        "name": "Roseslottets Storstue",
        "notes": "",
        "verified": false
      }
    },
    {
      "type": "Feature",
      "geometry": {
        "coordinates": [
          5.4640494,
          59.7630016
        ],
        "type": "Point"
      },
      "properties": {
        "category": "playground",
        "description": "",
        "has_changing_area": false,
        "has_child_seats": false,
        "has_nursing_area": false,
        "has_playground": true,
        "id": "A00ED4BC-8F8E-490D-8298-88CDEE782A23",
        "is_wheelchair_accessible": false,
        "name": "Heiane Lekeplass",
        "notes": "",
        "verified": false
      }
    },
    {
      "type": "Feature",
      "geometry": {
        "coordinates": [
          10.383605,
          59.8403149
        ],
        "type": "Point"
      },
      "properties": {
        "category": "playground",
        "description": "",
        "has_changing_area": false,
        "has_child_seats": false,
        "has_nursing_area": false,
        "has_playground": true,
        "id": "4C98B3F9-3DD1-4005-B59C-0B14EA20F9F6",
        "is_wheelchair_accessible": false,
        "name": "balancing plank",
        "notes": "",
        "verified": false
      }
    },
    {
      "type": "Feature",
      "geometry": {
        "coordinates": [
          16.7008776,
          68.4960578
        ],
        "type": "Point"
      },
      "properties": {
        "category": "other",
        "description": "",
        "has_changing_area": true,
        "has_child_seats": false,
        "has_nursing_area": false,
        "has_playground": false,
        "id": "AF51D4F8-B91D-4000-B172-CC33CD25F501",
        "is_wheelchair_accessible": false,
        "name": "Public toilets (with changing table)",
        "notes": "",
        "verified": false
      }
    },
    {
      "type": "Feature",
      "geometry": {
        "coordinates": [
          7.6050678,
          58.0440557
        ],
        "type": "Point"
      },
      "properties": {
        "category": "other",
        "description": "",
        "has_changing_area": true,
        "has_child_seats": false,
        "has_nursing_area": false,
        "has_playground": false,
        "id": "031BF3FA-8116-4CF3-835F-3A78B49827F1",
        "is_wheelchair_accessible": true,
        "name": "Public toilets (with changing table)",
        "notes": "",
        "verified": false
      }
    },
    {
      "type": "Feature",
      "geometry": {
        "coordinates": [
          5.7698501,
          58.8547302
        ],
        "type": "Point"
      },
      "properties": {
        "category": "cafe",
        "description": "",
        "has_changing_area": false,
        "has_child_seats": false,
        "has_nursing_area": false,
        "has_playground": false,
        "id": "3C7C67C0-AD45-4DC7-8134-5B476ED32E17",
        "is_wheelchair_accessible": false,
        "name": "The Shack Hana",
        "notes": "",
        "verified": false
      }
    },
    {
      "type": "Feature",
      "geometry": {
        "coordinates": [
          5.3487488,
          60.3865712
        ],
        "type": "Point"
      },
      "properties": {
        "category": "cafe",
        "description": "",
        "has_changing_area": false,
        "has_child_seats": false,
        "has_nursing_area": false,
        "has_playground": false,
        "id": "91164842-4989-4713-A75D-6ACB3BEFB30F",
        "is_wheelchair_accessible": true,
        "name": "Sammen Kristiania kafé",
        "notes": "",
        "verified": false
      }
    },
    {
      "type": "Feature",
      "geometry": {
        "coordinates": [
          10.9081172,
          59.8915577
        ],
        "type": "Point"
      },
      "properties": {
        "category": "other",
        "description": "",
        "has_changing_area": true,
        "has_child_seats": false,
        "has_nursing_area": false,
        "has_playground": false,
        "id": "14FA0C54-CFE1-4642-A1C4-2CA7A26F9B00",
        "is_wheelchair_accessible": false,
        "name": "Public toilets (with changing table)",
        "notes": "",
        "verified": false
      }
    },
    {
      "type": "Feature",
      "geometry": {
        "coordinates": [
          5.2712085,
          59.414494
        ],
        "type": "Point"
      },
      "properties": {
        "category": "playground",
        "description": "",
        "has_changing_area": false,
        "has_child_seats": false,
        "has_nursing_area": false,
        "has_playground": true,
        "id": "D4C6D7DA-AFA1-4B0A-97BF-432DA49645CE",
        "is_wheelchair_accessible": false,
        "name": "Haugesund folkebibliotek",
        "notes": "",
        "verified": false
      }
    },
    {
      "type": "Feature",
      "geometry": {
        "coordinates": [
          10.7028406,
          59.9239216
        ],
        "type": "Point"
      },
      "properties": {
        "category": "cafe",
        "description": "",
        "has_changing_area": false,
        "has_child_seats": false,
        "has_nursing_area": false,
        "has_playground": false,
        "id": "F24DBDD3-1570-44CC-9B35-07538459BC41",
        "is_wheelchair_accessible": false,
        "name": "Oslo Museumskafe",
        "notes": "",
        "verified": false
      }
    },
    {
      "type": "Feature",
      "geometry": {
        "coordinates": [
          12.8312333,
          61.8912021
        ],
        "type": "Point"
      },
      "properties": {
        "category": "playground",
        "description": "",
        "has_changing_area": false,
        "has_child_seats": false,
        "has_nursing_area": false,
        "has_playground": true,
        "id": "C66250DB-DA99-48D6-8D95-6102AC26174F",
        "is_wheelchair_accessible": false,
        "name": "Askes Lekplats",
        "notes": "",
        "verified": false
      }
    },
    {
      "type": "Feature",
      "geometry": {
        "coordinates": [
          10.683402,
          59.920229
        ],
        "type": "Point"
      },
      "properties": {
        "category": "cafe",
        "description": "",
        "has_changing_area": false,
        "has_child_seats": false,
        "has_nursing_area": false,
        "has_playground": false,
        "id": "ABA3BD88-4BF9-4895-AD40-6C3AA3686A05",
        "is_wheelchair_accessible": true,
        "name": "Kaffebrenneriet",
        "notes": "",
        "verified": false
      }
    },
    {
      "type": "Feature",
      "geometry": {
        "coordinates": [
          19.2308601,
          68.3029202
        ],
        "type": "Point"
      },
      "properties": {
        "category": "other",
        "description": "",
        "has_changing_area": true,
        "has_child_seats": false,
        "has_nursing_area": false,
        "has_playground": false,
        "id": "FCE00589-C877-40E2-BCB4-84AE29293CE1",
        "is_wheelchair_accessible": true,
        "name": "Public toilets (with changing table)",
        "notes": "",
        "verified": false
      }
    },
    {
      "type": "Feature",
      "geometry": {
        "coordinates": [
          11.5532945,
          59.1472875
        ],
        "type": "Point"
      },
      "properties": {
        "category": "playground",
        "description": "",
        "has_changing_area": false,
        "has_child_seats": false,
        "has_nursing_area": false,
        "has_playground": true,
        "id": "F27B731F-A677-4548-9F14-12108865BA2C",
        "is_wheelchair_accessible": false,
        "name": "Huskestativ",
        "notes": "",
        "verified": false
      }
    },
    {
      "type": "Feature",
      "geometry": {
        "coordinates": [
          10.5007544,
          59.9421963
        ],
        "type": "Point"
      },
      "properties": {
        "category": "cafe",
        "description": "",
        "has_changing_area": false,
        "has_child_seats": false,
        "has_nursing_area": false,
        "has_playground": false,
        "id": "6609447E-D1E4-49C7-9F46-C2A03FC8D775",
        "is_wheelchair_accessible": false,
        "name": "Kokeliko",
        "notes": "",
        "verified": false
      }
    },
    {
      "type": "Feature",
      "geometry": {
        "coordinates": [
          10.4934322,
          59.7826518
        ],
        "type": "Point"
      },
      "properties": {
        "category": "playground",
        "description": "",
        "has_changing_area": false,
        "has_child_seats": false,
        "has_nursing_area": false,
        "has_playground": true,
        "id": "1C374AC5-1FE2-49E3-B004-AEA0B11A3338",
        "is_wheelchair_accessible": true,
        "name": "Røyken bibliotek, Slemmestad",
        "notes": "",
        "verified": false
      }
    },
    {
      "type": "Feature",
      "geometry": {
        "coordinates": [
          11.0033844,
          59.9723776
        ],
        "type": "Point"
      },
      "properties": {
        "category": "playground",
        "description": "",
        "has_changing_area": false,
        "has_child_seats": false,
        "has_nursing_area": false,
        "has_playground": true,
        "id": "7AE44007-02D6-4778-B1F2-882E453B7961",
        "is_wheelchair_accessible": false,
        "name": "Tårnbyveien north major playground",
        "notes": "",
        "verified": false
      }
    },
    {
      "type": "Feature",
      "geometry": {
        "coordinates": [
          10.5011886,
          59.9392577
        ],
        "type": "Point"
      },
      "properties": {
        "category": "other",
        "description": "",
        "has_changing_area": true,
        "has_child_seats": false,
        "has_nursing_area": false,
        "has_playground": false,
        "id": "257C354A-C7D7-4D8A-8FF3-A9B689518782",
        "is_wheelchair_accessible": true,
        "name": "Public toilets (with changing table)",
        "notes": "",
        "verified": false
      }
    },
    {
      "type": "Feature",
      "geometry": {
        "coordinates": [
          11.2943077,
          60.9501627
        ],
        "type": "Point"
      },
      "properties": {
        "category": "playground",
        "description": "",
        "has_changing_area": false,
        "has_child_seats": false,
        "has_nursing_area": false,
        "has_playground": true,
        "id": "8172BDAA-C7E6-4955-8BB1-F14F248CDD46",
        "is_wheelchair_accessible": false,
        "name": "Sivkanten",
        "notes": "",
        "verified": false
      }
    },
    {
      "type": "Feature",
      "geometry": {
        "coordinates": [
          7.4956963,
          58.0432643
        ],
        "type": "Point"
      },
      "properties": {
        "category": "other",
        "description": "",
        "has_changing_area": true,
        "has_child_seats": false,
        "has_nursing_area": false,
        "has_playground": false,
        "id": "BA19AD1A-78FD-4184-B632-CAD8035E892E",
        "is_wheelchair_accessible": true,
        "name": "Public toilets (with changing table)",
        "notes": "",
        "verified": false
      }
    },
    {
      "type": "Feature",
      "geometry": {
        "coordinates": [
          10.3571221,
          63.4022245
        ],
        "type": "Point"
      },
      "properties": {
        "category": "cafe",
        "description": "",
        "has_changing_area": false,
        "has_child_seats": false,
        "has_nursing_area": false,
        "has_playground": false,
        "id": "3F2EB8D1-CECC-4547-A57F-9ABBD279F513",
        "is_wheelchair_accessible": false,
        "name": "Bistro & Express",
        "notes": "",
        "verified": false
      }
    },
    {
      "type": "Feature",
      "geometry": {
        "coordinates": [
          11.0013507,
          59.9561279
        ],
        "type": "Point"
      },
      "properties": {
        "category": "playground",
        "description": "",
        "has_changing_area": false,
        "has_child_seats": false,
        "has_nursing_area": false,
        "has_playground": true,
        "id": "B6DD78DA-40C6-44D5-A679-6C457F4F7789",
        "is_wheelchair_accessible": false,
        "name": "Lekeplass",
        "notes": "",
        "verified": false
      }
    },
    {
      "type": "Feature",
      "geometry": {
        "coordinates": [
          5.8492021,
          58.9259725
        ],
        "type": "Point"
      },
      "properties": {
        "category": "playground",
        "description": "",
        "has_changing_area": false,
        "has_child_seats": false,
        "has_nursing_area": false,
        "has_playground": true,
        "id": "FCB5FAB8-611B-4508-9810-BD65B0A451C2",
        "is_wheelchair_accessible": false,
        "name": "Snurrebassen",
        "notes": "",
        "verified": false
      }
    },
    {
      "type": "Feature",
      "geometry": {
        "coordinates": [
          5.352745,
          60.509544
        ],
        "type": "Point"
      },
      "properties": {
        "category": "playground",
        "description": "",
        "has_changing_area": false,
        "has_child_seats": false,
        "has_nursing_area": false,
        "has_playground": true,
        "id": "CA200248-124C-40AE-9AD9-A89E8E0EFABE",
        "is_wheelchair_accessible": false,
        "name": "Hylkje lekeplass",
        "notes": "",
        "verified": false
      }
    },
    {
      "type": "Feature",
      "geometry": {
        "coordinates": [
          10.3047909,
          63.4229136
        ],
        "type": "Point"
      },
      "properties": {
        "category": "cafe",
        "description": "",
        "has_changing_area": false,
        "has_child_seats": false,
        "has_nursing_area": false,
        "has_playground": false,
        "id": "952A77CD-7552-4500-B9C3-EC1678356F80",
        "is_wheelchair_accessible": false,
        "name": "Lavollen",
        "notes": "",
        "verified": false
      }
    },
    {
      "type": "Feature",
      "geometry": {
        "coordinates": [
          5.6060705,
          58.9359237
        ],
        "type": "Point"
      },
      "properties": {
        "category": "cafe",
        "description": "",
        "has_changing_area": false,
        "has_child_seats": false,
        "has_nursing_area": false,
        "has_playground": false,
        "id": "5DBEE6E4-4F89-4E48-811B-0FA514F5FBEE",
        "is_wheelchair_accessible": false,
        "name": "Maxi Fast Food",
        "notes": "",
        "verified": false
      }
    },
    {
      "type": "Feature",
      "geometry": {
        "coordinates": [
          10.4075094,
          63.4326546
        ],
        "type": "Point"
      },
      "properties": {
        "category": "cafe",
        "description": "",
        "has_changing_area": false,
        "has_child_seats": false,
        "has_nursing_area": false,
        "has_playground": false,
        "id": "84898336-64A0-4DE7-8E51-8CCC70F583BC",
        "is_wheelchair_accessible": true,
        "name": "Hevd",
        "notes": "",
        "verified": false
      }
    },
    {
      "type": "Feature",
      "geometry": {
        "coordinates": [
          10.4015144,
          63.4349119
        ],
        "type": "Point"
      },
      "properties": {
        "category": "cafe",
        "description": "",
        "has_changing_area": false,
        "has_child_seats": false,
        "has_nursing_area": false,
        "has_playground": false,
        "id": "333C6BA4-272A-4216-A4A1-C306E0E6E353",
        "is_wheelchair_accessible": false,
        "name": "Onkel Svanhild",
        "notes": "",
        "verified": false
      }
    },
    {
      "type": "Feature",
      "geometry": {
        "coordinates": [
          10.771562,
          59.907892
        ],
        "type": "Point"
      },
      "properties": {
        "category": "cafe",
        "description": "",
        "has_changing_area": false,
        "has_child_seats": false,
        "has_nursing_area": false,
        "has_playground": false,
        "id": "44176E56-B916-4BC8-BB9E-63581FC92BFA",
        "is_wheelchair_accessible": false,
        "name": "Klosterenga Café",
        "notes": "",
        "verified": false
      }
    },
    {
      "type": "Feature",
      "geometry": {
        "coordinates": [
          10.755975,
          59.907073
        ],
        "type": "Point"
      },
      "properties": {
        "category": "cafe",
        "description": "",
        "has_changing_area": false,
        "has_child_seats": false,
        "has_nursing_area": false,
        "has_playground": false,
        "id": "1D83E5E9-1E6A-458B-BC18-ABF7F4E00961",
        "is_wheelchair_accessible": false,
        "name": "Munchies",
        "notes": "",
        "verified": false
      }
    },
    {
      "type": "Feature",
      "geometry": {
        "coordinates": [
          10.788471,
          59.9138804
        ],
        "type": "Point"
      },
      "properties": {
        "category": "cafe",
        "description": "",
        "has_changing_area": false,
        "has_child_seats": false,
        "has_nursing_area": false,
        "has_playground": false,
        "id": "560F46E4-3087-47A4-8AC3-702AC73D355F",
        "is_wheelchair_accessible": false,
        "name": "Hy’s",
        "notes": "",
        "verified": false
      }
    },
    {
      "type": "Feature",
      "geometry": {
        "coordinates": [
          10.6857621,
          59.9043525
        ],
        "type": "Point"
      },
      "properties": {
        "category": "cafe",
        "description": "",
        "has_changing_area": false,
        "has_child_seats": false,
        "has_nursing_area": false,
        "has_playground": false,
        "id": "37A0FFAE-5C12-4AD0-BB98-BBF938FD2706",
        "is_wheelchair_accessible": false,
        "name": "Café Saga",
        "notes": "",
        "verified": false
      }
    },
    {
      "type": "Feature",
      "geometry": {
        "coordinates": [
          5.7006221,
          58.9734981
        ],
        "type": "Point"
      },
      "properties": {
        "category": "cafe",
        "description": "",
        "has_changing_area": false,
        "has_child_seats": false,
        "has_nursing_area": false,
        "has_playground": false,
        "id": "FC6A88A6-A378-47EB-A5AC-CC56365BC5E6",
        "is_wheelchair_accessible": false,
        "name": "Byhaugkafeen",
        "notes": "",
        "verified": false
      }
    },
    {
      "type": "Feature",
      "geometry": {
        "coordinates": [
          8.7632889,
          58.4595028
        ],
        "type": "Point"
      },
      "properties": {
        "category": "cafe",
        "description": "",
        "has_changing_area": true,
        "has_child_seats": true,
        "has_nursing_area": false,
        "has_playground": false,
        "id": "DB38E976-D6ED-4719-9DC0-8EB43C9719C4",
        "is_wheelchair_accessible": true,
        "name": "Jordbærpikene Arendal",
        "notes": "",
        "verified": false
      }
    },
    {
      "type": "Feature",
      "geometry": {
        "coordinates": [
          5.3648185,
          60.3825109
        ],
        "type": "Point"
      },
      "properties": {
        "category": "playground",
        "description": "",
        "has_changing_area": false,
        "has_child_seats": false,
        "has_nursing_area": false,
        "has_playground": true,
        "id": "1EF0EED0-F24C-47F4-83FE-F2BCB14D7707",
        "is_wheelchair_accessible": false,
        "name": "Stemmeveien lekeplass",
        "notes": "",
        "verified": false
      }
    },
    {
      "type": "Feature",
      "geometry": {
        "coordinates": [
          10.2036466,
          59.5141253
        ],
        "type": "Point"
      },
      "properties": {
        "category": "other",
        "description": "",
        "has_changing_area": true,
        "has_child_seats": false,
        "has_nursing_area": false,
        "has_playground": false,
        "id": "0C51B56F-2FD7-4707-BFAE-056C5C038A8D",
        "is_wheelchair_accessible": true,
        "name": "Public toilets (with changing table)",
        "notes": "",
        "verified": false
      }
    },
    {
      "type": "Feature",
      "geometry": {
        "coordinates": [
          10.549277,
          63.414738
        ],
        "type": "Point"
      },
      "properties": {
        "category": "cafe",
        "description": "",
        "has_changing_area": false,
        "has_child_seats": false,
        "has_nursing_area": false,
        "has_playground": false,
        "id": "130390FF-B6EB-493E-B8A2-ECDBCEEE4437",
        "is_wheelchair_accessible": false,
        "name": "Spire",
        "notes": "",
        "verified": false
      }
    },
    {
      "type": "Feature",
      "geometry": {
        "coordinates": [
          18.9550688,
          69.6473036
        ],
        "type": "Point"
      },
      "properties": {
        "category": "playground",
        "description": "",
        "has_changing_area": false,
        "has_child_seats": false,
        "has_nursing_area": false,
        "has_playground": true,
        "id": "94E840A2-51BB-41E3-AA1C-349E7EE8462F",
        "is_wheelchair_accessible": false,
        "name": "Strandtorget lekeplass",
        "notes": "",
        "verified": false
      }
    },
    {
      "type": "Feature",
      "geometry": {
        "coordinates": [
          5.314127,
          60.390171
        ],
        "type": "Point"
      },
      "properties": {
        "category": "cafe",
        "description": "",
        "has_changing_area": false,
        "has_child_seats": false,
        "has_nursing_area": false,
        "has_playground": false,
        "id": "60308942-47E1-44CD-81D0-5E89D62927F0",
        "is_wheelchair_accessible": true,
        "name": "Sammen Dragefjellet",
        "notes": "",
        "verified": false
      }
    },
    {
      "type": "Feature",
      "geometry": {
        "coordinates": [
          7.0703868,
          58.138081
        ],
        "type": "Point"
      },
      "properties": {
        "category": "shopping",
        "description": "",
        "has_changing_area": false,
        "has_child_seats": false,
        "has_nursing_area": false,
        "has_playground": false,
        "id": "DF808773-0072-4DCB-8796-E57FE3A4F2F0",
        "is_wheelchair_accessible": true,
        "name": "Ringo",
        "notes": "",
        "verified": false
      }
    },
    {
      "type": "Feature",
      "geometry": {
        "coordinates": [
          10.7515209,
          59.9107757
        ],
        "type": "Point"
      },
      "properties": {
        "category": "cafe",
        "description": "",
        "has_changing_area": false,
        "has_child_seats": false,
        "has_nursing_area": false,
        "has_playground": false,
        "id": "597CF53B-1461-4E22-8C4F-3BA5447EEFF3",
        "is_wheelchair_accessible": true,
        "name": "Kanelsnurren",
        "notes": "",
        "verified": false
      }
    },
    {
      "type": "Feature",
      "geometry": {
        "coordinates": [
          8.0019792,
          58.1529344
        ],
        "type": "Point"
      },
      "properties": {
        "category": "cafe",
        "description": "",
        "has_changing_area": false,
        "has_child_seats": false,
        "has_nursing_area": false,
        "has_playground": false,
        "id": "49E2EE23-B673-4A57-8060-F6A9041E5D36",
        "is_wheelchair_accessible": false,
        "name": "Elvebredden kafé",
        "notes": "",
        "verified": false
      }
    },
    {
      "type": "Feature",
      "geometry": {
        "coordinates": [
          10.7512501,
          59.9276208
        ],
        "type": "Point"
      },
      "properties": {
        "category": "cafe",
        "description": "",
        "has_changing_area": false,
        "has_child_seats": false,
        "has_nursing_area": false,
        "has_playground": false,
        "id": "CAC568D2-4282-42E2-A130-567CAE607985",
        "is_wheelchair_accessible": false,
        "name": "Los Tacos",
        "notes": "",
        "verified": false
      }
    },
    {
      "type": "Feature",
      "geometry": {
        "coordinates": [
          10.4730171,
          60.0852747
        ],
        "type": "Point"
      },
      "properties": {
        "category": "cafe",
        "description": "",
        "has_changing_area": false,
        "has_child_seats": false,
        "has_nursing_area": false,
        "has_playground": false,
        "id": "2967E4ED-37A7-47B2-ABE6-68E294B5EAB0",
        "is_wheelchair_accessible": false,
        "name": "Heggelia",
        "notes": "",
        "verified": false
      }
    },
    {
      "type": "Feature",
      "geometry": {
        "coordinates": [
          10.7272423,
          59.9220917
        ],
        "type": "Point"
      },
      "properties": {
        "category": "cafe",
        "description": "",
        "has_changing_area": false,
        "has_child_seats": false,
        "has_nursing_area": false,
        "has_playground": false,
        "id": "FA1D8E69-3C55-493A-90E9-0A15E53C0793",
        "is_wheelchair_accessible": false,
        "name": "Kaffebrenneriet",
        "notes": "",
        "verified": false
      }
    },
    {
      "type": "Feature",
      "geometry": {
        "coordinates": [
          10.9126894,
          59.9330194
        ],
        "type": "Point"
      },
      "properties": {
        "category": "playground",
        "description": "",
        "has_changing_area": false,
        "has_child_seats": false,
        "has_nursing_area": false,
        "has_playground": true,
        "id": "6B4E51EB-2B3F-495D-9BB3-B80BEFFE5E11",
        "is_wheelchair_accessible": false,
        "name": "Østmarka boligsameie lekeplass",
        "notes": "",
        "verified": false
      }
    },
    {
      "type": "Feature",
      "geometry": {
        "coordinates": [
          10.7522,
          59.9139
        ],
        "type": "Point"
      },
      "properties": {
        "category": "cafe",
        "description": "",
        "has_changing_area": true,
        "has_child_seats": false,
        "has_nursing_area": true,
        "has_playground": false,
        "id": "B54C1A0F-7058-41F0-AF63-E7FD1181F7F1",
        "is_wheelchair_accessible": true,
        "name": "Amfi Larvik",
        "notes": "",
        "verified": false
      }
    },
    {
      "type": "Feature",
      "geometry": {
        "coordinates": [
          5.3466288,
          60.3745283
        ],
        "type": "Point"
      },
      "properties": {
        "category": "playground",
        "description": "",
        "has_changing_area": false,
        "has_child_seats": false,
        "has_nursing_area": false,
        "has_playground": true,
        "id": "8A868782-D88B-4122-B4C5-718B3B2FC6C0",
        "is_wheelchair_accessible": false,
        "name": "Hunstadsvingen lekeplass",
        "notes": "",
        "verified": false
      }
    },
    {
      "type": "Feature",
      "geometry": {
        "coordinates": [
          10.7641213,
          59.9109766
        ],
        "type": "Point"
      },
      "properties": {
        "category": "shopping",
        "description": "",
        "has_changing_area": false,
        "has_child_seats": false,
        "has_nursing_area": false,
        "has_playground": false,
        "id": "B8602624-99A0-4B36-AB73-6B2379147AC1",
        "is_wheelchair_accessible": true,
        "name": "Cateringo",
        "notes": "",
        "verified": false
      }
    },
    {
      "type": "Feature",
      "geometry": {
        "coordinates": [
          6.9323109,
          58.5204439
        ],
        "type": "Point"
      },
      "properties": {
        "category": "playground",
        "description": "",
        "has_changing_area": false,
        "has_child_seats": false,
        "has_nursing_area": false,
        "has_playground": true,
        "id": "AE6B1151-040E-4D3C-8935-D7C6794C1EE8",
        "is_wheelchair_accessible": false,
        "name": "Football area",
        "notes": "",
        "verified": false
      }
    },
    {
      "type": "Feature",
      "geometry": {
        "coordinates": [
          10.9429563,
          60.7463764
        ],
        "type": "Point"
      },
      "properties": {
        "category": "playground",
        "description": "",
        "has_changing_area": false,
        "has_child_seats": false,
        "has_nursing_area": false,
        "has_playground": true,
        "id": "9EC568F0-B821-4C2E-B7B7-CC64AC8EF4B9",
        "is_wheelchair_accessible": false,
        "name": "Vikhagan lekepark",
        "notes": "",
        "verified": false
      }
    },
    {
      "type": "Feature",
      "geometry": {
        "coordinates": [
          5.7127931,
          58.8607452
        ],
        "type": "Point"
      },
      "properties": {
        "category": "playground",
        "description": "",
        "has_changing_area": false,
        "has_child_seats": false,
        "has_nursing_area": false,
        "has_playground": true,
        "id": "2FCE7E4D-DBBA-46B2-9AD9-C398ECF54F76",
        "is_wheelchair_accessible": false,
        "name": "Lupinveien Lekeplass",
        "notes": "",
        "verified": false
      }
    },
    {
      "type": "Feature",
      "geometry": {
        "coordinates": [
          5.322644,
          60.397462
        ],
        "type": "Point"
      },
      "properties": {
        "category": "cafe",
        "description": "",
        "has_changing_area": false,
        "has_child_seats": false,
        "has_nursing_area": false,
        "has_playground": false,
        "id": "13B67E42-D401-4191-A49A-73B06FEC8E8A",
        "is_wheelchair_accessible": false,
        "name": "Baker Brun Søstergården",
        "notes": "",
        "verified": false
      }
    },
    {
      "type": "Feature",
      "geometry": {
        "coordinates": [
          10.709142,
          59.919429
        ],
        "type": "Point"
      },
      "properties": {
        "category": "cafe",
        "description": "",
        "has_changing_area": false,
        "has_child_seats": false,
        "has_nursing_area": false,
        "has_playground": false,
        "id": "BBB89D8B-2891-4C83-AE6E-2849250563A8",
        "is_wheelchair_accessible": false,
        "name": "Kaffebrenneriet",
        "notes": "",
        "verified": false
      }
    },
    {
      "type": "Feature",
      "geometry": {
        "coordinates": [
          8.1466857,
          58.1856988
        ],
        "type": "Point"
      },
      "properties": {
        "category": "cafe",
        "description": "",
        "has_changing_area": false,
        "has_child_seats": false,
        "has_nursing_area": false,
        "has_playground": false,
        "id": "2665CC35-506E-4EB3-BCD4-EF0B16A7DE63",
        "is_wheelchair_accessible": false,
        "name": "Pirat proviant",
        "notes": "",
        "verified": false
      }
    },
    {
      "type": "Feature",
      "geometry": {
        "coordinates": [
          11.0106558,
          59.9476831
        ],
        "type": "Point"
      },
      "properties": {
        "category": "cafe",
        "description": "",
        "has_changing_area": false,
        "has_child_seats": false,
        "has_nursing_area": false,
        "has_playground": false,
        "id": "6E194A7C-6800-466F-8E9E-FDE397CD5A36",
        "is_wheelchair_accessible": false,
        "name": "Konten",
        "notes": "",
        "verified": false
      }
    },
    {
      "type": "Feature",
      "geometry": {
        "coordinates": [
          9.6047845,
          59.2024692
        ],
        "type": "Point"
      },
      "properties": {
        "category": "playground",
        "description": "",
        "has_changing_area": false,
        "has_child_seats": false,
        "has_nursing_area": false,
        "has_playground": true,
        "id": "E47F86FD-EA4C-4BF2-B6F7-1DCFBE37AA26",
        "is_wheelchair_accessible": false,
        "name": "Rottejomfruen",
        "notes": "",
        "verified": false
      }
    },
    {
      "type": "Feature",
      "geometry": {
        "coordinates": [
          11.295969,
          60.9507737
        ],
        "type": "Point"
      },
      "properties": {
        "category": "playground",
        "description": "",
        "has_changing_area": false,
        "has_child_seats": false,
        "has_nursing_area": false,
        "has_playground": true,
        "id": "8F902CE6-9F98-459D-B5F9-1CF724CF10BC",
        "is_wheelchair_accessible": false,
        "name": "Tiurplassen",
        "notes": "",
        "verified": false
      }
    },
    {
      "type": "Feature",
      "geometry": {
        "coordinates": [
          10.6400783,
          60.0312102
        ],
        "type": "Point"
      },
      "properties": {
        "category": "cafe",
        "description": "",
        "has_changing_area": false,
        "has_child_seats": false,
        "has_nursing_area": false,
        "has_playground": false,
        "id": "93910DF1-8C5C-4062-93CD-70335EA20639",
        "is_wheelchair_accessible": false,
        "name": "Finnerud Sportsstue",
        "notes": "",
        "verified": false
      }
    },
    {
      "type": "Feature",
      "geometry": {
        "coordinates": [
          10.7632722,
          59.9100318
        ],
        "type": "Point"
      },
      "properties": {
        "category": "cafe",
        "description": "",
        "has_changing_area": false,
        "has_child_seats": false,
        "has_nursing_area": false,
        "has_playground": false,
        "id": "8C226383-E82D-4393-9517-5FEB5C35495D",
        "is_wheelchair_accessible": false,
        "name": "Caffe Liscio",
        "notes": "",
        "verified": false
      }
    },
    {
      "type": "Feature",
      "geometry": {
        "coordinates": [
          7.8227117,
          61.0680245
        ],
        "type": "Point"
      },
      "properties": {
        "category": "other",
        "description": "",
        "has_changing_area": true,
        "has_child_seats": false,
        "has_nursing_area": false,
        "has_playground": false,
        "id": "2859F1C0-6667-4489-B706-F5BC6001CE25",
        "is_wheelchair_accessible": false,
        "name": "Public toilets (with changing table)",
        "notes": "",
        "verified": false
      }
    },
    {
      "type": "Feature",
      "geometry": {
        "coordinates": [
          10.7522,
          59.9139
        ],
        "type": "Point"
      },
      "properties": {
        "category": "other",
        "description": "",
        "has_changing_area": true,
        "has_child_seats": false,
        "has_nursing_area": true,
        "has_playground": true,
        "id": "496AE270-3C47-4FDC-BB17-61B8663FAA4B",
        "is_wheelchair_accessible": false,
        "name": "Kuben Hønefoss",
        "notes": "",
        "verified": false
      }
    },
    {
      "type": "Feature",
      "geometry": {
        "coordinates": [
          8.5376702,
          60.6221083
        ],
        "type": "Point"
      },
      "properties": {
        "category": "playground",
        "description": "",
        "has_changing_area": false,
        "has_child_seats": false,
        "has_nursing_area": false,
        "has_playground": true,
        "id": "7CEDE656-D90C-4F69-9ED5-EBA082EBDDF6",
        "is_wheelchair_accessible": false,
        "name": "Hurramegrundt",
        "notes": "",
        "verified": false
      }
    },
    {
      "type": "Feature",
      "geometry": {
        "coordinates": [
          11.1750373,
          60.1433101
        ],
        "type": "Point"
      },
      "properties": {
        "category": "playground",
        "description": "",
        "has_changing_area": false,
        "has_child_seats": false,
        "has_nursing_area": false,
        "has_playground": true,
        "id": "09FE60FB-B8BD-48A4-93EA-15F1E8179AD6",
        "is_wheelchair_accessible": false,
        "name": "Ullensaker bibliotek, Jessheim",
        "notes": "",
        "verified": false
      }
    },
    {
      "type": "Feature",
      "geometry": {
        "coordinates": [
          10.403795,
          63.429472
        ],
        "type": "Point"
      },
      "properties": {
        "category": "cafe",
        "description": "",
        "has_changing_area": false,
        "has_child_seats": false,
        "has_nursing_area": false,
        "has_playground": false,
        "id": "FB1C4C3B-76B2-49F7-A2FA-B63E9F4DC07E",
        "is_wheelchair_accessible": false,
        "name": "Nabolaget Bagelri",
        "notes": "",
        "verified": false
      }
    },
    {
      "type": "Feature",
      "geometry": {
        "coordinates": [
          7.584984,
          58.2727155
        ],
        "type": "Point"
      },
      "properties": {
        "category": "playground",
        "description": "",
        "has_changing_area": false,
        "has_child_seats": false,
        "has_nursing_area": false,
        "has_playground": true,
        "id": "44BCE9B2-3AD8-49E1-9306-B9166D3D057D",
        "is_wheelchair_accessible": false,
        "name": "Songdalen bibliotek, Finsland filial",
        "notes": "",
        "verified": false
      }
    },
    {
      "type": "Feature",
      "geometry": {
        "coordinates": [
          5.341995,
          60.340145
        ],
        "type": "Point"
      },
      "properties": {
        "category": "playground",
        "description": "",
        "has_changing_area": false,
        "has_child_seats": false,
        "has_nursing_area": false,
        "has_playground": true,
        "id": "477FE0C1-E7DE-49E4-8C5C-28C46AE9BAD8",
        "is_wheelchair_accessible": false,
        "name": "Paradis barnepark",
        "notes": "",
        "verified": false
      }
    },
    {
      "type": "Feature",
      "geometry": {
        "coordinates": [
          8.1399528,
          58.1767382
        ],
        "type": "Point"
      },
      "properties": {
        "category": "shopping",
        "description": "",
        "has_changing_area": false,
        "has_child_seats": false,
        "has_nursing_area": false,
        "has_playground": false,
        "id": "C2C6EB0C-72C0-42AE-9900-14A2958DAE67",
        "is_wheelchair_accessible": false,
        "name": "TOYS'R'US",
        "notes": "",
        "verified": false
      }
    },
    {
      "type": "Feature",
      "geometry": {
        "coordinates": [
          5.8495185,
          58.9238984
        ],
        "type": "Point"
      },
      "properties": {
        "category": "playground",
        "description": "",
        "has_changing_area": false,
        "has_child_seats": false,
        "has_nursing_area": false,
        "has_playground": true,
        "id": "B944F3E0-E0A8-4A37-8A55-D99226A7CAF9",
        "is_wheelchair_accessible": false,
        "name": "Rabbaplassen",
        "notes": "",
        "verified": false
      }
    },
    {
      "type": "Feature",
      "geometry": {
        "coordinates": [
          5.4973605,
          59.7783142
        ],
        "type": "Point"
      },
      "properties": {
        "category": "playground",
        "description": "",
        "has_changing_area": false,
        "has_child_seats": false,
        "has_nursing_area": false,
        "has_playground": true,
        "id": "6DE90293-806B-41CC-A232-68EE6106B818",
        "is_wheelchair_accessible": true,
        "name": "Stord folkebibliotek",
        "notes": "",
        "verified": false
      }
    },
    {
      "type": "Feature",
      "geometry": {
        "coordinates": [
          10.8107525,
          59.6512901
        ],
        "type": "Point"
      },
      "properties": {
        "category": "playground",
        "description": "",
        "has_changing_area": false,
        "has_child_seats": false,
        "has_nursing_area": false,
        "has_playground": true,
        "id": "C32D29E3-E560-4D42-AE71-92A32D8C56FF",
        "is_wheelchair_accessible": false,
        "name": "Trekanttunet",
        "notes": "",
        "verified": false
      }
    },
    {
      "type": "Feature",
      "geometry": {
        "coordinates": [
          8.2091176,
          60.5320398
        ],
        "type": "Point"
      },
      "properties": {
        "category": "playground",
        "description": "",
        "has_changing_area": false,
        "has_child_seats": false,
        "has_nursing_area": false,
        "has_playground": true,
        "id": "4F66C50B-9546-4295-A20D-C1958B0F992A",
        "is_wheelchair_accessible": false,
        "name": "Slåttahølen-Mjølkerampa Aktivitetspark",
        "notes": "",
        "verified": false
      }
    },
    {
      "type": "Feature",
      "geometry": {
        "coordinates": [
          5.735286,
          58.971694
        ],
        "type": "Point"
      },
      "properties": {
        "category": "shopping",
        "description": "",
        "has_changing_area": false,
        "has_child_seats": false,
        "has_nursing_area": false,
        "has_playground": false,
        "id": "90900A09-97EB-4E6F-98BA-8D4D6C793B55",
        "is_wheelchair_accessible": false,
        "name": "Lilleba Konseptbutikk",
        "notes": "",
        "verified": false
      }
    },
    {
      "type": "Feature",
      "geometry": {
        "coordinates": [
          5.733272,
          58.972641
        ],
        "type": "Point"
      },
      "properties": {
        "category": "cafe",
        "description": "",
        "has_changing_area": false,
        "has_child_seats": false,
        "has_nursing_area": false,
        "has_playground": false,
        "id": "7DB4C9A9-B4BF-492C-ADE6-9F0C56963751",
        "is_wheelchair_accessible": true,
        "name": "Efendi Tea & Coffee House",
        "notes": "",
        "verified": false
      }
    },
    {
      "type": "Feature",
      "geometry": {
        "coordinates": [
          5.6502834,
          58.888923
        ],
        "type": "Point"
      },
      "properties": {
        "category": "playground",
        "description": "",
        "has_changing_area": false,
        "has_child_seats": false,
        "has_nursing_area": false,
        "has_playground": true,
        "id": "E29B683B-5D60-4FB3-8358-E211DC3133AF",
        "is_wheelchair_accessible": false,
        "name": "Sola bibliotek",
        "notes": "",
        "verified": false
      }
    },
    {
      "type": "Feature",
      "geometry": {
        "coordinates": [
          5.5860121,
          58.9362559
        ],
        "type": "Point"
      },
      "properties": {
        "category": "cafe",
        "description": "",
        "has_changing_area": false,
        "has_child_seats": false,
        "has_nursing_area": false,
        "has_playground": false,
        "id": "1BB6B6C5-C5BD-4A60-828A-D83DC112F269",
        "is_wheelchair_accessible": false,
        "name": "Tananger Take Away",
        "notes": "",
        "verified": false
      }
    },
    {
      "type": "Feature",
      "geometry": {
        "coordinates": [
          6.2717275,
          58.3408083
        ],
        "type": "Point"
      },
      "properties": {
        "category": "playground",
        "description": "",
        "has_changing_area": false,
        "has_child_seats": false,
        "has_nursing_area": false,
        "has_playground": true,
        "id": "D36F5630-2A2B-43EE-91FD-46DE7C224F8B",
        "is_wheelchair_accessible": false,
        "name": "Kvam Lekeplass",
        "notes": "",
        "verified": false
      }
    },
    {
      "type": "Feature",
      "geometry": {
        "coordinates": [
          6.4348313,
          60.6284321
        ],
        "type": "Point"
      },
      "properties": {
        "category": "other",
        "description": "",
        "has_changing_area": true,
        "has_child_seats": false,
        "has_nursing_area": false,
        "has_playground": false,
        "id": "B330C74E-0352-4EF3-9EAE-5B52BD50B891",
        "is_wheelchair_accessible": false,
        "name": "Facility (with changing table)",
        "notes": "",
        "verified": false
      }
    },
    {
      "type": "Feature",
      "geometry": {
        "coordinates": [
          10.6637157,
          59.8557783
        ],
        "type": "Point"
      },
      "properties": {
        "category": "cafe",
        "description": "",
        "has_changing_area": false,
        "has_child_seats": false,
        "has_nursing_area": false,
        "has_playground": false,
        "id": "A8953F78-9574-4AAA-8274-FD62B77CC1AB",
        "is_wheelchair_accessible": false,
        "name": "Frua Spiseri",
        "notes": "",
        "verified": false
      }
    },
    {
      "type": "Feature",
      "geometry": {
        "coordinates": [
          5.8418962,
          58.9159378
        ],
        "type": "Point"
      },
      "properties": {
        "category": "playground",
        "description": "",
        "has_changing_area": false,
        "has_child_seats": false,
        "has_nursing_area": false,
        "has_playground": true,
        "id": "A0D1ACDA-6B3F-4F65-BFEE-1772E66F83E2",
        "is_wheelchair_accessible": false,
        "name": "vidjeveien lekeplass",
        "notes": "",
        "verified": false
      }
    },
    {
      "type": "Feature",
      "geometry": {
        "coordinates": [
          7.7407128,
          58.3834031
        ],
        "type": "Point"
      },
      "properties": {
        "category": "playground",
        "description": "",
        "has_changing_area": false,
        "has_child_seats": false,
        "has_nursing_area": false,
        "has_playground": true,
        "id": "0947DACC-F63C-47F9-AF77-C3CA83D0D19D",
        "is_wheelchair_accessible": false,
        "name": "Vennesla bibliotek, Hægeland filial",
        "notes": "",
        "verified": false
      }
    },
    {
      "type": "Feature",
      "geometry": {
        "coordinates": [
          10.6553017,
          59.7850503
        ],
        "type": "Point"
      },
      "properties": {
        "category": "cafe",
        "description": "",
        "has_changing_area": false,
        "has_child_seats": false,
        "has_nursing_area": false,
        "has_playground": false,
        "id": "ABDEA328-F95A-468A-AE5B-919F222D55A9",
        "is_wheelchair_accessible": false,
        "name": "Kafé Olai",
        "notes": "",
        "verified": false
      }
    },
    {
      "type": "Feature",
      "geometry": {
        "coordinates": [
          10.8803104,
          59.9792556
        ],
        "type": "Point"
      },
      "properties": {
        "category": "cafe",
        "description": "",
        "has_changing_area": false,
        "has_child_seats": false,
        "has_nursing_area": false,
        "has_playground": false,
        "id": "2485E34B-8EB1-4A5C-A932-76896B97AF45",
        "is_wheelchair_accessible": false,
        "name": "Krutthuset Kafé",
        "notes": "",
        "verified": false
      }
    },
    {
      "type": "Feature",
      "geometry": {
        "coordinates": [
          10.7518819,
          59.9118912
        ],
        "type": "Point"
      },
      "properties": {
        "category": "other",
        "description": "",
        "has_changing_area": true,
        "has_child_seats": false,
        "has_nursing_area": false,
        "has_playground": false,
        "id": "319CF2AA-1CC7-4A55-885B-28D228AC06C7",
        "is_wheelchair_accessible": true,
        "name": "Public toilets (with changing table)",
        "notes": "",
        "verified": false
      }
    },
    {
      "type": "Feature",
      "geometry": {
        "coordinates": [
          6.8171456,
          58.2705558
        ],
        "type": "Point"
      },
      "properties": {
        "category": "playground",
        "description": "",
        "has_changing_area": false,
        "has_child_seats": false,
        "has_nursing_area": false,
        "has_playground": true,
        "id": "9EA0B2AF-116E-4024-AADB-72CE08D770B5",
        "is_wheelchair_accessible": false,
        "name": "Kvinesdal bibliotek, Feda filial",
        "notes": "",
        "verified": false
      }
    },
    {
      "type": "Feature",
      "geometry": {
        "coordinates": [
          11.0222364,
          59.9289582
        ],
        "type": "Point"
      },
      "properties": {
        "category": "cafe",
        "description": "",
        "has_changing_area": false,
        "has_child_seats": false,
        "has_nursing_area": false,
        "has_playground": false,
        "id": "6FBA38AC-3887-4699-88FC-3888E8C81FE4",
        "is_wheelchair_accessible": false,
        "name": "Skihytta",
        "notes": "",
        "verified": false
      }
    },
    {
      "type": "Feature",
      "geometry": {
        "coordinates": [
          10.377568,
          63.4318901
        ],
        "type": "Point"
      },
      "properties": {
        "category": "cafe",
        "description": "",
        "has_changing_area": false,
        "has_child_seats": false,
        "has_nursing_area": false,
        "has_playground": false,
        "id": "DD1C7800-59DE-4808-AA69-4A427BAA34A1",
        "is_wheelchair_accessible": false,
        "name": "Lille Skansen",
        "notes": "",
        "verified": false
      }
    },
    {
      "type": "Feature",
      "geometry": {
        "coordinates": [
          5.3576733,
          60.3609909
        ],
        "type": "Point"
      },
      "properties": {
        "category": "playground",
        "description": "",
        "has_changing_area": false,
        "has_child_seats": false,
        "has_nursing_area": false,
        "has_playground": true,
        "id": "B912C515-B14B-4B92-9F7F-CCCE7B0FF3AB",
        "is_wheelchair_accessible": false,
        "name": "Henrik Mohns vei lekeplass",
        "notes": "",
        "verified": false
      }
    },
    {
      "type": "Feature",
      "geometry": {
        "coordinates": [
          5.7189646,
          58.856751
        ],
        "type": "Point"
      },
      "properties": {
        "category": "playground",
        "description": "",
        "has_changing_area": false,
        "has_child_seats": false,
        "has_nursing_area": false,
        "has_playground": true,
        "id": "58A4D14F-1CE5-4E78-B14B-0D981491597E",
        "is_wheelchair_accessible": false,
        "name": "Marius Skadsems vei Lekeplass",
        "notes": "",
        "verified": false
      }
    },
    {
      "type": "Feature",
      "geometry": {
        "coordinates": [
          5.6733602,
          58.9486114
        ],
        "type": "Point"
      },
      "properties": {
        "category": "cafe",
        "description": "",
        "has_changing_area": false,
        "has_child_seats": false,
        "has_nursing_area": false,
        "has_playground": false,
        "id": "5104711E-DD2D-47CF-81FA-E2C9D40FC605",
        "is_wheelchair_accessible": false,
        "name": "Punk",
        "notes": "",
        "verified": false
      }
    },
    {
      "type": "Feature",
      "geometry": {
        "coordinates": [
          5.3551762,
          60.3515633
        ],
        "type": "Point"
      },
      "properties": {
        "category": "playground",
        "description": "",
        "has_changing_area": false,
        "has_child_seats": false,
        "has_nursing_area": false,
        "has_playground": true,
        "id": "1A4912EB-1BA3-47FE-B63E-5E67E7C2F999",
        "is_wheelchair_accessible": false,
        "name": "Tveiteparken",
        "notes": "",
        "verified": false
      }
    },
    {
      "type": "Feature",
      "geometry": {
        "coordinates": [
          6.9888243,
          58.3258242
        ],
        "type": "Point"
      },
      "properties": {
        "category": "other",
        "description": "",
        "has_changing_area": true,
        "has_child_seats": false,
        "has_nursing_area": false,
        "has_playground": false,
        "id": "0B193E51-1F0D-4043-AA80-69AEED304F27",
        "is_wheelchair_accessible": true,
        "name": "Public toilets (with changing table)",
        "notes": "",
        "verified": false
      }
    },
    {
      "type": "Feature",
      "geometry": {
        "coordinates": [
          7.7328498,
          63.109942
        ],
        "type": "Point"
      },
      "properties": {
        "category": "cafe",
        "description": "",
        "has_changing_area": true,
        "has_child_seats": true,
        "has_nursing_area": false,
        "has_playground": false,
        "id": "CF455D29-42F1-4A18-9305-A21FFB46678C",
        "is_wheelchair_accessible": true,
        "name": "Jordbærpikene",
        "notes": "",
        "verified": false
      }
    },
    {
      "type": "Feature",
      "geometry": {
        "coordinates": [
          5.6707728,
          58.943541
        ],
        "type": "Point"
      },
      "properties": {
        "category": "cafe",
        "description": "",
        "has_changing_area": false,
        "has_child_seats": false,
        "has_nursing_area": false,
        "has_playground": false,
        "id": "E63CC4E9-9CA1-44CA-A950-EA024FD3E6EA",
        "is_wheelchair_accessible": false,
        "name": "Surf Inn",
        "notes": "",
        "verified": false
      }
    },
    {
      "type": "Feature",
      "geometry": {
        "coordinates": [
          5.1693065,
          59.7656755
        ],
        "type": "Point"
      },
      "properties": {
        "category": "playground",
        "description": "",
        "has_changing_area": false,
        "has_child_seats": false,
        "has_nursing_area": false,
        "has_playground": true,
        "id": "06702677-9052-4AA1-ABA6-CE7751A2C85C",
        "is_wheelchair_accessible": false,
        "name": "Alvsvåg Lekeplass",
        "notes": "",
        "verified": false
      }
    },
    {
      "type": "Feature",
      "geometry": {
        "coordinates": [
          5.447427,
          60.449997
        ],
        "type": "Point"
      },
      "properties": {
        "category": "playground",
        "description": "",
        "has_changing_area": false,
        "has_child_seats": false,
        "has_nursing_area": false,
        "has_playground": true,
        "id": "26E248B0-5BE0-448C-967D-B544EDCC2A2F",
        "is_wheelchair_accessible": false,
        "name": "Gamlevegen lekeplass",
        "notes": "",
        "verified": false
      }
    },
    {
      "type": "Feature",
      "geometry": {
        "coordinates": [
          8.0304739,
          58.1471568
        ],
        "type": "Point"
      },
      "properties": {
        "category": "other",
        "description": "",
        "has_changing_area": true,
        "has_child_seats": false,
        "has_nursing_area": false,
        "has_playground": false,
        "id": "BA012C21-F668-47FD-A566-E10DE41F193E",
        "is_wheelchair_accessible": false,
        "name": "Public toilets (with changing table)",
        "notes": "",
        "verified": false
      }
    },
    {
      "type": "Feature",
      "geometry": {
        "coordinates": [
          7.2197492,
          58.3758066
        ],
        "type": "Point"
      },
      "properties": {
        "category": "playground",
        "description": "",
        "has_changing_area": false,
        "has_child_seats": false,
        "has_nursing_area": false,
        "has_playground": true,
        "id": "2075804E-FF71-4D95-8695-7AFA6203B451",
        "is_wheelchair_accessible": false,
        "name": "Hægebostad og Eiken folkebibliotek, Birkeland filial",
        "notes": "",
        "verified": false
      }
    },
    {
      "type": "Feature",
      "geometry": {
        "coordinates": [
          10.4154803,
          63.4137873
        ],
        "type": "Point"
      },
      "properties": {
        "category": "cafe",
        "description": "",
        "has_changing_area": false,
        "has_child_seats": false,
        "has_nursing_area": false,
        "has_playground": false,
        "id": "517FDB83-BE90-486B-810F-4EB1AAFC2FFA",
        "is_wheelchair_accessible": false,
        "name": "Aktivitetshuset",
        "notes": "",
        "verified": false
      }
    },
    {
      "type": "Feature",
      "geometry": {
        "coordinates": [
          15.5006743,
          68.6612882
        ],
        "type": "Point"
      },
      "properties": {
        "category": "other",
        "description": "",
        "has_changing_area": true,
        "has_child_seats": false,
        "has_nursing_area": false,
        "has_playground": false,
        "id": "817DF038-C9FA-49EF-8912-E575DC22F8F7",
        "is_wheelchair_accessible": true,
        "name": "Public toilets (with changing table)",
        "notes": "",
        "verified": false
      }
    },
    {
      "type": "Feature",
      "geometry": {
        "coordinates": [
          10.4549373,
          63.4360555
        ],
        "type": "Point"
      },
      "properties": {
        "category": "cafe",
        "description": "",
        "has_changing_area": false,
        "has_child_seats": false,
        "has_nursing_area": false,
        "has_playground": false,
        "id": "926A371A-2A56-4844-9312-8000EE4F2C43",
        "is_wheelchair_accessible": false,
        "name": "Krem mat & kaffehus",
        "notes": "",
        "verified": false
      }
    },
    {
      "type": "Feature",
      "geometry": {
        "coordinates": [
          10.9170776,
          63.4544712
        ],
        "type": "Point"
      },
      "properties": {
        "category": "other",
        "description": "",
        "has_changing_area": true,
        "has_child_seats": false,
        "has_nursing_area": false,
        "has_playground": false,
        "id": "8DD19848-DF19-496D-9672-B46E3715A137",
        "is_wheelchair_accessible": true,
        "name": "Public toilets (with changing table)",
        "notes": "",
        "verified": false
      }
    },
    {
      "type": "Feature",
      "geometry": {
        "coordinates": [
          5.7301217,
          58.9727681
        ],
        "type": "Point"
      },
      "properties": {
        "category": "playground",
        "description": "",
        "has_changing_area": false,
        "has_child_seats": false,
        "has_nursing_area": false,
        "has_playground": true,
        "id": "9E1C522E-EBEE-453A-A3B8-9F8C083B8517",
        "is_wheelchair_accessible": false,
        "name": "Victoria Terrasse",
        "notes": "",
        "verified": false
      }
    },
    {
      "type": "Feature",
      "geometry": {
        "coordinates": [
          7.4561412,
          58.0255267
        ],
        "type": "Point"
      },
      "properties": {
        "category": "playground",
        "description": "",
        "has_changing_area": false,
        "has_child_seats": false,
        "has_nursing_area": false,
        "has_playground": true,
        "id": "C482FDFB-1CFE-4526-AA46-083847629A27",
        "is_wheelchair_accessible": false,
        "name": "Mandal bibliotek",
        "notes": "",
        "verified": false
      }
    },
    {
      "type": "Feature",
      "geometry": {
        "coordinates": [
          10.385651,
          63.430136
        ],
        "type": "Point"
      },
      "properties": {
        "category": "cafe",
        "description": "",
        "has_changing_area": false,
        "has_child_seats": false,
        "has_nursing_area": false,
        "has_playground": false,
        "id": "BB7374D6-F851-49D4-BE03-8BE1E475F88F",
        "is_wheelchair_accessible": false,
        "name": "Stammen",
        "notes": "",
        "verified": false
      }
    },
    {
      "type": "Feature",
      "geometry": {
        "coordinates": [
          10.825357,
          59.8961328
        ],
        "type": "Point"
      },
      "properties": {
        "category": "cafe",
        "description": "",
        "has_changing_area": false,
        "has_child_seats": false,
        "has_nursing_area": false,
        "has_playground": false,
        "id": "D1E36622-0BAF-450E-9D58-7403615F683B",
        "is_wheelchair_accessible": false,
        "name": "Stjerna kafé",
        "notes": "",
        "verified": false
      }
    },
    {
      "type": "Feature",
      "geometry": {
        "coordinates": [
          8.0379879,
          58.2050535
        ],
        "type": "Point"
      },
      "properties": {
        "category": "playground",
        "description": "",
        "has_changing_area": false,
        "has_child_seats": false,
        "has_nursing_area": false,
        "has_playground": true,
        "id": "44D1DF2F-5073-44D3-8A3D-34131D51E069",
        "is_wheelchair_accessible": false,
        "name": "Vestre Jærnesheia lekeplass",
        "notes": "",
        "verified": false
      }
    },
    {
      "type": "Feature",
      "geometry": {
        "coordinates": [
          10.4554412,
          63.4359543
        ],
        "type": "Point"
      },
      "properties": {
        "category": "cafe",
        "description": "",
        "has_changing_area": false,
        "has_child_seats": false,
        "has_nursing_area": false,
        "has_playground": false,
        "id": "818612DB-F4DB-4981-8A6E-04127A008EF0",
        "is_wheelchair_accessible": false,
        "name": "Wood",
        "notes": "",
        "verified": false
      }
    },
    {
      "type": "Feature",
      "geometry": {
        "coordinates": [
          5.3158166,
          60.3908658
        ],
        "type": "Point"
      },
      "properties": {
        "category": "cafe",
        "description": "",
        "has_changing_area": false,
        "has_child_seats": false,
        "has_nursing_area": false,
        "has_playground": false,
        "id": "AF610FC9-F0CF-4A87-8542-9E3B00777CBF",
        "is_wheelchair_accessible": false,
        "name": "Mat and Prat",
        "notes": "",
        "verified": false
      }
    },
    {
      "type": "Feature",
      "geometry": {
        "coordinates": [
          10.730205,
          59.9699574
        ],
        "type": "Point"
      },
      "properties": {
        "category": "other",
        "description": "",
        "has_changing_area": true,
        "has_child_seats": false,
        "has_nursing_area": false,
        "has_playground": false,
        "id": "EA4D0FA4-E3C1-49FC-B2CB-417D71657365",
        "is_wheelchair_accessible": true,
        "name": "Public toilets (with changing table)",
        "notes": "",
        "verified": false
      }
    },
    {
      "type": "Feature",
      "geometry": {
        "coordinates": [
          10.6771188,
          59.8560342
        ],
        "type": "Point"
      },
      "properties": {
        "category": "playground",
        "description": "",
        "has_changing_area": false,
        "has_child_seats": false,
        "has_nursing_area": false,
        "has_playground": true,
        "id": "D0464544-5E55-4F28-8E79-7086985CAF74",
        "is_wheelchair_accessible": false,
        "name": "Påskehareskogen",
        "notes": "",
        "verified": false
      }
    },
    {
      "type": "Feature",
      "geometry": {
        "coordinates": [
          7.0181594,
          58.0272673
        ],
        "type": "Point"
      },
      "properties": {
        "category": "playground",
        "description": "",
        "has_changing_area": false,
        "has_child_seats": false,
        "has_nursing_area": false,
        "has_playground": true,
        "id": "BB711030-65D8-434F-96AF-985556CE0573",
        "is_wheelchair_accessible": false,
        "name": "Fintefordet",
        "notes": "",
        "verified": false
      }
    },
    {
      "type": "Feature",
      "geometry": {
        "coordinates": [
          10.432217,
          63.3107367
        ],
        "type": "Point"
      },
      "properties": {
        "category": "playground",
        "description": "",
        "has_changing_area": false,
        "has_child_seats": false,
        "has_nursing_area": false,
        "has_playground": true,
        "id": "A47B1750-93B3-4CF9-811D-64E42CE41CCB",
        "is_wheelchair_accessible": false,
        "name": "Flatheimvegen lekeplass",
        "notes": "",
        "verified": false
      }
    },
    {
      "type": "Feature",
      "geometry": {
        "coordinates": [
          5.73387,
          58.972111
        ],
        "type": "Point"
      },
      "properties": {
        "category": "cafe",
        "description": "",
        "has_changing_area": false,
        "has_child_seats": false,
        "has_nursing_area": false,
        "has_playground": false,
        "id": "38913AF3-7F04-4887-84F4-21E66ACCCF9F",
        "is_wheelchair_accessible": false,
        "name": "Hverdagsgodt AS",
        "notes": "",
        "verified": false
      }
    },
    {
      "type": "Feature",
      "geometry": {
        "coordinates": [
          10.463734,
          61.1172225
        ],
        "type": "Point"
      },
      "properties": {
        "category": "other",
        "description": "",
        "has_changing_area": true,
        "has_child_seats": false,
        "has_nursing_area": false,
        "has_playground": false,
        "id": "A635F519-5706-4BEA-9E6B-99BA9CFACB54",
        "is_wheelchair_accessible": true,
        "name": "Public toilets (with changing table)",
        "notes": "",
        "verified": false
      }
    },
    {
      "type": "Feature",
      "geometry": {
        "coordinates": [
          7.9906423,
          58.1818172
        ],
        "type": "Point"
      },
      "properties": {
        "category": "cafe",
        "description": "",
        "has_changing_area": false,
        "has_child_seats": false,
        "has_nursing_area": false,
        "has_playground": false,
        "id": "D67A072F-1910-429E-A657-D63B1E4FCF23",
        "is_wheelchair_accessible": true,
        "name": "Vaffelbua",
        "notes": "",
        "verified": false
      }
    },
    {
      "type": "Feature",
      "geometry": {
        "coordinates": [
          15.7661251,
          68.5301616
        ],
        "type": "Point"
      },
      "properties": {
        "category": "other",
        "description": "",
        "has_changing_area": true,
        "has_child_seats": false,
        "has_nursing_area": false,
        "has_playground": false,
        "id": "A3F90797-133A-424A-888F-D042CD257966",
        "is_wheelchair_accessible": true,
        "name": "Public toilets (with changing table)",
        "notes": "",
        "verified": false
      }
    },
    {
      "type": "Feature",
      "geometry": {
        "coordinates": [
          10.775106,
          59.8915915
        ],
        "type": "Point"
      },
      "properties": {
        "category": "cafe",
        "description": "",
        "has_changing_area": false,
        "has_child_seats": false,
        "has_nursing_area": false,
        "has_playground": false,
        "id": "3F2372F1-F4EB-47A3-A920-6B0C07175EDF",
        "is_wheelchair_accessible": false,
        "name": "Søylehuset Café og Minigolf",
        "notes": "",
        "verified": false
      }
    },
    {
      "type": "Feature",
      "geometry": {
        "coordinates": [
          7.5351968,
          59.2124121
        ],
        "type": "Point"
      },
      "properties": {
        "category": "other",
        "description": "",
        "has_changing_area": true,
        "has_child_seats": false,
        "has_nursing_area": false,
        "has_playground": false,
        "id": "F11E0FB8-E9C3-4A18-979F-537990709549",
        "is_wheelchair_accessible": true,
        "name": "Public toilets (with changing table)",
        "notes": "",
        "verified": false
      }
    },
    {
      "type": "Feature",
      "geometry": {
        "coordinates": [
          10.1596587,
          59.7499552
        ],
        "type": "Point"
      },
      "properties": {
        "category": "playground",
        "description": "",
        "has_changing_area": false,
        "has_child_seats": false,
        "has_nursing_area": false,
        "has_playground": true,
        "id": "8BEF6614-A72C-41C8-A643-442ACB98CBB6",
        "is_wheelchair_accessible": false,
        "name": "Muusøya lekeplass",
        "notes": "",
        "verified": false
      }
    },
    {
      "type": "Feature",
      "geometry": {
        "coordinates": [
          29.6407794,
          69.9738962
        ],
        "type": "Point"
      },
      "properties": {
        "category": "playground",
        "description": "",
        "has_changing_area": false,
        "has_child_seats": false,
        "has_nursing_area": false,
        "has_playground": true,
        "id": "A4A9E937-D1CA-487D-8D78-9BE22AB1E6E0",
        "is_wheelchair_accessible": false,
        "name": "Bugøynes oppvekstsenter",
        "notes": "",
        "verified": false
      }
    },
    {
      "type": "Feature",
      "geometry": {
        "coordinates": [
          7.6642883,
          62.4534877
        ],
        "type": "Point"
      },
      "properties": {
        "category": "other",
        "description": "",
        "has_changing_area": true,
        "has_child_seats": false,
        "has_nursing_area": false,
        "has_playground": false,
        "id": "18FF42D1-FC2F-4AE1-AFAC-D4614EF2E7F4",
        "is_wheelchair_accessible": true,
        "name": "Public toilets (with changing table)",
        "notes": "",
        "verified": false
      }
    },
    {
      "type": "Feature",
      "geometry": {
        "coordinates": [
          5.291801,
          60.3490437
        ],
        "type": "Point"
      },
      "properties": {
        "category": "cafe",
        "description": "",
        "has_changing_area": false,
        "has_child_seats": false,
        "has_nursing_area": false,
        "has_playground": false,
        "id": "464A5592-87A7-4140-8EB2-EC3D2191B74E",
        "is_wheelchair_accessible": false,
        "name": "Cafeen i 2",
        "notes": "",
        "verified": false
      }
    },
    {
      "type": "Feature",
      "geometry": {
        "coordinates": [
          7.0685856,
          58.1357671
        ],
        "type": "Point"
      },
      "properties": {
        "category": "playground",
        "description": "",
        "has_changing_area": false,
        "has_child_seats": false,
        "has_nursing_area": false,
        "has_playground": true,
        "id": "1A678979-6846-4C7D-98B3-90F4ED9BB504",
        "is_wheelchair_accessible": false,
        "name": "Sandkassa",
        "notes": "",
        "verified": false
      }
    },
    {
      "type": "Feature",
      "geometry": {
        "coordinates": [
          8.0408697,
          58.1863784
        ],
        "type": "Point"
      },
      "properties": {
        "category": "playground",
        "description": "",
        "has_changing_area": false,
        "has_child_seats": false,
        "has_nursing_area": false,
        "has_playground": true,
        "id": "766B9D86-259E-4EB4-AD2F-CBD1F48F84EA",
        "is_wheelchair_accessible": false,
        "name": "Flyplassen",
        "notes": "",
        "verified": false
      }
    },
    {
      "type": "Feature",
      "geometry": {
        "coordinates": [
          10.4581126,
          63.4298258
        ],
        "type": "Point"
      },
      "properties": {
        "category": "playground",
        "description": "",
        "has_changing_area": false,
        "has_child_seats": false,
        "has_nursing_area": false,
        "has_playground": true,
        "id": "5A150EE3-2AD3-4ED2-84DE-75FEEC52076A",
        "is_wheelchair_accessible": false,
        "name": "Strindheim hageby barnepark",
        "notes": "",
        "verified": false
      }
    },
    {
      "type": "Feature",
      "geometry": {
        "coordinates": [
          11.042614,
          59.954561
        ],
        "type": "Point"
      },
      "properties": {
        "category": "playground",
        "description": "",
        "has_changing_area": false,
        "has_child_seats": false,
        "has_nursing_area": false,
        "has_playground": true,
        "id": "4FBD1C72-11B8-4723-9322-651BB381C6CE",
        "is_wheelchair_accessible": false,
        "name": "Lillestrøm Bibliotek",
        "notes": "",
        "verified": false
      }
    },
    {
      "type": "Feature",
      "geometry": {
        "coordinates": [
          10.728787,
          59.9269161
        ],
        "type": "Point"
      },
      "properties": {
        "category": "cafe",
        "description": "",
        "has_changing_area": false,
        "has_child_seats": false,
        "has_nursing_area": false,
        "has_playground": false,
        "id": "3A6C7737-A76E-4EEA-889B-155466C829C4",
        "is_wheelchair_accessible": false,
        "name": "Encore Kafe & Konditori Oslo",
        "notes": "",
        "verified": false
      }
    },
    {
      "type": "Feature",
      "geometry": {
        "coordinates": [
          9.9713616,
          59.9323637
        ],
        "type": "Point"
      },
      "properties": {
        "category": "playground",
        "description": "",
        "has_changing_area": false,
        "has_child_seats": false,
        "has_nursing_area": false,
        "has_playground": true,
        "id": "5FDA5958-1EBA-408B-BFCD-A385BA7ACB3D",
        "is_wheelchair_accessible": false,
        "name": "Stasjonsevja Lekeplass",
        "notes": "",
        "verified": false
      }
    },
    {
      "type": "Feature",
      "geometry": {
        "coordinates": [
          5.6974236,
          59.097189
        ],
        "type": "Point"
      },
      "properties": {
        "category": "playground",
        "description": "",
        "has_changing_area": false,
        "has_child_seats": false,
        "has_nursing_area": false,
        "has_playground": true,
        "id": "C58F2DE0-C827-4E37-910B-05FF7A7DFB92",
        "is_wheelchair_accessible": false,
        "name": "Rennesøy folkebibliotek",
        "notes": "",
        "verified": false
      }
    },
    {
      "type": "Feature",
      "geometry": {
        "coordinates": [
          10.7319036,
          59.9133412
        ],
        "type": "Point"
      },
      "properties": {
        "category": "cafe",
        "description": "",
        "has_changing_area": false,
        "has_child_seats": false,
        "has_nursing_area": false,
        "has_playground": false,
        "id": "17ABA6BC-6A76-4BE2-BAC6-687DD0E96E74",
        "is_wheelchair_accessible": false,
        "name": "Lett",
        "notes": "",
        "verified": false
      }
    },
    {
      "type": "Feature",
      "geometry": {
        "coordinates": [
          10.655896,
          59.9509265
        ],
        "type": "Point"
      },
      "properties": {
        "category": "cafe",
        "description": "",
        "has_changing_area": false,
        "has_child_seats": false,
        "has_nursing_area": false,
        "has_playground": false,
        "id": "E2B32BFD-EC59-4F36-8EFD-280DFAE5FA25",
        "is_wheelchair_accessible": false,
        "name": "Il Nonno",
        "notes": "",
        "verified": false
      }
    },
    {
      "type": "Feature",
      "geometry": {
        "coordinates": [
          7.9906743,
          58.1463814
        ],
        "type": "Point"
      },
      "properties": {
        "category": "cafe",
        "description": "",
        "has_changing_area": false,
        "has_child_seats": false,
        "has_nursing_area": false,
        "has_playground": false,
        "id": "5F870914-96EE-4E85-83D1-89E63DD9F261",
        "is_wheelchair_accessible": false,
        "name": "Street Food & Coffee",
        "notes": "",
        "verified": false
      }
    },
    {
      "type": "Feature",
      "geometry": {
        "coordinates": [
          9.625921,
          59.2013451
        ],
        "type": "Point"
      },
      "properties": {
        "category": "playground",
        "description": "",
        "has_changing_area": false,
        "has_child_seats": false,
        "has_nursing_area": false,
        "has_playground": true,
        "id": "E1E70575-A7CE-46A5-8085-3722B215F3C1",
        "is_wheelchair_accessible": false,
        "name": "Kapitelberget",
        "notes": "",
        "verified": false
      }
    },
    {
      "type": "Feature",
      "geometry": {
        "coordinates": [
          10.69316,
          59.950598
        ],
        "type": "Point"
      },
      "properties": {
        "category": "shopping",
        "description": "",
        "has_changing_area": false,
        "has_child_seats": false,
        "has_nursing_area": false,
        "has_playground": false,
        "id": "D647B7BC-3A7F-4C09-BBE7-5B4F4BCCD265",
        "is_wheelchair_accessible": false,
        "name": "Fashionista",
        "notes": "",
        "verified": false
      }
    },
    {
      "type": "Feature",
      "geometry": {
        "coordinates": [
          10.3928639,
          63.4294998
        ],
        "type": "Point"
      },
      "properties": {
        "category": "cafe",
        "description": "",
        "has_changing_area": false,
        "has_child_seats": false,
        "has_nursing_area": false,
        "has_playground": false,
        "id": "E21BCA43-267B-4129-A903-DE0870EF8E9D",
        "is_wheelchair_accessible": false,
        "name": "Kvikk",
        "notes": "",
        "verified": false
      }
    },
    {
      "type": "Feature",
      "geometry": {
        "coordinates": [
          10.7953225,
          59.9272756
        ],
        "type": "Point"
      },
      "properties": {
        "category": "cafe",
        "description": "",
        "has_changing_area": false,
        "has_child_seats": false,
        "has_nursing_area": false,
        "has_playground": false,
        "id": "1C47CBA9-C2BB-4960-B347-456DB831F066",
        "is_wheelchair_accessible": false,
        "name": "Smoothie Zone",
        "notes": "",
        "verified": false
      }
    },
    {
      "type": "Feature",
      "geometry": {
        "coordinates": [
          10.5523671,
          59.5404013
        ],
        "type": "Point"
      },
      "properties": {
        "category": "playground",
        "description": "",
        "has_changing_area": false,
        "has_child_seats": false,
        "has_nursing_area": false,
        "has_playground": true,
        "id": "54495341-0E6C-4273-902A-6EDE575BF4B7",
        "is_wheelchair_accessible": false,
        "name": "Lekeplass",
        "notes": "",
        "verified": false
      }
    },
    {
      "type": "Feature",
      "geometry": {
        "coordinates": [
          10.805072,
          59.9288014
        ],
        "type": "Point"
      },
      "properties": {
        "category": "cafe",
        "description": "",
        "has_changing_area": false,
        "has_child_seats": false,
        "has_nursing_area": false,
        "has_playground": false,
        "id": "FD346971-ABDC-42F0-A199-54BC92322491",
        "is_wheelchair_accessible": false,
        "name": "Frøya Sjømat",
        "notes": "",
        "verified": false
      }
    },
    {
      "type": "Feature",
      "geometry": {
        "coordinates": [
          10.2532214,
          59.7133592
        ],
        "type": "Point"
      },
      "properties": {
        "category": "playground",
        "description": "",
        "has_changing_area": false,
        "has_child_seats": false,
        "has_nursing_area": false,
        "has_playground": true,
        "id": "7BAF4F07-2BC2-4BDE-A7CD-099E2D5169D9",
        "is_wheelchair_accessible": false,
        "name": "Pedros vei lekeplass",
        "notes": "",
        "verified": false
      }
    },
    {
      "type": "Feature",
      "geometry": {
        "coordinates": [
          10.7781515,
          59.9112389
        ],
        "type": "Point"
      },
      "properties": {
        "category": "cafe",
        "description": "",
        "has_changing_area": false,
        "has_child_seats": false,
        "has_nursing_area": false,
        "has_playground": false,
        "id": "16D794BF-C41B-4059-98C8-7DA8AFD9269A",
        "is_wheelchair_accessible": false,
        "name": "Håndbakt",
        "notes": "",
        "verified": false
      }
    },
    {
      "type": "Feature",
      "geometry": {
        "coordinates": [
          10.9364933,
          60.7615658
        ],
        "type": "Point"
      },
      "properties": {
        "category": "playground",
        "description": "",
        "has_changing_area": false,
        "has_child_seats": false,
        "has_nursing_area": false,
        "has_playground": true,
        "id": "2A5C2D3A-7EB0-49F7-B601-D9B95B072988",
        "is_wheelchair_accessible": false,
        "name": "Velstranda lekepark II",
        "notes": "",
        "verified": false
      }
    },
    {
      "type": "Feature",
      "geometry": {
        "coordinates": [
          11.0449334,
          59.9528478
        ],
        "type": "Point"
      },
      "properties": {
        "category": "cafe",
        "description": "",
        "has_changing_area": false,
        "has_child_seats": false,
        "has_nursing_area": false,
        "has_playground": false,
        "id": "D2908553-C351-4207-96D3-F383CDFA1BA5",
        "is_wheelchair_accessible": false,
        "name": "Garcon Express",
        "notes": "",
        "verified": false
      }
    },
    {
      "type": "Feature",
      "geometry": {
        "coordinates": [
          10.7639344,
          59.9337102
        ],
        "type": "Point"
      },
      "properties": {
        "category": "cafe",
        "description": "",
        "has_changing_area": false,
        "has_child_seats": false,
        "has_nursing_area": false,
        "has_playground": false,
        "id": "0FCCC203-6EB4-454B-9856-16F01C53871A",
        "is_wheelchair_accessible": false,
        "name": "Bake Me Up",
        "notes": "",
        "verified": false
      }
    },
    {
      "type": "Feature",
      "geometry": {
        "coordinates": [
          10.3877793,
          63.3791608
        ],
        "type": "Point"
      },
      "properties": {
        "category": "playground",
        "description": "",
        "has_changing_area": false,
        "has_child_seats": false,
        "has_nursing_area": false,
        "has_playground": true,
        "id": "FEF00DFD-B199-46B1-8865-82E5EC4757AE",
        "is_wheelchair_accessible": false,
        "name": "Okstad Park lekeplass",
        "notes": "",
        "verified": false
      }
    },
    {
      "type": "Feature",
      "geometry": {
        "coordinates": [
          8.1492993,
          58.1897541
        ],
        "type": "Point"
      },
      "properties": {
        "category": "cafe",
        "description": "",
        "has_changing_area": false,
        "has_child_seats": false,
        "has_nursing_area": false,
        "has_playground": false,
        "id": "41F19908-CB32-4980-94DA-771436C49B70",
        "is_wheelchair_accessible": false,
        "name": "Bananas Spiseri",
        "notes": "",
        "verified": false
      }
    },
    {
      "type": "Feature",
      "geometry": {
        "coordinates": [
          10.7448459,
          59.9184521
        ],
        "type": "Point"
      },
      "properties": {
        "category": "playground",
        "description": "",
        "has_changing_area": false,
        "has_child_seats": false,
        "has_nursing_area": false,
        "has_playground": true,
        "id": "95428252-24FF-494C-A1F5-0F0672775D4E",
        "is_wheelchair_accessible": false,
        "name": "Lille sunniva",
        "notes": "",
        "verified": false
      }
    },
    {
      "type": "Feature",
      "geometry": {
        "coordinates": [
          8.2073248,
          60.5342961
        ],
        "type": "Point"
      },
      "properties": {
        "category": "cafe",
        "description": "",
        "has_changing_area": true,
        "has_child_seats": false,
        "has_nursing_area": false,
        "has_playground": false,
        "id": "99314014-E586-4B67-BEBE-743563259B57",
        "is_wheelchair_accessible": false,
        "name": "Café Mocca",
        "notes": "",
        "verified": false
      }
    },
    {
      "type": "Feature",
      "geometry": {
        "coordinates": [
          11.0161164,
          59.9569646
        ],
        "type": "Point"
      },
      "properties": {
        "category": "cafe",
        "description": "",
        "has_changing_area": false,
        "has_child_seats": false,
        "has_nursing_area": false,
        "has_playground": false,
        "id": "AD6AE3F4-6CF3-427A-B9DB-8D6430349A38",
        "is_wheelchair_accessible": false,
        "name": "Sorrento",
        "notes": "",
        "verified": false
      }
    },
    {
      "type": "Feature",
      "geometry": {
        "coordinates": [
          10.7396597,
          59.9173203
        ],
        "type": "Point"
      },
      "properties": {
        "category": "cafe",
        "description": "",
        "has_changing_area": false,
        "has_child_seats": false,
        "has_nursing_area": false,
        "has_playground": false,
        "id": "57D649AD-EE42-4CC8-A86B-A0D372DC2E7F",
        "is_wheelchair_accessible": false,
        "name": "Stykke Sentrum",
        "notes": "",
        "verified": false
      }
    },
    {
      "type": "Feature",
      "geometry": {
        "coordinates": [
          5.32411,
          60.409634
        ],
        "type": "Point"
      },
      "properties": {
        "category": "playground",
        "description": "",
        "has_changing_area": false,
        "has_child_seats": false,
        "has_nursing_area": false,
        "has_playground": true,
        "id": "4D6BB3D2-5D29-426A-933D-3FB32669D516",
        "is_wheelchair_accessible": false,
        "name": "Amalie Skrams vei lekeplass",
        "notes": "",
        "verified": false
      }
    },
    {
      "type": "Feature",
      "geometry": {
        "coordinates": [
          10.9486799,
          59.9431854
        ],
        "type": "Point"
      },
      "properties": {
        "category": "cafe",
        "description": "",
        "has_changing_area": false,
        "has_child_seats": false,
        "has_nursing_area": false,
        "has_playground": false,
        "id": "3F75DF30-1D95-455F-8A01-E1A2BEC9A24D",
        "is_wheelchair_accessible": false,
        "name": "1",
        "notes": "",
        "verified": false
      }
    },
    {
      "type": "Feature",
      "geometry": {
        "coordinates": [
          10.3867987,
          59.8416752
        ],
        "type": "Point"
      },
      "properties": {
        "category": "playground",
        "description": "",
        "has_changing_area": false,
        "has_child_seats": false,
        "has_nursing_area": false,
        "has_playground": true,
        "id": "73FD999C-5504-47C0-B0A6-0F1CD1977590",
        "is_wheelchair_accessible": false,
        "name": "zipwire",
        "notes": "",
        "verified": false
      }
    },
    {
      "type": "Feature",
      "geometry": {
        "coordinates": [
          6.2799219,
          58.3495248
        ],
        "type": "Point"
      },
      "properties": {
        "category": "playground",
        "description": "",
        "has_changing_area": false,
        "has_child_seats": false,
        "has_nursing_area": false,
        "has_playground": true,
        "id": "AD95FD3C-11EE-492C-BABC-2D96759BB142",
        "is_wheelchair_accessible": false,
        "name": "Flekken Lekeplass",
        "notes": "",
        "verified": false
      }
    },
    {
      "type": "Feature",
      "geometry": {
        "coordinates": [
          10.999516,
          59.6613202
        ],
        "type": "Point"
      },
      "properties": {
        "category": "playground",
        "description": "",
        "has_changing_area": false,
        "has_child_seats": false,
        "has_nursing_area": false,
        "has_playground": true,
        "id": "CA1B8A19-3D17-4709-885B-498A5C51CA1A",
        "is_wheelchair_accessible": true,
        "name": "Tomter innbyggertorg og bibliotek",
        "notes": "",
        "verified": false
      }
    },
    {
      "type": "Feature",
      "geometry": {
        "coordinates": [
          10.764,
          59.9148
        ],
        "type": "Point"
      },
      "properties": {
        "category": "other",
        "description": "",
        "has_changing_area": false,
        "has_child_seats": false,
        "has_nursing_area": false,
        "has_playground": false,
        "id": "3E8F3F1F-7222-47E1-B124-5D675A1C255C",
        "is_wheelchair_accessible": true,
        "name": "Apotek Grønland",
        "notes": "",
        "verified": false
      }
    },
    {
      "type": "Feature",
      "geometry": {
        "coordinates": [
          7.993869,
          58.145798
        ],
        "type": "Point"
      },
      "properties": {
        "category": "playground",
        "description": "",
        "has_changing_area": false,
        "has_child_seats": false,
        "has_nursing_area": false,
        "has_playground": true,
        "id": "C37B895A-3A9A-405B-9085-7D6D14AAA44A",
        "is_wheelchair_accessible": true,
        "name": "Kristiansand folkebibliotek",
        "notes": "",
        "verified": false
      }
    },
    {
      "type": "Feature",
      "geometry": {
        "coordinates": [
          10.9647137,
          59.2330862
        ],
        "type": "Point"
      },
      "properties": {
        "category": "playground",
        "description": "",
        "has_changing_area": false,
        "has_child_seats": false,
        "has_nursing_area": false,
        "has_playground": true,
        "id": "460EE8A9-CA92-4BA6-A77C-39485FD8BDF0",
        "is_wheelchair_accessible": false,
        "name": "Leie lekepark",
        "notes": "",
        "verified": false
      }
    },
    {
      "type": "Feature",
      "geometry": {
        "coordinates": [
          10.7961772,
          59.9402374
        ],
        "type": "Point"
      },
      "properties": {
        "category": "cafe",
        "description": "",
        "has_changing_area": false,
        "has_child_seats": false,
        "has_nursing_area": false,
        "has_playground": false,
        "id": "E4918309-81CC-4A49-AEEF-B303AE28D194",
        "is_wheelchair_accessible": false,
        "name": "Jorda rundt kafé",
        "notes": "",
        "verified": false
      }
    },
    {
      "type": "Feature",
      "geometry": {
        "coordinates": [
          10.5055623,
          63.40636
        ],
        "type": "Point"
      },
      "properties": {
        "category": "playground",
        "description": "",
        "has_changing_area": false,
        "has_child_seats": false,
        "has_nursing_area": false,
        "has_playground": true,
        "id": "CAD391B5-B373-4AFC-BF94-77ED2C7CD04A",
        "is_wheelchair_accessible": false,
        "name": "Lek 4",
        "notes": "",
        "verified": false
      }
    },
    {
      "type": "Feature",
      "geometry": {
        "coordinates": [
          10.761286,
          59.925984
        ],
        "type": "Point"
      },
      "properties": {
        "category": "cafe",
        "description": "",
        "has_changing_area": false,
        "has_child_seats": false,
        "has_nursing_area": false,
        "has_playground": false,
        "id": "9790A077-BD60-42D3-869F-FA405B70D2ED",
        "is_wheelchair_accessible": false,
        "name": "Cocoa",
        "notes": "",
        "verified": false
      }
    },
    {
      "type": "Feature",
      "geometry": {
        "coordinates": [
          5.208287,
          60.33762
        ],
        "type": "Point"
      },
      "properties": {
        "category": "playground",
        "description": "",
        "has_changing_area": false,
        "has_child_seats": false,
        "has_nursing_area": false,
        "has_playground": true,
        "id": "1DA059E9-1A85-4908-8832-4E77C79222DA",
        "is_wheelchair_accessible": false,
        "name": "Kongsmyren lekeplass",
        "notes": "",
        "verified": false
      }
    },
    {
      "type": "Feature",
      "geometry": {
        "coordinates": [
          5.373591,
          60.360332
        ],
        "type": "Point"
      },
      "properties": {
        "category": "playground",
        "description": "",
        "has_changing_area": false,
        "has_child_seats": false,
        "has_nursing_area": false,
        "has_playground": true,
        "id": "7AF8EB20-C07A-43A8-8F31-A53C511BB7B9",
        "is_wheelchair_accessible": false,
        "name": "Landåslien lekeplass",
        "notes": "",
        "verified": false
      }
    },
    {
      "type": "Feature",
      "geometry": {
        "coordinates": [
          7.0689817,
          58.1384413
        ],
        "type": "Point"
      },
      "properties": {
        "category": "playground",
        "description": "",
        "has_changing_area": false,
        "has_child_seats": false,
        "has_nursing_area": false,
        "has_playground": true,
        "id": "65F57337-3D11-42F1-8191-B299235EB838",
        "is_wheelchair_accessible": true,
        "name": "Lyngdal bibliotek",
        "notes": "",
        "verified": false
      }
    },
    {
      "type": "Feature",
      "geometry": {
        "coordinates": [
          5.352504,
          60.346129
        ],
        "type": "Point"
      },
      "properties": {
        "category": "cafe",
        "description": "",
        "has_changing_area": false,
        "has_child_seats": false,
        "has_nursing_area": false,
        "has_playground": false,
        "id": "55CADF19-D9FC-4211-B5D5-4C410D4260E5",
        "is_wheelchair_accessible": false,
        "name": "Baker Brun",
        "notes": "",
        "verified": false
      }
    },
    {
      "type": "Feature",
      "geometry": {
        "coordinates": [
          9.0691438,
          58.8192569
        ],
        "type": "Point"
      },
      "properties": {
        "category": "playground",
        "description": "",
        "has_changing_area": false,
        "has_child_seats": false,
        "has_nursing_area": false,
        "has_playground": true,
        "id": "C114F485-93F9-4CF4-A038-149D7DF2E080",
        "is_wheelchair_accessible": false,
        "name": "Tretropptrampoline",
        "notes": "",
        "verified": false
      }
    },
    {
      "type": "Feature",
      "geometry": {
        "coordinates": [
          8.3015916,
          60.6151029
        ],
        "type": "Point"
      },
      "properties": {
        "category": "other",
        "description": "",
        "has_changing_area": true,
        "has_child_seats": false,
        "has_nursing_area": false,
        "has_playground": false,
        "id": "F9DE47A8-E6E5-43AF-B05E-17B9DFF79726",
        "is_wheelchair_accessible": true,
        "name": "Public toilets (with changing table)",
        "notes": "",
        "verified": false
      }
    },
    {
      "type": "Feature",
      "geometry": {
        "coordinates": [
          10.3945463,
          63.4355065
        ],
        "type": "Point"
      },
      "properties": {
        "category": "cafe",
        "description": "",
        "has_changing_area": false,
        "has_child_seats": false,
        "has_nursing_area": false,
        "has_playground": false,
        "id": "DA5A245E-9CAB-4E68-A18F-3AFEF6272BD4",
        "is_wheelchair_accessible": false,
        "name": "Skuret",
        "notes": "",
        "verified": false
      }
    },
    {
      "type": "Feature",
      "geometry": {
        "coordinates": [
          10.9447728,
          59.1410635
        ],
        "type": "Point"
      },
      "properties": {
        "category": "playground",
        "description": "",
        "has_changing_area": false,
        "has_child_seats": false,
        "has_nursing_area": false,
        "has_playground": true,
        "id": "AEB5B53A-03FC-45DA-842C-C6A4B4B65535",
        "is_wheelchair_accessible": false,
        "name": "Kjøkøy Lekeplass",
        "notes": "",
        "verified": false
      }
    },
    {
      "type": "Feature",
      "geometry": {
        "coordinates": [
          7.7651817,
          63.1077082
        ],
        "type": "Point"
      },
      "properties": {
        "category": "playground",
        "description": "",
        "has_changing_area": false,
        "has_child_seats": false,
        "has_nursing_area": false,
        "has_playground": true,
        "id": "4DC6A210-ACDE-4208-ADE9-9B256BA0ED06",
        "is_wheelchair_accessible": false,
        "name": "Barnebasen",
        "notes": "",
        "verified": false
      }
    },
    {
      "type": "Feature",
      "geometry": {
        "coordinates": [
          18.953255,
          69.647529
        ],
        "type": "Point"
      },
      "properties": {
        "category": "cafe",
        "description": "",
        "has_changing_area": false,
        "has_child_seats": false,
        "has_nursing_area": false,
        "has_playground": false,
        "id": "8A74C6EE-DE51-419F-812E-F417044CD131",
        "is_wheelchair_accessible": false,
        "name": "Lett og Mett",
        "notes": "",
        "verified": false
      }
    },
    {
      "type": "Feature",
      "geometry": {
        "coordinates": [
          10.402797,
          63.433518
        ],
        "type": "Point"
      },
      "properties": {
        "category": "cafe",
        "description": "",
        "has_changing_area": false,
        "has_child_seats": false,
        "has_nursing_area": false,
        "has_playground": false,
        "id": "2EBAD353-6022-4049-9E45-12BD8CE44D69",
        "is_wheelchair_accessible": false,
        "name": "Baroque",
        "notes": "",
        "verified": false
      }
    },
    {
      "type": "Feature",
      "geometry": {
        "coordinates": [
          9.91949,
          59.7727224
        ],
        "type": "Point"
      },
      "properties": {
        "category": "playground",
        "description": "",
        "has_changing_area": false,
        "has_child_seats": false,
        "has_nursing_area": false,
        "has_playground": true,
        "id": "576D0EB1-E09D-4F4C-9064-4D1DD32B7BE1",
        "is_wheelchair_accessible": false,
        "name": "Hokksund Camping lekeplass",
        "notes": "",
        "verified": false
      }
    },
    {
      "type": "Feature",
      "geometry": {
        "coordinates": [
          10.3979344,
          63.4310452
        ],
        "type": "Point"
      },
      "properties": {
        "category": "cafe",
        "description": "",
        "has_changing_area": true,
        "has_child_seats": true,
        "has_nursing_area": false,
        "has_playground": false,
        "id": "ED80C808-C96F-4DAC-B6C2-1BB3B86EA69E",
        "is_wheelchair_accessible": true,
        "name": "Espresso House Nordre gate",
        "notes": "",
        "verified": false
      }
    },
    {
      "type": "Feature",
      "geometry": {
        "coordinates": [
          7.0698264,
          58.1377494
        ],
        "type": "Point"
      },
      "properties": {
        "category": "shopping",
        "description": "",
        "has_changing_area": false,
        "has_child_seats": false,
        "has_nursing_area": false,
        "has_playground": false,
        "id": "CCE41F9B-247B-408C-9485-798267CDFA60",
        "is_wheelchair_accessible": false,
        "name": "Fabienne",
        "notes": "",
        "verified": false
      }
    },
    {
      "type": "Feature",
      "geometry": {
        "coordinates": [
          10.8419271,
          59.8357747
        ],
        "type": "Point"
      },
      "properties": {
        "category": "cafe",
        "description": "",
        "has_changing_area": false,
        "has_child_seats": false,
        "has_nursing_area": false,
        "has_playground": false,
        "id": "8F8264BB-9849-4666-A6A3-0B965BF07A07",
        "is_wheelchair_accessible": false,
        "name": "Grytelokket",
        "notes": "",
        "verified": false
      }
    },
    {
      "type": "Feature",
      "geometry": {
        "coordinates": [
          8.072213,
          58.1280035
        ],
        "type": "Point"
      },
      "properties": {
        "category": "playground",
        "description": "",
        "has_changing_area": false,
        "has_child_seats": false,
        "has_nursing_area": false,
        "has_playground": true,
        "id": "50C6D3F3-E8FD-4EB9-8A2E-A5BD86401AD6",
        "is_wheelchair_accessible": false,
        "name": "Lekepark",
        "notes": "",
        "verified": false
      }
    },
    {
      "type": "Feature",
      "geometry": {
        "coordinates": [
          10.4109046,
          63.4272943
        ],
        "type": "Point"
      },
      "properties": {
        "category": "cafe",
        "description": "",
        "has_changing_area": false,
        "has_child_seats": false,
        "has_nursing_area": false,
        "has_playground": false,
        "id": "5546A4CF-D0D2-47ED-9997-97A88EB23548",
        "is_wheelchair_accessible": true,
        "name": "Vertshuset Festningen",
        "notes": "",
        "verified": false
      }
    },
    {
      "type": "Feature",
      "geometry": {
        "coordinates": [
          5.2725349,
          60.3943503
        ],
        "type": "Point"
      },
      "properties": {
        "category": "playground",
        "description": "",
        "has_changing_area": false,
        "has_child_seats": false,
        "has_nursing_area": false,
        "has_playground": true,
        "id": "8564A591-13E7-4D9C-8103-81C6B25FA693",
        "is_wheelchair_accessible": true,
        "name": "Aktivitetsområde",
        "notes": "",
        "verified": false
      }
    },
    {
      "type": "Feature",
      "geometry": {
        "coordinates": [
          7.9942143,
          58.146864
        ],
        "type": "Point"
      },
      "properties": {
        "category": "cafe",
        "description": "",
        "has_changing_area": false,
        "has_child_seats": false,
        "has_nursing_area": false,
        "has_playground": false,
        "id": "F1DD4404-1D8B-405C-AB7E-0C183F6B0AF5",
        "is_wheelchair_accessible": false,
        "name": "will.i.juice",
        "notes": "",
        "verified": false
      }
    },
    {
      "type": "Feature",
      "geometry": {
        "coordinates": [
          6.6608927,
          58.2949059
        ],
        "type": "Point"
      },
      "properties": {
        "category": "playground",
        "description": "",
        "has_changing_area": false,
        "has_child_seats": false,
        "has_nursing_area": false,
        "has_playground": true,
        "id": "F91B5664-56B0-43FF-A310-7AB109FD15C4",
        "is_wheelchair_accessible": false,
        "name": "Flekkefjord bibliotek",
        "notes": "",
        "verified": false
      }
    },
    {
      "type": "Feature",
      "geometry": {
        "coordinates": [
          10.6530791,
          59.9456073
        ],
        "type": "Point"
      },
      "properties": {
        "category": "playground",
        "description": "",
        "has_changing_area": false,
        "has_child_seats": false,
        "has_nursing_area": false,
        "has_playground": true,
        "id": "19174C18-B277-400C-9CA1-1590C1B85894",
        "is_wheelchair_accessible": false,
        "name": "Store skolegård",
        "notes": "",
        "verified": false
      }
    },
    {
      "type": "Feature",
      "geometry": {
        "coordinates": [
          10.763644,
          59.9141127
        ],
        "type": "Point"
      },
      "properties": {
        "category": "cafe",
        "description": "",
        "has_changing_area": false,
        "has_child_seats": false,
        "has_nursing_area": false,
        "has_playground": false,
        "id": "804FBCBA-0C47-45A4-9186-A0A364D02EE6",
        "is_wheelchair_accessible": true,
        "name": "Spes Cafe",
        "notes": "",
        "verified": false
      }
    },
    {
      "type": "Feature",
      "geometry": {
        "coordinates": [
          10.4408947,
          63.4455933
        ],
        "type": "Point"
      },
      "properties": {
        "category": "playground",
        "description": "",
        "has_changing_area": false,
        "has_child_seats": false,
        "has_nursing_area": false,
        "has_playground": true,
        "id": "DA3EAC03-1A72-4DAF-A8F1-608951F9F599",
        "is_wheelchair_accessible": false,
        "name": "Minimanesjen",
        "notes": "",
        "verified": false
      }
    },
    {
      "type": "Feature",
      "geometry": {
        "coordinates": [
          10.6859125,
          59.9025387
        ],
        "type": "Point"
      },
      "properties": {
        "category": "cafe",
        "description": "",
        "has_changing_area": false,
        "has_child_seats": false,
        "has_nursing_area": false,
        "has_playground": false,
        "id": "28AA9914-4D74-43AA-B996-9B64216A380D",
        "is_wheelchair_accessible": false,
        "name": "Bygdøy Kolonial",
        "notes": "",
        "verified": false
      }
    },
    {
      "type": "Feature",
      "geometry": {
        "coordinates": [
          5.2669305,
          59.4292356
        ],
        "type": "Point"
      },
      "properties": {
        "category": "playground",
        "description": "",
        "has_changing_area": false,
        "has_child_seats": false,
        "has_nursing_area": false,
        "has_playground": true,
        "id": "F1960D4A-40BC-43DB-BCF0-7DDB05EDAFA8",
        "is_wheelchair_accessible": false,
        "name": "Gardtunet lekeplass",
        "notes": "",
        "verified": false
      }
    },
    {
      "type": "Feature",
      "geometry": {
        "coordinates": [
          10.7188518,
          59.9121185
        ],
        "type": "Point"
      },
      "properties": {
        "category": "cafe",
        "description": "",
        "has_changing_area": false,
        "has_child_seats": false,
        "has_nursing_area": false,
        "has_playground": false,
        "id": "92EE0FB1-C45F-45AB-A8DC-8A42F4D4C4B1",
        "is_wheelchair_accessible": false,
        "name": "Bib roastery",
        "notes": "",
        "verified": false
      }
    },
    {
      "type": "Feature",
      "geometry": {
        "coordinates": [
          10.7527577,
          59.9104802
        ],
        "type": "Point"
      },
      "properties": {
        "category": "cafe",
        "description": "",
        "has_changing_area": false,
        "has_child_seats": false,
        "has_nursing_area": false,
        "has_playground": false,
        "id": "B6A53ACD-13DC-4D93-B023-0E0719A06097",
        "is_wheelchair_accessible": false,
        "name": "La Baguette",
        "notes": "",
        "verified": false
      }
    },
    {
      "type": "Feature",
      "geometry": {
        "coordinates": [
          10.7493408,
          59.9314508
        ],
        "type": "Point"
      },
      "properties": {
        "category": "cafe",
        "description": "",
        "has_changing_area": false,
        "has_child_seats": false,
        "has_nursing_area": false,
        "has_playground": false,
        "id": "AB1C39B1-9160-4C35-8C3F-CC7AE4B0B4C2",
        "is_wheelchair_accessible": false,
        "name": "Hernández",
        "notes": "",
        "verified": false
      }
    },
    {
      "type": "Feature",
      "geometry": {
        "coordinates": [
          10.715317,
          59.927633
        ],
        "type": "Point"
      },
      "properties": {
        "category": "cafe",
        "description": "",
        "has_changing_area": false,
        "has_child_seats": false,
        "has_nursing_area": false,
        "has_playground": false,
        "id": "3918B4EE-4F25-4A61-AC70-0F4EB82102FA",
        "is_wheelchair_accessible": false,
        "name": "Crispy Crust",
        "notes": "",
        "verified": false
      }
    },
    {
      "type": "Feature",
      "geometry": {
        "coordinates": [
          8.0267158,
          58.2003128
        ],
        "type": "Point"
      },
      "properties": {
        "category": "playground",
        "description": "",
        "has_changing_area": false,
        "has_child_seats": false,
        "has_nursing_area": false,
        "has_playground": true,
        "id": "D3137D4D-0E29-4591-BD84-D8CC789636DE",
        "is_wheelchair_accessible": false,
        "name": "Kvasleveien lekeplass",
        "notes": "",
        "verified": false
      }
    },
    {
      "type": "Feature",
      "geometry": {
        "coordinates": [
          5.307695,
          60.396271
        ],
        "type": "Point"
      },
      "properties": {
        "category": "playground",
        "description": "",
        "has_changing_area": false,
        "has_child_seats": false,
        "has_nursing_area": false,
        "has_playground": true,
        "id": "8FC98088-57A5-42E8-9B73-BBE6F8E641F3",
        "is_wheelchair_accessible": false,
        "name": "Georgernes verft lekeplass",
        "notes": "",
        "verified": false
      }
    },
    {
      "type": "Feature",
      "geometry": {
        "coordinates": [
          10.4085691,
          59.881907
        ],
        "type": "Point"
      },
      "properties": {
        "category": "cafe",
        "description": "",
        "has_changing_area": false,
        "has_child_seats": false,
        "has_nursing_area": false,
        "has_playground": false,
        "id": "24E6DB50-7EF6-49B4-8986-2E289D30B26C",
        "is_wheelchair_accessible": false,
        "name": "Furuholmen",
        "notes": "",
        "verified": false
      }
    },
    {
      "type": "Feature",
      "geometry": {
        "coordinates": [
          7.0683545,
          60.4677238
        ],
        "type": "Point"
      },
      "properties": {
        "category": "other",
        "description": "",
        "has_changing_area": true,
        "has_child_seats": false,
        "has_nursing_area": false,
        "has_playground": false,
        "id": "3FE79D6A-93DC-40F1-BA16-120C67DBA5DD",
        "is_wheelchair_accessible": true,
        "name": "Public toilets (with changing table)",
        "notes": "",
        "verified": false
      }
    },
    {
      "type": "Feature",
      "geometry": {
        "coordinates": [
          5.6917805,
          58.9806901
        ],
        "type": "Point"
      },
      "properties": {
        "category": "cafe",
        "description": "",
        "has_changing_area": false,
        "has_child_seats": false,
        "has_nursing_area": false,
        "has_playground": false,
        "id": "DD5A79B2-D23E-4AFA-8911-0F8ACE834636",
        "is_wheelchair_accessible": false,
        "name": "Reinskau",
        "notes": "",
        "verified": false
      }
    },
    {
      "type": "Feature",
      "geometry": {
        "coordinates": [
          10.1970601,
          59.7375224
        ],
        "type": "Point"
      },
      "properties": {
        "category": "playground",
        "description": "",
        "has_changing_area": false,
        "has_child_seats": false,
        "has_nursing_area": false,
        "has_playground": true,
        "id": "4FA8D851-3990-40CD-B3DC-50FD6D60F3F9",
        "is_wheelchair_accessible": false,
        "name": "Karl Gundersen lekeplass",
        "notes": "",
        "verified": false
      }
    },
    {
      "type": "Feature",
      "geometry": {
        "coordinates": [
          10.8498999,
          60.7223119
        ],
        "type": "Point"
      },
      "properties": {
        "category": "playground",
        "description": "",
        "has_changing_area": false,
        "has_child_seats": false,
        "has_nursing_area": false,
        "has_playground": true,
        "id": "1A1866BA-78C6-4B99-AD07-67D3FF60EE5F",
        "is_wheelchair_accessible": false,
        "name": "Hekshus Lekeplass",
        "notes": "",
        "verified": false
      }
    },
    {
      "type": "Feature",
      "geometry": {
        "coordinates": [
          7.1586651,
          62.7372762
        ],
        "type": "Point"
      },
      "properties": {
        "category": "cafe",
        "description": "",
        "has_changing_area": true,
        "has_child_seats": true,
        "has_nursing_area": false,
        "has_playground": false,
        "id": "0B813B0E-7554-4027-87EF-83733DD69501",
        "is_wheelchair_accessible": true,
        "name": "Espresso House Moldetorget",
        "notes": "",
        "verified": false
      }
    },
    {
      "type": "Feature",
      "geometry": {
        "coordinates": [
          10.7238634,
          59.9598925
        ],
        "type": "Point"
      },
      "properties": {
        "category": "cafe",
        "description": "",
        "has_changing_area": false,
        "has_child_seats": false,
        "has_nursing_area": false,
        "has_playground": false,
        "id": "6D56F05A-2CD3-47C6-9263-22FE99A8CB8E",
        "is_wheelchair_accessible": false,
        "name": "Kafé Utsikten",
        "notes": "",
        "verified": false
      }
    },
    {
      "type": "Feature",
      "geometry": {
        "coordinates": [
          10.776098,
          59.9145327
        ],
        "type": "Point"
      },
      "properties": {
        "category": "cafe",
        "description": "",
        "has_changing_area": false,
        "has_child_seats": false,
        "has_nursing_area": false,
        "has_playground": false,
        "id": "BBD0F77D-9D9B-4914-92DC-AB4841F24FBA",
        "is_wheelchair_accessible": false,
        "name": "Nordby på Tøyen",
        "notes": "",
        "verified": false
      }
    },
    {
      "type": "Feature",
      "geometry": {
        "coordinates": [
          10.7635535,
          59.9332945
        ],
        "type": "Point"
      },
      "properties": {
        "category": "cafe",
        "description": "",
        "has_changing_area": false,
        "has_child_seats": false,
        "has_nursing_area": false,
        "has_playground": false,
        "id": "332B4111-6D88-47CC-B318-4F5F2867BA32",
        "is_wheelchair_accessible": false,
        "name": "Grytelokket",
        "notes": "",
        "verified": false
      }
    },
    {
      "type": "Feature",
      "geometry": {
        "coordinates": [
          18.9079533,
          69.6799578
        ],
        "type": "Point"
      },
      "properties": {
        "category": "cafe",
        "description": "",
        "has_changing_area": false,
        "has_child_seats": false,
        "has_nursing_area": false,
        "has_playground": false,
        "id": "FBCC9C11-C4BD-4B68-B829-02E5F4F21E8F",
        "is_wheelchair_accessible": false,
        "name": "Herfra",
        "notes": "",
        "verified": false
      }
    },
    {
      "type": "Feature",
      "geometry": {
        "coordinates": [
          11.0503419,
          59.9506189
        ],
        "type": "Point"
      },
      "properties": {
        "category": "cafe",
        "description": "",
        "has_changing_area": false,
        "has_child_seats": false,
        "has_nursing_area": false,
        "has_playground": false,
        "id": "ECDDD72C-AC6D-4BF2-BF66-F2639D087AB2",
        "is_wheelchair_accessible": false,
        "name": "Lobby",
        "notes": "",
        "verified": false
      }
    },
    {
      "type": "Feature",
      "geometry": {
        "coordinates": [
          12.1590744,
          61.3233439
        ],
        "type": "Point"
      },
      "properties": {
        "category": "playground",
        "description": "",
        "has_changing_area": false,
        "has_child_seats": false,
        "has_nursing_area": false,
        "has_playground": true,
        "id": "468AAA56-5BC4-4FB9-A62F-0CB43D163EF5",
        "is_wheelchair_accessible": false,
        "name": "child ski area",
        "notes": "",
        "verified": false
      }
    },
    {
      "type": "Feature",
      "geometry": {
        "coordinates": [
          10.397448,
          63.430796
        ],
        "type": "Point"
      },
      "properties": {
        "category": "cafe",
        "description": "",
        "has_changing_area": false,
        "has_child_seats": false,
        "has_nursing_area": false,
        "has_playground": false,
        "id": "20AB4ED5-4A47-4B8D-9E6F-7068339EDF64",
        "is_wheelchair_accessible": true,
        "name": "Dromedar Nordre",
        "notes": "",
        "verified": false
      }
    },
    {
      "type": "Feature",
      "geometry": {
        "coordinates": [
          10.708786,
          59.9185455
        ],
        "type": "Point"
      },
      "properties": {
        "category": "cafe",
        "description": "",
        "has_changing_area": false,
        "has_child_seats": true,
        "has_nursing_area": false,
        "has_playground": false,
        "id": "7D2F404D-0CA5-4051-9974-F3EE426B4166",
        "is_wheelchair_accessible": true,
        "name": "W.B. Samson",
        "notes": "",
        "verified": false
      }
    },
    {
      "type": "Feature",
      "geometry": {
        "coordinates": [
          10.837418,
          59.7197395
        ],
        "type": "Point"
      },
      "properties": {
        "category": "cafe",
        "description": "",
        "has_changing_area": false,
        "has_child_seats": false,
        "has_nursing_area": false,
        "has_playground": false,
        "id": "A90C3C5D-BD34-4525-A427-5D64B37F5663",
        "is_wheelchair_accessible": false,
        "name": "Cafe Sjarm",
        "notes": "",
        "verified": false
      }
    },
    {
      "type": "Feature",
      "geometry": {
        "coordinates": [
          6.3541673,
          59.6507649
        ],
        "type": "Point"
      },
      "properties": {
        "category": "shopping",
        "description": "",
        "has_changing_area": false,
        "has_child_seats": false,
        "has_nursing_area": false,
        "has_playground": false,
        "id": "CAE32366-D221-43B0-B9CB-B35A1228599B",
        "is_wheelchair_accessible": false,
        "name": "Nøtteliten",
        "notes": "",
        "verified": false
      }
    },
    {
      "type": "Feature",
      "geometry": {
        "coordinates": [
          10.3175684,
          63.3949234
        ],
        "type": "Point"
      },
      "properties": {
        "category": "cafe",
        "description": "",
        "has_changing_area": false,
        "has_child_seats": false,
        "has_nursing_area": false,
        "has_playground": false,
        "id": "8F4E359E-92C2-4D48-80F5-BCCC043D529A",
        "is_wheelchair_accessible": false,
        "name": "Hauken utfartshytte",
        "notes": "",
        "verified": false
      }
    },
    {
      "type": "Feature",
      "geometry": {
        "coordinates": [
          10.237831,
          59.7255984
        ],
        "type": "Point"
      },
      "properties": {
        "category": "playground",
        "description": "",
        "has_changing_area": false,
        "has_child_seats": false,
        "has_nursing_area": false,
        "has_playground": true,
        "id": "7E39D6E1-065B-4259-A7A5-3E26A8B91B25",
        "is_wheelchair_accessible": false,
        "name": "Ulvekula",
        "notes": "",
        "verified": false
      }
    },
    {
      "type": "Feature",
      "geometry": {
        "coordinates": [
          10.7861201,
          59.903389
        ],
        "type": "Point"
      },
      "properties": {
        "category": "cafe",
        "description": "",
        "has_changing_area": false,
        "has_child_seats": false,
        "has_nursing_area": false,
        "has_playground": false,
        "id": "18FEEA2C-B717-496A-84E1-008BFE3D5074",
        "is_wheelchair_accessible": false,
        "name": "Åpent Bakeri",
        "notes": "",
        "verified": false
      }
    },
    {
      "type": "Feature",
      "geometry": {
        "coordinates": [
          10.7521536,
          59.9223338
        ],
        "type": "Point"
      },
      "properties": {
        "category": "cafe",
        "description": "",
        "has_changing_area": false,
        "has_child_seats": false,
        "has_nursing_area": false,
        "has_playground": false,
        "id": "BBAA5920-4DD9-43D4-92FF-AED415C740B9",
        "is_wheelchair_accessible": false,
        "name": "Obento Box",
        "notes": "",
        "verified": false
      }
    },
    {
      "type": "Feature",
      "geometry": {
        "coordinates": [
          10.3908227,
          63.4329569
        ],
        "type": "Point"
      },
      "properties": {
        "category": "cafe",
        "description": "",
        "has_changing_area": false,
        "has_child_seats": false,
        "has_nursing_area": false,
        "has_playground": false,
        "id": "94B81057-767E-490D-825B-426C40803EC2",
        "is_wheelchair_accessible": true,
        "name": "Coffee Annan",
        "notes": "",
        "verified": false
      }
    },
    {
      "type": "Feature",
      "geometry": {
        "coordinates": [
          5.7189834,
          58.8604606
        ],
        "type": "Point"
      },
      "properties": {
        "category": "playground",
        "description": "",
        "has_changing_area": false,
        "has_child_seats": false,
        "has_nursing_area": false,
        "has_playground": true,
        "id": "F527A433-EB9C-4314-AD1D-A7893D86BA03",
        "is_wheelchair_accessible": false,
        "name": "Tulipanveien Lekeplass",
        "notes": "",
        "verified": false
      }
    },
    {
      "type": "Feature",
      "geometry": {
        "coordinates": [
          18.958733,
          69.651046
        ],
        "type": "Point"
      },
      "properties": {
        "category": "cafe",
        "description": "",
        "has_changing_area": false,
        "has_child_seats": false,
        "has_nursing_area": false,
        "has_playground": false,
        "id": "5308EDF2-7B61-4A96-84D9-CB68622F047B",
        "is_wheelchair_accessible": false,
        "name": "Torg Huken",
        "notes": "",
        "verified": false
      }
    },
    {
      "type": "Feature",
      "geometry": {
        "coordinates": [
          10.9213434,
          63.4540332
        ],
        "type": "Point"
      },
      "properties": {
        "category": "other",
        "description": "",
        "has_changing_area": true,
        "has_child_seats": false,
        "has_nursing_area": false,
        "has_playground": false,
        "id": "6AC46D3C-D471-492A-B5FE-3BA50A1D0B49",
        "is_wheelchair_accessible": true,
        "name": "Public toilets (with changing table)",
        "notes": "",
        "verified": false
      }
    },
    {
      "type": "Feature",
      "geometry": {
        "coordinates": [
          8.440189,
          60.4070528
        ],
        "type": "Point"
      },
      "properties": {
        "category": "other",
        "description": "",
        "has_changing_area": true,
        "has_child_seats": false,
        "has_nursing_area": false,
        "has_playground": false,
        "id": "56A2AB08-11D5-4A31-878B-13FEAA10820C",
        "is_wheelchair_accessible": false,
        "name": "Public toilets (with changing table)",
        "notes": "",
        "verified": false
      }
    },
    {
      "type": "Feature",
      "geometry": {
        "coordinates": [
          10.7771213,
          59.909116
        ],
        "type": "Point"
      },
      "properties": {
        "category": "other",
        "description": "",
        "has_changing_area": true,
        "has_child_seats": false,
        "has_nursing_area": false,
        "has_playground": false,
        "id": "01EA5B97-48C3-458B-8732-AB9725656CC5",
        "is_wheelchair_accessible": true,
        "name": "Public toilets (with changing table)",
        "notes": "",
        "verified": false
      }
    },
    {
      "type": "Feature",
      "geometry": {
        "coordinates": [
          10.9992645,
          59.8186642
        ],
        "type": "Point"
      },
      "properties": {
        "category": "cafe",
        "description": "",
        "has_changing_area": false,
        "has_child_seats": false,
        "has_nursing_area": false,
        "has_playground": false,
        "id": "027C0B34-2727-4A34-AA9C-DFBB3A33D92E",
        "is_wheelchair_accessible": false,
        "name": "Vangen",
        "notes": "",
        "verified": false
      }
    },
    {
      "type": "Feature",
      "geometry": {
        "coordinates": [
          11.0051257,
          59.4322667
        ],
        "type": "Point"
      },
      "properties": {
        "category": "playground",
        "description": "",
        "has_changing_area": false,
        "has_child_seats": false,
        "has_nursing_area": false,
        "has_playground": true,
        "id": "FC0AAA61-811A-4D41-99A7-EE0BF22BE487",
        "is_wheelchair_accessible": false,
        "name": "Fosseberget lekeplass",
        "notes": "",
        "verified": false
      }
    },
    {
      "type": "Feature",
      "geometry": {
        "coordinates": [
          10.5889042,
          59.8401231
        ],
        "type": "Point"
      },
      "properties": {
        "category": "shopping",
        "description": "",
        "has_changing_area": false,
        "has_child_seats": false,
        "has_nursing_area": false,
        "has_playground": false,
        "id": "8DB16D6C-AD49-482E-BE0B-201DFE35086D",
        "is_wheelchair_accessible": true,
        "name": "Gåsungene",
        "notes": "",
        "verified": false
      }
    },
    {
      "type": "Feature",
      "geometry": {
        "coordinates": [
          5.5214376,
          59.7954455
        ],
        "type": "Point"
      },
      "properties": {
        "category": "playground",
        "description": "",
        "has_changing_area": false,
        "has_child_seats": false,
        "has_nursing_area": false,
        "has_playground": true,
        "id": "68D9E3C6-90AB-4B23-B9B8-821962DEA720",
        "is_wheelchair_accessible": false,
        "name": "Hystadvegen Lekeplass",
        "notes": "",
        "verified": false
      }
    },
    {
      "type": "Feature",
      "geometry": {
        "coordinates": [
          7.1228508,
          60.7354412
        ],
        "type": "Point"
      },
      "properties": {
        "category": "other",
        "description": "",
        "has_changing_area": true,
        "has_child_seats": false,
        "has_nursing_area": false,
        "has_playground": false,
        "id": "D525A270-8846-43AD-8773-1875515BC641",
        "is_wheelchair_accessible": true,
        "name": "Public toilets (with changing table)",
        "notes": "",
        "verified": false
      }
    },
    {
      "type": "Feature",
      "geometry": {
        "coordinates": [
          8.2320584,
          58.3292334
        ],
        "type": "Point"
      },
      "properties": {
        "category": "playground",
        "description": "",
        "has_changing_area": false,
        "has_child_seats": false,
        "has_nursing_area": false,
        "has_playground": true,
        "id": "602051EF-4DDA-4E4F-BE83-6D289A55D489",
        "is_wheelchair_accessible": false,
        "name": "Birkenes folkebibliotek",
        "notes": "",
        "verified": false
      }
    },
    {
      "type": "Feature",
      "geometry": {
        "coordinates": [
          13.2018396,
          65.8631338
        ],
        "type": "Point"
      },
      "properties": {
        "category": "playground",
        "description": "",
        "has_changing_area": false,
        "has_child_seats": false,
        "has_nursing_area": false,
        "has_playground": true,
        "id": "02658547-4517-445E-9C5F-CC60B6EA411C",
        "is_wheelchair_accessible": false,
        "name": "Dalenget",
        "notes": "",
        "verified": false
      }
    },
    {
      "type": "Feature",
      "geometry": {
        "coordinates": [
          7.4010244,
          58.4207221
        ],
        "type": "Point"
      },
      "properties": {
        "category": "playground",
        "description": "",
        "has_changing_area": false,
        "has_child_seats": false,
        "has_nursing_area": false,
        "has_playground": true,
        "id": "E865FB20-C638-40A5-B7CC-98ADD0C9A643",
        "is_wheelchair_accessible": false,
        "name": "Audnedal folkebibliotek",
        "notes": "",
        "verified": false
      }
    },
    {
      "type": "Feature",
      "geometry": {
        "coordinates": [
          10.396813,
          63.432065
        ],
        "type": "Point"
      },
      "properties": {
        "category": "cafe",
        "description": "",
        "has_changing_area": false,
        "has_child_seats": false,
        "has_nursing_area": false,
        "has_playground": false,
        "id": "FD1D0BC4-950A-4664-A953-6D6297680DC6",
        "is_wheelchair_accessible": false,
        "name": "Bristol Conditori",
        "notes": "",
        "verified": false
      }
    },
    {
      "type": "Feature",
      "geometry": {
        "coordinates": [
          5.5387444,
          60.0400709
        ],
        "type": "Point"
      },
      "properties": {
        "category": "playground",
        "description": "",
        "has_changing_area": false,
        "has_child_seats": false,
        "has_nursing_area": false,
        "has_playground": true,
        "id": "76BBB281-5870-443C-81AC-8B2FFC3973CC",
        "is_wheelchair_accessible": false,
        "name": "Tysnes folkebibliotek",
        "notes": "",
        "verified": false
      }
    },
    {
      "type": "Feature",
      "geometry": {
        "coordinates": [
          10.7290077,
          59.7374138
        ],
        "type": "Point"
      },
      "properties": {
        "category": "cafe",
        "description": "",
        "has_changing_area": false,
        "has_child_seats": false,
        "has_nursing_area": false,
        "has_playground": false,
        "id": "D2636C36-B0BE-4358-A914-DB516206F688",
        "is_wheelchair_accessible": false,
        "name": "Breivoll gård",
        "notes": "",
        "verified": false
      }
    },
    {
      "type": "Feature",
      "geometry": {
        "coordinates": [
          5.302157,
          60.3995508
        ],
        "type": "Point"
      },
      "properties": {
        "category": "playground",
        "description": "",
        "has_changing_area": false,
        "has_child_seats": false,
        "has_nursing_area": false,
        "has_playground": true,
        "id": "D6115D26-01FA-46BE-BB98-702CA8A2952F",
        "is_wheelchair_accessible": false,
        "name": "Nordnesparken lekeområde",
        "notes": "",
        "verified": false
      }
    },
    {
      "type": "Feature",
      "geometry": {
        "coordinates": [
          10.68447,
          59.919816
        ],
        "type": "Point"
      },
      "properties": {
        "category": "cafe",
        "description": "",
        "has_changing_area": false,
        "has_child_seats": false,
        "has_nursing_area": false,
        "has_playground": false,
        "id": "91294C1F-06CE-4A13-94A9-5E952700DAC4",
        "is_wheelchair_accessible": true,
        "name": "Baker Hansen",
        "notes": "",
        "verified": false
      }
    },
    {
      "type": "Feature",
      "geometry": {
        "coordinates": [
          10.7955278,
          59.9415378
        ],
        "type": "Point"
      },
      "properties": {
        "category": "cafe",
        "description": "",
        "has_changing_area": false,
        "has_child_seats": false,
        "has_nursing_area": false,
        "has_playground": false,
        "id": "918CC970-A2FD-4896-85BD-D5BE74C4349D",
        "is_wheelchair_accessible": false,
        "name": "Kaffe & Brød",
        "notes": "",
        "verified": false
      }
    },
    {
      "type": "Feature",
      "geometry": {
        "coordinates": [
          5.3077348,
          60.3830948
        ],
        "type": "Point"
      },
      "properties": {
        "category": "playground",
        "description": "",
        "has_changing_area": false,
        "has_child_seats": false,
        "has_nursing_area": false,
        "has_playground": true,
        "id": "799D3D7F-01A0-4D48-A081-BCB9AD088519",
        "is_wheelchair_accessible": false,
        "name": "Frydenbøveien lekeplass",
        "notes": "",
        "verified": false
      }
    },
    {
      "type": "Feature",
      "geometry": {
        "coordinates": [
          10.4032192,
          63.4330581
        ],
        "type": "Point"
      },
      "properties": {
        "category": "cafe",
        "description": "",
        "has_changing_area": false,
        "has_child_seats": false,
        "has_nursing_area": false,
        "has_playground": false,
        "id": "733EC580-5EF6-4E6B-8C9C-8654C89B6FDA",
        "is_wheelchair_accessible": false,
        "name": "Boba Joy",
        "notes": "",
        "verified": false
      }
    },
    {
      "type": "Feature",
      "geometry": {
        "coordinates": [
          10.74021,
          59.923817
        ],
        "type": "Point"
      },
      "properties": {
        "category": "cafe",
        "description": "",
        "has_changing_area": false,
        "has_child_seats": false,
        "has_nursing_area": false,
        "has_playground": false,
        "id": "F03C69EB-9CD8-468F-8958-41538EFF15E9",
        "is_wheelchair_accessible": false,
        "name": "Rouleur Oslo",
        "notes": "",
        "verified": false
      }
    },
    {
      "type": "Feature",
      "geometry": {
        "coordinates": [
          10.7284082,
          59.920329
        ],
        "type": "Point"
      },
      "properties": {
        "category": "cafe",
        "description": "",
        "has_changing_area": false,
        "has_child_seats": false,
        "has_nursing_area": false,
        "has_playground": false,
        "id": "47502E4C-E550-491F-9E7F-59A4091D67AC",
        "is_wheelchair_accessible": true,
        "name": "Kafe Oslo",
        "notes": "",
        "verified": false
      }
    },
    {
      "type": "Feature",
      "geometry": {
        "coordinates": [
          5.317835,
          60.3940629
        ],
        "type": "Point"
      },
      "properties": {
        "category": "cafe",
        "description": "",
        "has_changing_area": false,
        "has_child_seats": false,
        "has_nursing_area": false,
        "has_playground": false,
        "id": "CE78F4CC-70BD-404D-BA6F-EC7252F86469",
        "is_wheelchair_accessible": false,
        "name": "Baker Brun",
        "notes": "",
        "verified": false
      }
    },
    {
      "type": "Feature",
      "geometry": {
        "coordinates": [
          10.3475673,
          59.5200311
        ],
        "type": "Point"
      },
      "properties": {
        "category": "playground",
        "description": "",
        "has_changing_area": false,
        "has_child_seats": false,
        "has_nursing_area": false,
        "has_playground": true,
        "id": "5A0E2249-781F-4A58-BC95-47028E185BE8",
        "is_wheelchair_accessible": false,
        "name": "Lekeplassen",
        "notes": "",
        "verified": false
      }
    },
    {
      "type": "Feature",
      "geometry": {
        "coordinates": [
          10.760244,
          59.9208605
        ],
        "type": "Point"
      },
      "properties": {
        "category": "playground",
        "description": "",
        "has_changing_area": false,
        "has_child_seats": false,
        "has_nursing_area": false,
        "has_playground": true,
        "id": "0EABFE79-4E9F-4AFF-BCA3-7AC8F2B37596",
        "is_wheelchair_accessible": true,
        "name": "Deichman Grünerløkka",
        "notes": "",
        "verified": false
      }
    },
    {
      "type": "Feature",
      "geometry": {
        "coordinates": [
          10.772,
          59.947
        ],
        "type": "Point"
      },
      "properties": {
        "category": "other",
        "description": "",
        "has_changing_area": false,
        "has_child_seats": false,
        "has_nursing_area": false,
        "has_playground": false,
        "id": "1B0E1C8F-1C53-4CAD-9B3F-A4F8EAF72F69",
        "is_wheelchair_accessible": true,
        "name": "Kiwi Storo",
        "notes": "",
        "verified": false
      }
    },
    {
      "type": "Feature",
      "geometry": {
        "coordinates": [
          10.7463081,
          59.9099938
        ],
        "type": "Point"
      },
      "properties": {
        "category": "cafe",
        "description": "",
        "has_changing_area": false,
        "has_child_seats": false,
        "has_nursing_area": false,
        "has_playground": false,
        "id": "0FB81913-493A-41A2-86E6-66FF3248971A",
        "is_wheelchair_accessible": false,
        "name": "Pascal",
        "notes": "",
        "verified": false
      }
    },
    {
      "type": "Feature",
      "geometry": {
        "coordinates": [
          8.1339335,
          58.1794481
        ],
        "type": "Point"
      },
      "properties": {
        "category": "cafe",
        "description": "",
        "has_changing_area": false,
        "has_child_seats": false,
        "has_nursing_area": false,
        "has_playground": false,
        "id": "53099AF9-CE79-4A68-9256-BF3F23D36640",
        "is_wheelchair_accessible": false,
        "name": "Cafe Opus",
        "notes": "",
        "verified": false
      }
    },
    {
      "type": "Feature",
      "geometry": {
        "coordinates": [
          10.7816092,
          59.9075473
        ],
        "type": "Point"
      },
      "properties": {
        "category": "cafe",
        "description": "",
        "has_changing_area": false,
        "has_child_seats": false,
        "has_nursing_area": false,
        "has_playground": false,
        "id": "0642B831-602A-49EF-BE1B-DE92C2275D42",
        "is_wheelchair_accessible": false,
        "name": "Kiosk",
        "notes": "",
        "verified": false
      }
    },
    {
      "type": "Feature",
      "geometry": {
        "coordinates": [
          5.333862,
          60.302647
        ],
        "type": "Point"
      },
      "properties": {
        "category": "playground",
        "description": "",
        "has_changing_area": false,
        "has_child_seats": false,
        "has_nursing_area": false,
        "has_playground": true,
        "id": "1256A478-22BC-4EB6-9E4F-D2D19EDF2568",
        "is_wheelchair_accessible": false,
        "name": "Skjold husmor barnepark",
        "notes": "",
        "verified": false
      }
    },
    {
      "type": "Feature",
      "geometry": {
        "coordinates": [
          11.1871239,
          60.2550741
        ],
        "type": "Point"
      },
      "properties": {
        "category": "playground",
        "description": "",
        "has_changing_area": false,
        "has_child_seats": false,
        "has_nursing_area": false,
        "has_playground": true,
        "id": "09928D36-E111-4EF8-BDDF-443E332FC8BC",
        "is_wheelchair_accessible": false,
        "name": "Lekeplass- Bjørnsrud Skog R4",
        "notes": "",
        "verified": false
      }
    },
    {
      "type": "Feature",
      "geometry": {
        "coordinates": [
          10.417207,
          63.410868
        ],
        "type": "Point"
      },
      "properties": {
        "category": "cafe",
        "description": "",
        "has_changing_area": false,
        "has_child_seats": false,
        "has_nursing_area": false,
        "has_playground": false,
        "id": "27F6E28D-B77A-4DA8-B78F-B9702BF3134C",
        "is_wheelchair_accessible": false,
        "name": "Toscana",
        "notes": "",
        "verified": false
      }
    },
    {
      "type": "Feature",
      "geometry": {
        "coordinates": [
          10.7504048,
          59.9090099
        ],
        "type": "Point"
      },
      "properties": {
        "category": "playground",
        "description": "",
        "has_changing_area": false,
        "has_child_seats": false,
        "has_nursing_area": false,
        "has_playground": true,
        "id": "654F2A48-1062-4EB9-82AB-9FE53BC15C6F",
        "is_wheelchair_accessible": false,
        "name": "Deichman Bjørvika",
        "notes": "",
        "verified": false
      }
    },
    {
      "type": "Feature",
      "geometry": {
        "coordinates": [
          5.7246252,
          58.9534356
        ],
        "type": "Point"
      },
      "properties": {
        "category": "cafe",
        "description": "",
        "has_changing_area": false,
        "has_child_seats": false,
        "has_nursing_area": false,
        "has_playground": false,
        "id": "254DE6A7-0C5F-42FA-9388-10F4328CD48A",
        "is_wheelchair_accessible": false,
        "name": "Hagehuset",
        "notes": "",
        "verified": false
      }
    },
    {
      "type": "Feature",
      "geometry": {
        "coordinates": [
          10.715944,
          59.927298
        ],
        "type": "Point"
      },
      "properties": {
        "category": "cafe",
        "description": "",
        "has_changing_area": false,
        "has_child_seats": false,
        "has_nursing_area": false,
        "has_playground": false,
        "id": "C12357D8-14D2-40CF-8379-16583789136A",
        "is_wheelchair_accessible": false,
        "name": "The Fragrance Of The Heart",
        "notes": "",
        "verified": false
      }
    },
    {
      "type": "Feature",
      "geometry": {
        "coordinates": [
          9.1273134,
          62.0739429
        ],
        "type": "Point"
      },
      "properties": {
        "category": "other",
        "description": "",
        "has_changing_area": true,
        "has_child_seats": false,
        "has_nursing_area": false,
        "has_playground": false,
        "id": "1C59BA64-ADFE-4297-BA6D-A41AF88CBCF7",
        "is_wheelchair_accessible": false,
        "name": "Public toilets (with changing table)",
        "notes": "",
        "verified": false
      }
    },
    {
      "type": "Feature",
      "geometry": {
        "coordinates": [
          10.7227394,
          59.8740026
        ],
        "type": "Point"
      },
      "properties": {
        "category": "other",
        "description": "",
        "has_changing_area": true,
        "has_child_seats": false,
        "has_nursing_area": false,
        "has_playground": false,
        "id": "45EC4CDD-91A7-43B7-9AFB-FA48DB6D0FB9",
        "is_wheelchair_accessible": false,
        "name": "Public toilets (with changing table)",
        "notes": "",
        "verified": false
      }
    },
    {
      "type": "Feature",
      "geometry": {
        "coordinates": [
          11.2290377,
          59.9840471
        ],
        "type": "Point"
      },
      "properties": {
        "category": "playground",
        "description": "",
        "has_changing_area": false,
        "has_child_seats": false,
        "has_nursing_area": false,
        "has_playground": true,
        "id": "2B8655F6-B9A7-4D6B-B7F8-18BBD87F8D98",
        "is_wheelchair_accessible": false,
        "name": "Lekeplass Råstykkje",
        "notes": "",
        "verified": false
      }
    },
    {
      "type": "Feature",
      "geometry": {
        "coordinates": [
          7.814976,
          58.096633
        ],
        "type": "Point"
      },
      "properties": {
        "category": "playground",
        "description": "",
        "has_changing_area": false,
        "has_child_seats": false,
        "has_nursing_area": false,
        "has_playground": true,
        "id": "280B5DB6-5606-42AE-8646-97C642CBAEB8",
        "is_wheelchair_accessible": false,
        "name": "Søgne bibliotek",
        "notes": "",
        "verified": false
      }
    },
    {
      "type": "Feature",
      "geometry": {
        "coordinates": [
          10.7192093,
          59.9279691
        ],
        "type": "Point"
      },
      "properties": {
        "category": "cafe",
        "description": "",
        "has_changing_area": false,
        "has_child_seats": false,
        "has_nursing_area": false,
        "has_playground": false,
        "id": "E7FA5D14-9CEB-4493-94FF-39A24CE02080",
        "is_wheelchair_accessible": false,
        "name": "Arket",
        "notes": "",
        "verified": false
      }
    },
    {
      "type": "Feature",
      "geometry": {
        "coordinates": [
          5.320886,
          60.391887
        ],
        "type": "Point"
      },
      "properties": {
        "category": "cafe",
        "description": "",
        "has_changing_area": false,
        "has_child_seats": false,
        "has_nursing_area": false,
        "has_playground": false,
        "id": "25E0A882-761A-4822-9CB1-E9FA69500B90",
        "is_wheelchair_accessible": false,
        "name": "Royal Doner",
        "notes": "",
        "verified": false
      }
    },
    {
      "type": "Feature",
      "geometry": {
        "coordinates": [
          10.8369025,
          59.717434
        ],
        "type": "Point"
      },
      "properties": {
        "category": "other",
        "description": "",
        "has_changing_area": true,
        "has_child_seats": false,
        "has_nursing_area": false,
        "has_playground": false,
        "id": "ED5B606F-242A-4FDB-ADB4-1707B892DAA2",
        "is_wheelchair_accessible": true,
        "name": "Ski storsenter",
        "notes": "",
        "verified": false
      }
    },
    {
      "type": "Feature",
      "geometry": {
        "coordinates": [
          5.3244961,
          60.3800083
        ],
        "type": "Point"
      },
      "properties": {
        "category": "cafe",
        "description": "",
        "has_changing_area": false,
        "has_child_seats": true,
        "has_nursing_area": false,
        "has_playground": false,
        "id": "F98C0AC2-1DED-44C6-8074-FDCD90C98505",
        "is_wheelchair_accessible": true,
        "name": "Godt Brød",
        "notes": "",
        "verified": false
      }
    },
    {
      "type": "Feature",
      "geometry": {
        "coordinates": [
          9.9713359,
          59.0022926
        ],
        "type": "Point"
      },
      "properties": {
        "category": "playground",
        "description": "",
        "has_changing_area": false,
        "has_child_seats": false,
        "has_nursing_area": false,
        "has_playground": true,
        "id": "7274F1AD-97A5-4051-8168-C107BF00751F",
        "is_wheelchair_accessible": false,
        "name": "Akebakken",
        "notes": "",
        "verified": false
      }
    },
    {
      "type": "Feature",
      "geometry": {
        "coordinates": [
          8.7644343,
          58.4598787
        ],
        "type": "Point"
      },
      "properties": {
        "category": "cafe",
        "description": "",
        "has_changing_area": true,
        "has_child_seats": true,
        "has_nursing_area": false,
        "has_playground": false,
        "id": "502831CF-AA42-49DE-9CDE-B5C50365FCBA",
        "is_wheelchair_accessible": true,
        "name": "Espresso House Arendal",
        "notes": "",
        "verified": false
      }
    },
    {
      "type": "Feature",
      "geometry": {
        "coordinates": [
          10.3571418,
          63.4213872
        ],
        "type": "Point"
      },
      "properties": {
        "category": "cafe",
        "description": "",
        "has_changing_area": false,
        "has_child_seats": false,
        "has_nursing_area": false,
        "has_playground": false,
        "id": "6D9D9475-F91B-4EDF-B608-69C18E7F783C",
        "is_wheelchair_accessible": true,
        "name": "Café Borgstua",
        "notes": "",
        "verified": false
      }
    },
    {
      "type": "Feature",
      "geometry": {
        "coordinates": [
          10.7222278,
          59.9324952
        ],
        "type": "Point"
      },
      "properties": {
        "category": "cafe",
        "description": "",
        "has_changing_area": false,
        "has_child_seats": false,
        "has_nursing_area": false,
        "has_playground": false,
        "id": "56DD633E-2944-488D-8605-18228901835A",
        "is_wheelchair_accessible": false,
        "name": "St1 Marienlyst",
        "notes": "",
        "verified": false
      }
    },
    {
      "type": "Feature",
      "geometry": {
        "coordinates": [
          10.8357725,
          59.7179334
        ],
        "type": "Point"
      },
      "properties": {
        "category": "cafe",
        "description": "",
        "has_changing_area": false,
        "has_child_seats": false,
        "has_nursing_area": false,
        "has_playground": false,
        "id": "B6411193-644A-4A6A-B092-7DC662E46807",
        "is_wheelchair_accessible": false,
        "name": "Stockfleths",
        "notes": "",
        "verified": false
      }
    },
    {
      "type": "Feature",
      "geometry": {
        "coordinates": [
          9.1368804,
          58.8599903
        ],
        "type": "Point"
      },
      "properties": {
        "category": "other",
        "description": "",
        "has_changing_area": true,
        "has_child_seats": false,
        "has_nursing_area": false,
        "has_playground": false,
        "id": "FDCB26CB-5003-4BD4-9744-F1443B086BA0",
        "is_wheelchair_accessible": true,
        "name": "Public toilets (with changing table)",
        "notes": "",
        "verified": false
      }
    },
    {
      "type": "Feature",
      "geometry": {
        "coordinates": [
          10.7536853,
          59.9134526
        ],
        "type": "Point"
      },
      "properties": {
        "category": "cafe",
        "description": "",
        "has_changing_area": false,
        "has_child_seats": false,
        "has_nursing_area": false,
        "has_playground": false,
        "id": "E781B21E-342C-44F6-BA78-9E68014757B2",
        "is_wheelchair_accessible": false,
        "name": "Hana Bakeri",
        "notes": "",
        "verified": false
      }
    },
    {
      "type": "Feature",
      "geometry": {
        "coordinates": [
          6.0848738,
          59.4116579
        ],
        "type": "Point"
      },
      "properties": {
        "category": "playground",
        "description": "",
        "has_changing_area": false,
        "has_child_seats": false,
        "has_nursing_area": false,
        "has_playground": true,
        "id": "A0E63829-9288-43AE-A96A-6B4F742F2A6D",
        "is_wheelchair_accessible": false,
        "name": "Ryfylkebiblioteket Suldal, Ropeidhalvøya filial",
        "notes": "",
        "verified": false
      }
    },
    {
      "type": "Feature",
      "geometry": {
        "coordinates": [
          5.3527024,
          60.3628213
        ],
        "type": "Point"
      },
      "properties": {
        "category": "playground",
        "description": "",
        "has_changing_area": false,
        "has_child_seats": false,
        "has_nursing_area": false,
        "has_playground": true,
        "id": "F515094E-07B1-4C35-93FF-03E90D8C7A25",
        "is_wheelchair_accessible": false,
        "name": "Nicolaysens vei lekeplass",
        "notes": "",
        "verified": false
      }
    },
    {
      "type": "Feature",
      "geometry": {
        "coordinates": [
          5.6341776,
          58.664016
        ],
        "type": "Point"
      },
      "properties": {
        "category": "playground",
        "description": "",
        "has_changing_area": false,
        "has_child_seats": false,
        "has_nursing_area": false,
        "has_playground": true,
        "id": "6270B3C6-9AD1-4124-9CB5-C6363A34F1D5",
        "is_wheelchair_accessible": false,
        "name": "Hå folkebibliotek",
        "notes": "",
        "verified": false
      }
    },
    {
      "type": "Feature",
      "geometry": {
        "coordinates": [
          10.2264795,
          59.1296499
        ],
        "type": "Point"
      },
      "properties": {
        "category": "cafe",
        "description": "",
        "has_changing_area": true,
        "has_child_seats": true,
        "has_nursing_area": false,
        "has_playground": false,
        "id": "43D11A99-7948-431A-A0BB-92F9734144F0",
        "is_wheelchair_accessible": true,
        "name": "Espresso House Hvaltorvet",
        "notes": "",
        "verified": false
      }
    },
    {
      "type": "Feature",
      "geometry": {
        "coordinates": [
          5.325482,
          60.392991
        ],
        "type": "Point"
      },
      "properties": {
        "category": "cafe",
        "description": "",
        "has_changing_area": false,
        "has_child_seats": false,
        "has_nursing_area": false,
        "has_playground": false,
        "id": "5762CE61-074A-4673-A6D5-EE36324D0C75",
        "is_wheelchair_accessible": false,
        "name": "Kaffelade",
        "notes": "",
        "verified": false
      }
    },
    {
      "type": "Feature",
      "geometry": {
        "coordinates": [
          7.964665,
          58.110014
        ],
        "type": "Point"
      },
      "properties": {
        "category": "cafe",
        "description": "",
        "has_changing_area": false,
        "has_child_seats": false,
        "has_nursing_area": false,
        "has_playground": false,
        "id": "D9856372-0778-40C5-B6D1-4785AB50604C",
        "is_wheelchair_accessible": false,
        "name": "Møvig Mat",
        "notes": "",
        "verified": false
      }
    },
    {
      "type": "Feature",
      "geometry": {
        "coordinates": [
          10.89738,
          59.941072
        ],
        "type": "Point"
      },
      "properties": {
        "category": "playground",
        "description": "",
        "has_changing_area": false,
        "has_child_seats": false,
        "has_nursing_area": false,
        "has_playground": true,
        "id": "4051FF01-9A61-4F5F-AFB6-9893A893A2C7",
        "is_wheelchair_accessible": false,
        "name": "Furuset bibliotek og aktivitetshus - FUBIAK",
        "notes": "",
        "verified": false
      }
    },
    {
      "type": "Feature",
      "geometry": {
        "coordinates": [
          10.9167047,
          59.828622
        ],
        "type": "Point"
      },
      "properties": {
        "category": "cafe",
        "description": "",
        "has_changing_area": false,
        "has_child_seats": false,
        "has_nursing_area": false,
        "has_playground": false,
        "id": "DD44808C-9FA6-4C5D-AA77-8421456DF5F8",
        "is_wheelchair_accessible": false,
        "name": "Sandbakken",
        "notes": "",
        "verified": false
      }
    },
    {
      "type": "Feature",
      "geometry": {
        "coordinates": [
          5.3597089,
          60.400545
        ],
        "type": "Point"
      },
      "properties": {
        "category": "cafe",
        "description": "",
        "has_changing_area": false,
        "has_child_seats": false,
        "has_nursing_area": false,
        "has_playground": false,
        "id": "7C7F20B9-F2C7-484F-A221-B7983BD73D66",
        "is_wheelchair_accessible": false,
        "name": "Brushytten",
        "notes": "",
        "verified": false
      }
    },
    {
      "type": "Feature",
      "geometry": {
        "coordinates": [
          10.939561,
          60.7716738
        ],
        "type": "Point"
      },
      "properties": {
        "category": "playground",
        "description": "",
        "has_changing_area": false,
        "has_child_seats": false,
        "has_nursing_area": false,
        "has_playground": true,
        "id": "82F53B66-70EB-43E0-BE75-2C72468A3E58",
        "is_wheelchair_accessible": false,
        "name": "Klingenberg",
        "notes": "",
        "verified": false
      }
    },
    {
      "type": "Feature",
      "geometry": {
        "coordinates": [
          5.6949131,
          58.9382424
        ],
        "type": "Point"
      },
      "properties": {
        "category": "playground",
        "description": "",
        "has_changing_area": false,
        "has_child_seats": false,
        "has_nursing_area": false,
        "has_playground": true,
        "id": "18C120FA-5F69-437C-943E-020FB03CD70F",
        "is_wheelchair_accessible": false,
        "name": "Universitetsbibliotek",
        "notes": "",
        "verified": false
      }
    },
    {
      "type": "Feature",
      "geometry": {
        "coordinates": [
          11.0613994,
          59.9286592
        ],
        "type": "Point"
      },
      "properties": {
        "category": "cafe",
        "description": "",
        "has_changing_area": false,
        "has_child_seats": false,
        "has_nursing_area": false,
        "has_playground": false,
        "id": "D33EE054-FFA4-4795-9746-C266ABAAA124",
        "is_wheelchair_accessible": false,
        "name": "Indus",
        "notes": "",
        "verified": false
      }
    },
    {
      "type": "Feature",
      "geometry": {
        "coordinates": [
          10.4851788,
          59.92388
        ],
        "type": "Point"
      },
      "properties": {
        "category": "cafe",
        "description": "",
        "has_changing_area": false,
        "has_child_seats": true,
        "has_nursing_area": false,
        "has_playground": false,
        "id": "452D2D2B-B277-4979-A3A1-D5740EE4CCA6",
        "is_wheelchair_accessible": true,
        "name": "W.B. Samson",
        "notes": "",
        "verified": false
      }
    },
    {
      "type": "Feature",
      "geometry": {
        "coordinates": [
          10.5784776,
          59.9192641
        ],
        "type": "Point"
      },
      "properties": {
        "category": "playground",
        "description": "",
        "has_changing_area": false,
        "has_child_seats": false,
        "has_nursing_area": false,
        "has_playground": true,
        "id": "20078C65-A480-4DEB-BF0A-36BEBC46A02D",
        "is_wheelchair_accessible": false,
        "name": "Gjønnesparken Lekeplass",
        "notes": "",
        "verified": false
      }
    },
    {
      "type": "Feature",
      "geometry": {
        "coordinates": [
          7.9954997,
          58.1414849
        ],
        "type": "Point"
      },
      "properties": {
        "category": "cafe",
        "description": "",
        "has_changing_area": false,
        "has_child_seats": false,
        "has_nursing_area": false,
        "has_playground": false,
        "id": "736D1817-56DE-47DE-8DA4-FA0098D940C1",
        "is_wheelchair_accessible": false,
        "name": "Bymisjonkaféen",
        "notes": "",
        "verified": false
      }
    },
    {
      "type": "Feature",
      "geometry": {
        "coordinates": [
          11.4954194,
          64.466163
        ],
        "type": "Point"
      },
      "properties": {
        "category": "playground",
        "description": "",
        "has_changing_area": false,
        "has_child_seats": false,
        "has_nursing_area": false,
        "has_playground": true,
        "id": "93B16E5C-B832-4A98-8428-2204773FFBDF",
        "is_wheelchair_accessible": false,
        "name": "Festplassen",
        "notes": "",
        "verified": false
      }
    },
    {
      "type": "Feature",
      "geometry": {
        "coordinates": [
          10.6189095,
          59.9466882
        ],
        "type": "Point"
      },
      "properties": {
        "category": "playground",
        "description": "",
        "has_changing_area": false,
        "has_child_seats": false,
        "has_nursing_area": false,
        "has_playground": true,
        "id": "EC0BEA69-A96C-4BEB-9657-23553B94F912",
        "is_wheelchair_accessible": true,
        "name": "Bærum bibliotek, Eiksmarka",
        "notes": "",
        "verified": false
      }
    },
    {
      "type": "Feature",
      "geometry": {
        "coordinates": [
          7.9937267,
          58.1470763
        ],
        "type": "Point"
      },
      "properties": {
        "category": "cafe",
        "description": "",
        "has_changing_area": false,
        "has_child_seats": false,
        "has_nursing_area": false,
        "has_playground": false,
        "id": "4F927FAF-B7DD-4114-A720-AFF9227EB86C",
        "is_wheelchair_accessible": false,
        "name": "Drømmeplassen",
        "notes": "",
        "verified": false
      }
    },
    {
      "type": "Feature",
      "geometry": {
        "coordinates": [
          10.3967748,
          63.3983749
        ],
        "type": "Point"
      },
      "properties": {
        "category": "cafe",
        "description": "",
        "has_changing_area": false,
        "has_child_seats": false,
        "has_nursing_area": false,
        "has_playground": false,
        "id": "02ABAF03-436F-4448-A3A6-099AB4A92E09",
        "is_wheelchair_accessible": false,
        "name": "Flor Kafé",
        "notes": "",
        "verified": false
      }
    },
    {
      "type": "Feature",
      "geometry": {
        "coordinates": [
          5.26715,
          60.376823
        ],
        "type": "Point"
      },
      "properties": {
        "category": "playground",
        "description": "",
        "has_changing_area": false,
        "has_child_seats": false,
        "has_nursing_area": false,
        "has_playground": true,
        "id": "A409D314-C958-4B7C-892B-46C677D6F7E6",
        "is_wheelchair_accessible": false,
        "name": "Lyngbø lekeplass",
        "notes": "",
        "verified": false
      }
    },
    {
      "type": "Feature",
      "geometry": {
        "coordinates": [
          10.3117203,
          63.3782336
        ],
        "type": "Point"
      },
      "properties": {
        "category": "cafe",
        "description": "",
        "has_changing_area": false,
        "has_child_seats": false,
        "has_nursing_area": false,
        "has_playground": false,
        "id": "E7FB958C-D987-4972-AE5D-C39196606949",
        "is_wheelchair_accessible": false,
        "name": "Sparebank1-hytta",
        "notes": "",
        "verified": false
      }
    },
    {
      "type": "Feature",
      "geometry": {
        "coordinates": [
          5.6947417,
          58.9461225
        ],
        "type": "Point"
      },
      "properties": {
        "category": "playground",
        "description": "",
        "has_changing_area": false,
        "has_child_seats": false,
        "has_nursing_area": false,
        "has_playground": true,
        "id": "9214D3E6-05F3-49C0-800D-5E09EBE45A17",
        "is_wheelchair_accessible": false,
        "name": "Lekeplassen i Springarstien",
        "notes": "",
        "verified": false
      }
    },
    {
      "type": "Feature",
      "geometry": {
        "coordinates": [
          10.9617166,
          59.9271667
        ],
        "type": "Point"
      },
      "properties": {
        "category": "shopping",
        "description": "",
        "has_changing_area": false,
        "has_child_seats": false,
        "has_nursing_area": false,
        "has_playground": false,
        "id": "408000FE-E609-44AC-869F-7CA393FF22ED",
        "is_wheelchair_accessible": true,
        "name": "Extra Leker",
        "notes": "",
        "verified": false
      }
    },
    {
      "type": "Feature",
      "geometry": {
        "coordinates": [
          10.774783,
          59.9474256
        ],
        "type": "Point"
      },
      "properties": {
        "category": "shopping",
        "description": "",
        "has_changing_area": false,
        "has_child_seats": false,
        "has_nursing_area": false,
        "has_playground": false,
        "id": "D01843D9-02BB-44EA-8C55-BCB06B353C0E",
        "is_wheelchair_accessible": true,
        "name": "Ringo Leker",
        "notes": "",
        "verified": false
      }
    },
    {
      "type": "Feature",
      "geometry": {
        "coordinates": [
          18.9738241,
          69.6807022
        ],
        "type": "Point"
      },
      "properties": {
        "category": "cafe",
        "description": "",
        "has_changing_area": false,
        "has_child_seats": false,
        "has_nursing_area": false,
        "has_playground": false,
        "id": "82849C50-ED62-47A5-9AEE-0A1754A62419",
        "is_wheelchair_accessible": false,
        "name": "ISV-kafeen",
        "notes": "",
        "verified": false
      }
    },
    {
      "type": "Feature",
      "geometry": {
        "coordinates": [
          10.720135,
          59.9167
        ],
        "type": "Point"
      },
      "properties": {
        "category": "cafe",
        "description": "",
        "has_changing_area": false,
        "has_child_seats": false,
        "has_nursing_area": false,
        "has_playground": false,
        "id": "DA3306D8-E28A-4877-A31A-783BF3BB198B",
        "is_wheelchair_accessible": false,
        "name": "Åpent Bakeri",
        "notes": "",
        "verified": false
      }
    },
    {
      "type": "Feature",
      "geometry": {
        "coordinates": [
          10.7737229,
          59.9431616
        ],
        "type": "Point"
      },
      "properties": {
        "category": "cafe",
        "description": "",
        "has_changing_area": false,
        "has_child_seats": false,
        "has_nursing_area": false,
        "has_playground": false,
        "id": "3FC9CF98-F5AF-4BE9-AB34-D157B64CA12D",
        "is_wheelchair_accessible": false,
        "name": "Røverkaffe",
        "notes": "",
        "verified": false
      }
    },
    {
      "type": "Feature",
      "geometry": {
        "coordinates": [
          18.9264024,
          69.6564211
        ],
        "type": "Point"
      },
      "properties": {
        "category": "playground",
        "description": "",
        "has_changing_area": false,
        "has_child_seats": false,
        "has_nursing_area": false,
        "has_playground": true,
        "id": "26851A27-4F2F-45C4-AF41-2E8683931FA2",
        "is_wheelchair_accessible": false,
        "name": "Brinkvegen lekeplass",
        "notes": "",
        "verified": false
      }
    },
    {
      "type": "Feature",
      "geometry": {
        "coordinates": [
          5.7124593,
          58.8600629
        ],
        "type": "Point"
      },
      "properties": {
        "category": "playground",
        "description": "",
        "has_changing_area": false,
        "has_child_seats": false,
        "has_nursing_area": false,
        "has_playground": true,
        "id": "107F4603-42A9-477C-AD10-3D3A91BDB067",
        "is_wheelchair_accessible": false,
        "name": "Tusenfrydveien Lekeplass",
        "notes": "",
        "verified": false
      }
    },
    {
      "type": "Feature",
      "geometry": {
        "coordinates": [
          5.367199,
          60.353575
        ],
        "type": "Point"
      },
      "properties": {
        "category": "cafe",
        "description": "",
        "has_changing_area": false,
        "has_child_seats": false,
        "has_nursing_area": false,
        "has_playground": false,
        "id": "1E0DD0C1-A8AD-4928-869C-B3A592E6C75D",
        "is_wheelchair_accessible": false,
        "name": "Eltekroken – Bakst & Børst",
        "notes": "",
        "verified": false
      }
    },
    {
      "type": "Feature",
      "geometry": {
        "coordinates": [
          18.1186974,
          68.4282271
        ],
        "type": "Point"
      },
      "properties": {
        "category": "other",
        "description": "",
        "has_changing_area": true,
        "has_child_seats": false,
        "has_nursing_area": false,
        "has_playground": false,
        "id": "550DD779-C8D7-4C21-B321-4D801F2AB8E6",
        "is_wheelchair_accessible": true,
        "name": "ICA Nära Riksgränsen",
        "notes": "",
        "verified": false
      }
    },
    {
      "type": "Feature",
      "geometry": {
        "coordinates": [
          5.322634,
          60.401217
        ],
        "type": "Point"
      },
      "properties": {
        "category": "cafe",
        "description": "",
        "has_changing_area": false,
        "has_child_seats": false,
        "has_nursing_area": false,
        "has_playground": false,
        "id": "EFC7685A-20DA-4795-88E7-CAD1FAE9A16C",
        "is_wheelchair_accessible": false,
        "name": "Sandviken Food House",
        "notes": "",
        "verified": false
      }
    },
    {
      "type": "Feature",
      "geometry": {
        "coordinates": [
          5.3010351,
          60.381926
        ],
        "type": "Point"
      },
      "properties": {
        "category": "playground",
        "description": "",
        "has_changing_area": false,
        "has_child_seats": false,
        "has_nursing_area": false,
        "has_playground": true,
        "id": "57FE7E3C-AEBA-4A29-A17A-73BA5EDA58BA",
        "is_wheelchair_accessible": false,
        "name": "Herman Grans vei sør lekeplass",
        "notes": "",
        "verified": false
      }
    },
    {
      "type": "Feature",
      "geometry": {
        "coordinates": [
          10.7040729,
          59.9249258
        ],
        "type": "Point"
      },
      "properties": {
        "category": "cafe",
        "description": "",
        "has_changing_area": false,
        "has_child_seats": true,
        "has_nursing_area": false,
        "has_playground": false,
        "id": "FF7CDF26-3805-4696-8882-007661CE675D",
        "is_wheelchair_accessible": true,
        "name": "Anne på landet",
        "notes": "",
        "verified": false
      }
    },
    {
      "type": "Feature",
      "geometry": {
        "coordinates": [
          10.661041,
          59.856395
        ],
        "type": "Point"
      },
      "properties": {
        "category": "shopping",
        "description": "",
        "has_changing_area": false,
        "has_child_seats": false,
        "has_nursing_area": false,
        "has_playground": false,
        "id": "63FD9EE4-EDE4-407A-B6B6-EFDAFEFBA26A",
        "is_wheelchair_accessible": true,
        "name": "Yes! vi leker",
        "notes": "",
        "verified": false
      }
    },
    {
      "type": "Feature",
      "geometry": {
        "coordinates": [
          10.4626787,
          63.4402459
        ],
        "type": "Point"
      },
      "properties": {
        "category": "cafe",
        "description": "",
        "has_changing_area": false,
        "has_child_seats": false,
        "has_nursing_area": false,
        "has_playground": false,
        "id": "3654854C-0DC1-46E9-AEB6-4DAD68BB7A31",
        "is_wheelchair_accessible": false,
        "name": "Café Benoni",
        "notes": "",
        "verified": false
      }
    },
    {
      "type": "Feature",
      "geometry": {
        "coordinates": [
          14.4184069,
          67.2964982
        ],
        "type": "Point"
      },
      "properties": {
        "category": "playground",
        "description": "",
        "has_changing_area": false,
        "has_child_seats": false,
        "has_nursing_area": false,
        "has_playground": true,
        "id": "840FCA11-EA6C-4D55-A564-67D3CEA12D90",
        "is_wheelchair_accessible": false,
        "name": "Leketårn",
        "notes": "",
        "verified": false
      }
    },
    {
      "type": "Feature",
      "geometry": {
        "coordinates": [
          5.348555,
          60.311874
        ],
        "type": "Point"
      },
      "properties": {
        "category": "playground",
        "description": "",
        "has_changing_area": false,
        "has_child_seats": false,
        "has_nursing_area": false,
        "has_playground": true,
        "id": "E530E84E-7D9F-4A66-9258-13FE653F0601",
        "is_wheelchair_accessible": false,
        "name": "Odins veg barnepark",
        "notes": "",
        "verified": false
      }
    },
    {
      "type": "Feature",
      "geometry": {
        "coordinates": [
          8.0424283,
          58.2051758
        ],
        "type": "Point"
      },
      "properties": {
        "category": "playground",
        "description": "",
        "has_changing_area": false,
        "has_child_seats": false,
        "has_nursing_area": false,
        "has_playground": true,
        "id": "5C95CF27-09F9-4089-9624-B00D00824199",
        "is_wheelchair_accessible": false,
        "name": "Jærneskollen lekeplass",
        "notes": "",
        "verified": false
      }
    },
    {
      "type": "Feature",
      "geometry": {
        "coordinates": [
          9.969588,
          59.0023475
        ],
        "type": "Point"
      },
      "properties": {
        "category": "playground",
        "description": "",
        "has_changing_area": false,
        "has_child_seats": false,
        "has_nursing_area": false,
        "has_playground": true,
        "id": "8F12095B-95F7-4427-81F1-4144739437E6",
        "is_wheelchair_accessible": false,
        "name": "Foffas Edelstensgruve",
        "notes": "",
        "verified": false
      }
    },
    {
      "type": "Feature",
      "geometry": {
        "coordinates": [
          5.3214336,
          60.4016676
        ],
        "type": "Point"
      },
      "properties": {
        "category": "playground",
        "description": "",
        "has_changing_area": false,
        "has_child_seats": false,
        "has_nursing_area": false,
        "has_playground": true,
        "id": "92BF4B7D-1073-4032-BCB2-91B494D39B11",
        "is_wheelchair_accessible": false,
        "name": "Skuteviksveien lekeplass",
        "notes": "",
        "verified": false
      }
    },
    {
      "type": "Feature",
      "geometry": {
        "coordinates": [
          7.254911,
          60.426716
        ],
        "type": "Point"
      },
      "properties": {
        "category": "other",
        "description": "",
        "has_changing_area": true,
        "has_child_seats": false,
        "has_nursing_area": false,
        "has_playground": false,
        "id": "0AEAE040-E53C-460B-AB26-1B1735B6B9B3",
        "is_wheelchair_accessible": true,
        "name": "Public toilets (with changing table)",
        "notes": "",
        "verified": false
      }
    },
    {
      "type": "Feature",
      "geometry": {
        "coordinates": [
          6.3002147,
          58.3487947
        ],
        "type": "Point"
      },
      "properties": {
        "category": "playground",
        "description": "",
        "has_changing_area": false,
        "has_child_seats": false,
        "has_nursing_area": false,
        "has_playground": true,
        "id": "52728EC1-FC46-404F-AB01-41E82981D11D",
        "is_wheelchair_accessible": false,
        "name": "Kleivan Lekeplass",
        "notes": "",
        "verified": false
      }
    },
    {
      "type": "Feature",
      "geometry": {
        "coordinates": [
          10.7463272,
          59.9132251
        ],
        "type": "Point"
      },
      "properties": {
        "category": "cafe",
        "description": "",
        "has_changing_area": true,
        "has_child_seats": true,
        "has_nursing_area": false,
        "has_playground": false,
        "id": "0B4DBE63-B22B-4CFB-A0F7-C2E75FE79F89",
        "is_wheelchair_accessible": true,
        "name": "Espresso House Glassmagasinet",
        "notes": "",
        "verified": false
      }
    },
    {
      "type": "Feature",
      "geometry": {
        "coordinates": [
          5.352917,
          60.378703
        ],
        "type": "Point"
      },
      "properties": {
        "category": "cafe",
        "description": "",
        "has_changing_area": false,
        "has_child_seats": false,
        "has_nursing_area": false,
        "has_playground": false,
        "id": "09EFF136-A731-4929-BB11-D3CED7181934",
        "is_wheelchair_accessible": false,
        "name": "Hyssingen",
        "notes": "",
        "verified": false
      }
    },
    {
      "type": "Feature",
      "geometry": {
        "coordinates": [
          10.7483692,
          59.911181
        ],
        "type": "Point"
      },
      "properties": {
        "category": "cafe",
        "description": "",
        "has_changing_area": false,
        "has_child_seats": false,
        "has_nursing_area": false,
        "has_playground": false,
        "id": "3956DEE1-0836-4678-877B-D4EFEBBB9C47",
        "is_wheelchair_accessible": false,
        "name": "Boba Cha Bubble Tea",
        "notes": "",
        "verified": false
      }
    },
    {
      "type": "Feature",
      "geometry": {
        "coordinates": [
          10.6365412,
          59.9128225
        ],
        "type": "Point"
      },
      "properties": {
        "category": "cafe",
        "description": "",
        "has_changing_area": false,
        "has_child_seats": false,
        "has_nursing_area": false,
        "has_playground": false,
        "id": "CF613902-CB50-44F3-AC34-953A61F8F927",
        "is_wheelchair_accessible": false,
        "name": "45 Kaffebar",
        "notes": "",
        "verified": false
      }
    },
    {
      "type": "Feature",
      "geometry": {
        "coordinates": [
          10.7116091,
          59.9304378
        ],
        "type": "Point"
      },
      "properties": {
        "category": "cafe",
        "description": "",
        "has_changing_area": false,
        "has_child_seats": false,
        "has_nursing_area": false,
        "has_playground": false,
        "id": "F8CCFD3D-CC95-4EA1-A6A3-D85120842D45",
        "is_wheelchair_accessible": false,
        "name": "Hav a Java",
        "notes": "",
        "verified": false
      }
    },
    {
      "type": "Feature",
      "geometry": {
        "coordinates": [
          11.099001,
          60.1938774
        ],
        "type": "Point"
      },
      "properties": {
        "category": "cafe",
        "description": "",
        "has_changing_area": false,
        "has_child_seats": true,
        "has_nursing_area": false,
        "has_playground": false,
        "id": "AFA4E8B3-FB56-4738-ADED-57906AC00D87",
        "is_wheelchair_accessible": true,
        "name": "W.B. Samson",
        "notes": "",
        "verified": false
      }
    },
    {
      "type": "Feature",
      "geometry": {
        "coordinates": [
          7.0686239,
          58.1362155
        ],
        "type": "Point"
      },
      "properties": {
        "category": "playground",
        "description": "",
        "has_changing_area": false,
        "has_child_seats": false,
        "has_nursing_area": false,
        "has_playground": true,
        "id": "FE968BBE-121F-43E8-952D-CBC680A177BB",
        "is_wheelchair_accessible": false,
        "name": "Klatretårnet",
        "notes": "",
        "verified": false
      }
    },
    {
      "type": "Feature",
      "geometry": {
        "coordinates": [
          10.4781719,
          59.928062
        ],
        "type": "Point"
      },
      "properties": {
        "category": "playground",
        "description": "",
        "has_changing_area": false,
        "has_child_seats": false,
        "has_nursing_area": false,
        "has_playground": true,
        "id": "2E4FB247-D7DF-4B19-A2E9-ED7606421850",
        "is_wheelchair_accessible": false,
        "name": "Store lekeplassen i Bjærnebærstien",
        "notes": "",
        "verified": false
      }
    },
    {
      "type": "Feature",
      "geometry": {
        "coordinates": [
          11.0057351,
          59.9469796
        ],
        "type": "Point"
      },
      "properties": {
        "category": "cafe",
        "description": "",
        "has_changing_area": false,
        "has_child_seats": false,
        "has_nursing_area": false,
        "has_playground": false,
        "id": "40BBFD6C-D2D3-4D4D-ABB5-7850911C49B9",
        "is_wheelchair_accessible": false,
        "name": "Kaffebrenneriet",
        "notes": "",
        "verified": false
      }
    },
    {
      "type": "Feature",
      "geometry": {
        "coordinates": [
          5.844627,
          58.922295
        ],
        "type": "Point"
      },
      "properties": {
        "category": "playground",
        "description": "",
        "has_changing_area": false,
        "has_child_seats": false,
        "has_nursing_area": false,
        "has_playground": true,
        "id": "6526583C-43B6-4395-9F33-9F003066201B",
        "is_wheelchair_accessible": false,
        "name": "Sjørøverlekeplassen",
        "notes": "",
        "verified": false
      }
    },
    {
      "type": "Feature",
      "geometry": {
        "coordinates": [
          10.9565911,
          60.0603717
        ],
        "type": "Point"
      },
      "properties": {
        "category": "cafe",
        "description": "",
        "has_changing_area": false,
        "has_child_seats": false,
        "has_nursing_area": false,
        "has_playground": false,
        "id": "9638EF29-F559-4C60-985B-062495E4B785",
        "is_wheelchair_accessible": false,
        "name": "Busterudvangen",
        "notes": "",
        "verified": false
      }
    },
    {
      "type": "Feature",
      "geometry": {
        "coordinates": [
          10.7243784,
          59.9533422
        ],
        "type": "Point"
      },
      "properties": {
        "category": "cafe",
        "description": "",
        "has_changing_area": false,
        "has_child_seats": false,
        "has_nursing_area": false,
        "has_playground": false,
        "id": "47F6986D-214C-4604-8C62-CB295A51CBF4",
        "is_wheelchair_accessible": false,
        "name": "Solpynten",
        "notes": "",
        "verified": false
      }
    },
    {
      "type": "Feature",
      "geometry": {
        "coordinates": [
          11.0449642,
          59.9533829
        ],
        "type": "Point"
      },
      "properties": {
        "category": "cafe",
        "description": "",
        "has_changing_area": false,
        "has_child_seats": false,
        "has_nursing_area": false,
        "has_playground": false,
        "id": "02CC26EC-9AB8-457B-A889-A8EC2F8CC081",
        "is_wheelchair_accessible": false,
        "name": "Go' Bento",
        "notes": "",
        "verified": false
      }
    },
    {
      "type": "Feature",
      "geometry": {
        "coordinates": [
          10.7260905,
          59.9231859
        ],
        "type": "Point"
      },
      "properties": {
        "category": "cafe",
        "description": "",
        "has_changing_area": false,
        "has_child_seats": false,
        "has_nursing_area": false,
        "has_playground": false,
        "id": "D64C5715-FD6A-41A1-9378-C20362FE7625",
        "is_wheelchair_accessible": false,
        "name": "Stockfleths",
        "notes": "",
        "verified": false
      }
    },
    {
      "type": "Feature",
      "geometry": {
        "coordinates": [
          5.7157389,
          58.8614934
        ],
        "type": "Point"
      },
      "properties": {
        "category": "playground",
        "description": "",
        "has_changing_area": false,
        "has_child_seats": false,
        "has_nursing_area": false,
        "has_playground": true,
        "id": "BAA5AB56-F132-4CE3-B075-A17F37A2D214",
        "is_wheelchair_accessible": false,
        "name": "Blåklokkeveien Lekeplass",
        "notes": "",
        "verified": false
      }
    },
    {
      "type": "Feature",
      "geometry": {
        "coordinates": [
          18.9949632,
          69.6351158
        ],
        "type": "Point"
      },
      "properties": {
        "category": "cafe",
        "description": "",
        "has_changing_area": false,
        "has_child_seats": false,
        "has_nursing_area": false,
        "has_playground": false,
        "id": "C6AE0B31-B36A-4687-BBC6-8D5622CC6902",
        "is_wheelchair_accessible": false,
        "name": "Fjellstua (temporary)",
        "notes": "",
        "verified": false
      }
    },
    {
      "type": "Feature",
      "geometry": {
        "coordinates": [
          5.2315878,
          60.2876968
        ],
        "type": "Point"
      },
      "properties": {
        "category": "other",
        "description": "",
        "has_changing_area": true,
        "has_child_seats": false,
        "has_nursing_area": false,
        "has_playground": false,
        "id": "9E78CDC1-364F-4581-BC1D-182EC912B264",
        "is_wheelchair_accessible": false,
        "name": "Public toilets (with changing table)",
        "notes": "",
        "verified": false
      }
    },
    {
      "type": "Feature",
      "geometry": {
        "coordinates": [
          10.630163,
          59.892561
        ],
        "type": "Point"
      },
      "properties": {
        "category": "cafe",
        "description": "",
        "has_changing_area": false,
        "has_child_seats": false,
        "has_nursing_area": false,
        "has_playground": false,
        "id": "8D98D5B0-ABF1-49C1-B0AD-D0E8E40D4846",
        "is_wheelchair_accessible": true,
        "name": "Fardal bakeri konditori",
        "notes": "",
        "verified": false
      }
    },
    {
      "type": "Feature",
      "geometry": {
        "coordinates": [
          10.3518765,
          63.4178539
        ],
        "type": "Point"
      },
      "properties": {
        "category": "cafe",
        "description": "",
        "has_changing_area": false,
        "has_child_seats": false,
        "has_nursing_area": false,
        "has_playground": false,
        "id": "EAAD75CA-4AE7-4304-BA7C-A09DFA43175C",
        "is_wheelchair_accessible": false,
        "name": "Rosenborg Bakeri",
        "notes": "",
        "verified": false
      }
    },
    {
      "type": "Feature",
      "geometry": {
        "coordinates": [
          10.3931323,
          63.4302993
        ],
        "type": "Point"
      },
      "properties": {
        "category": "cafe",
        "description": "",
        "has_changing_area": true,
        "has_child_seats": true,
        "has_nursing_area": false,
        "has_playground": false,
        "id": "3BD3D9EB-90FD-40EB-B937-DED4D542EF1B",
        "is_wheelchair_accessible": true,
        "name": "Espresso House Trondheim torg",
        "notes": "",
        "verified": false
      }
    },
    {
      "type": "Feature",
      "geometry": {
        "coordinates": [
          5.3888395,
          60.3616185
        ],
        "type": "Point"
      },
      "properties": {
        "category": "cafe",
        "description": "",
        "has_changing_area": false,
        "has_child_seats": false,
        "has_nursing_area": false,
        "has_playground": false,
        "id": "FB99BADA-0945-4AB5-89D4-26FD0C193B9E",
        "is_wheelchair_accessible": false,
        "name": "Baunehytten",
        "notes": "",
        "verified": false
      }
    },
    {
      "type": "Feature",
      "geometry": {
        "coordinates": [
          5.33065,
          60.391885
        ],
        "type": "Point"
      },
      "properties": {
        "category": "cafe",
        "description": "",
        "has_changing_area": false,
        "has_child_seats": false,
        "has_nursing_area": false,
        "has_playground": false,
        "id": "628E35B0-6435-4BB9-899C-C1123EDB5E99",
        "is_wheelchair_accessible": false,
        "name": "Aura Cafe",
        "notes": "",
        "verified": false
      }
    },
    {
      "type": "Feature",
      "geometry": {
        "coordinates": [
          10.4135804,
          63.4348822
        ],
        "type": "Point"
      },
      "properties": {
        "category": "cafe",
        "description": "",
        "has_changing_area": false,
        "has_child_seats": false,
        "has_nursing_area": false,
        "has_playground": false,
        "id": "DAE7A8C1-4125-4ED0-863C-A823045B1C83",
        "is_wheelchair_accessible": false,
        "name": "Dromedar Kaffebar",
        "notes": "",
        "verified": false
      }
    },
    {
      "type": "Feature",
      "geometry": {
        "coordinates": [
          8.007362,
          58.184112
        ],
        "type": "Point"
      },
      "properties": {
        "category": "cafe",
        "description": "",
        "has_changing_area": false,
        "has_child_seats": false,
        "has_nursing_area": false,
        "has_playground": false,
        "id": "A0B836E1-CF29-4D06-A7C0-8220EF1859BB",
        "is_wheelchair_accessible": false,
        "name": "Gillshytta",
        "notes": "",
        "verified": false
      }
    },
    {
      "type": "Feature",
      "geometry": {
        "coordinates": [
          5.315071,
          60.395194
        ],
        "type": "Point"
      },
      "properties": {
        "category": "cafe",
        "description": "",
        "has_changing_area": false,
        "has_child_seats": false,
        "has_nursing_area": false,
        "has_playground": false,
        "id": "B24C20BE-8847-40DE-901D-B8933D87CEB1",
        "is_wheelchair_accessible": true,
        "name": "Hordaland kunstsenter kafé",
        "notes": "",
        "verified": false
      }
    },
    {
      "type": "Feature",
      "geometry": {
        "coordinates": [
          10.8810943,
          60.0439155
        ],
        "type": "Point"
      },
      "properties": {
        "category": "playground",
        "description": "",
        "has_changing_area": false,
        "has_child_seats": false,
        "has_nursing_area": false,
        "has_playground": true,
        "id": "C9DDFE3A-8DFF-416D-A0F2-95B6E852626B",
        "is_wheelchair_accessible": false,
        "name": "Nittedal bibliotek",
        "notes": "",
        "verified": false
      }
    },
    {
      "type": "Feature",
      "geometry": {
        "coordinates": [
          5.7260141,
          58.9721067
        ],
        "type": "Point"
      },
      "properties": {
        "category": "playground",
        "description": "",
        "has_changing_area": false,
        "has_child_seats": false,
        "has_nursing_area": false,
        "has_playground": true,
        "id": "C99193E6-DD12-46D6-AB9D-66F310D9FC38",
        "is_wheelchair_accessible": true,
        "name": "Einar Hedéns plass",
        "notes": "",
        "verified": false
      }
    },
    {
      "type": "Feature",
      "geometry": {
        "coordinates": [
          5.3041097,
          60.3997162
        ],
        "type": "Point"
      },
      "properties": {
        "category": "other",
        "description": "",
        "has_changing_area": true,
        "has_child_seats": false,
        "has_nursing_area": false,
        "has_playground": false,
        "id": "3F6CF712-D744-4D87-A265-9EC5905A292D",
        "is_wheelchair_accessible": true,
        "name": "Akvariet i Bergen",
        "notes": "",
        "verified": false
      }
    },
    {
      "type": "Feature",
      "geometry": {
        "coordinates": [
          7.2261594,
          58.4719741
        ],
        "type": "Point"
      },
      "properties": {
        "category": "cafe",
        "description": "",
        "has_changing_area": true,
        "has_child_seats": true,
        "has_nursing_area": false,
        "has_playground": false,
        "id": "652C3EFB-E9BE-4121-AC2D-A304B6C9035F",
        "is_wheelchair_accessible": true,
        "name": "Eiken Bistro",
        "notes": "",
        "verified": false
      }
    },
    {
      "type": "Feature",
      "geometry": {
        "coordinates": [
          10.7683582,
          59.9381578
        ],
        "type": "Point"
      },
      "properties": {
        "category": "playground",
        "description": "",
        "has_changing_area": false,
        "has_child_seats": false,
        "has_nursing_area": false,
        "has_playground": true,
        "id": "56DD45DD-54AA-403B-91D5-5288533816C9",
        "is_wheelchair_accessible": false,
        "name": "Deichman Torshov",
        "notes": "",
        "verified": false
      }
    },
    {
      "type": "Feature",
      "geometry": {
        "coordinates": [
          10.195394,
          59.7461546
        ],
        "type": "Point"
      },
      "properties": {
        "category": "other",
        "description": "",
        "has_changing_area": true,
        "has_child_seats": false,
        "has_nursing_area": false,
        "has_playground": false,
        "id": "C947823F-67F0-411E-ABB3-68833EC9AD1D",
        "is_wheelchair_accessible": false,
        "name": "Public toilets (with changing table)",
        "notes": "",
        "verified": false
      }
    },
    {
      "type": "Feature",
      "geometry": {
        "coordinates": [
          6.7157177,
          58.6653503
        ],
        "type": "Point"
      },
      "properties": {
        "category": "playground",
        "description": "",
        "has_changing_area": false,
        "has_child_seats": false,
        "has_nursing_area": false,
        "has_playground": true,
        "id": "D86A279C-FECD-43A1-A279-A0608AC33021",
        "is_wheelchair_accessible": false,
        "name": "Sirdal folkebibliotek",
        "notes": "",
        "verified": false
      }
    },
    {
      "type": "Feature",
      "geometry": {
        "coordinates": [
          10.7403708,
          59.9111816
        ],
        "type": "Point"
      },
      "properties": {
        "category": "cafe",
        "description": "",
        "has_changing_area": false,
        "has_child_seats": false,
        "has_nursing_area": false,
        "has_playground": false,
        "id": "A7B2EB16-32DC-4745-A09F-F449F9CF0C1F",
        "is_wheelchair_accessible": false,
        "name": "Sentralen",
        "notes": "",
        "verified": false
      }
    },
    {
      "type": "Feature",
      "geometry": {
        "coordinates": [
          7.8025143,
          58.6671231
        ],
        "type": "Point"
      },
      "properties": {
        "category": "playground",
        "description": "",
        "has_changing_area": false,
        "has_child_seats": false,
        "has_nursing_area": false,
        "has_playground": true,
        "id": "2E9A47A6-1919-4683-8120-CBB3D7808054",
        "is_wheelchair_accessible": false,
        "name": "Bygland folkebibliotek, Byglandsfjord filial",
        "notes": "",
        "verified": false
      }
    },
    {
      "type": "Feature",
      "geometry": {
        "coordinates": [
          10.8136405,
          60.9089154
        ],
        "type": "Point"
      },
      "properties": {
        "category": "other",
        "description": "",
        "has_changing_area": true,
        "has_child_seats": false,
        "has_nursing_area": false,
        "has_playground": false,
        "id": "18029EE2-8E1A-4B32-AFFD-1D3AF2027285",
        "is_wheelchair_accessible": true,
        "name": "Public toilets (with changing table)",
        "notes": "",
        "verified": false
      }
    },
    {
      "type": "Feature",
      "geometry": {
        "coordinates": [
          8.14427,
          58.1856205
        ],
        "type": "Point"
      },
      "properties": {
        "category": "cafe",
        "description": "",
        "has_changing_area": false,
        "has_child_seats": false,
        "has_nursing_area": false,
        "has_playground": false,
        "id": "70F2CBA8-C9D5-46B4-A217-167B41C3195F",
        "is_wheelchair_accessible": false,
        "name": "Popcornboden",
        "notes": "",
        "verified": false
      }
    },
    {
      "type": "Feature",
      "geometry": {
        "coordinates": [
          10.8004,
          59.896969
        ],
        "type": "Point"
      },
      "properties": {
        "category": "cafe",
        "description": "",
        "has_changing_area": false,
        "has_child_seats": false,
        "has_nursing_area": false,
        "has_playground": false,
        "id": "E917BEAA-B1E7-47FD-9DA0-503707E23022",
        "is_wheelchair_accessible": false,
        "name": "Solberg & Hansen",
        "notes": "",
        "verified": false
      }
    },
    {
      "type": "Feature",
      "geometry": {
        "coordinates": [
          11.5733268,
          60.86778
        ],
        "type": "Point"
      },
      "properties": {
        "category": "playground",
        "description": "",
        "has_changing_area": false,
        "has_child_seats": false,
        "has_nursing_area": false,
        "has_playground": true,
        "id": "F9CB89A3-0957-48A1-AABE-9334C29444CF",
        "is_wheelchair_accessible": false,
        "name": "Grøntua Lekeplass",
        "notes": "",
        "verified": false
      }
    },
    {
      "type": "Feature",
      "geometry": {
        "coordinates": [
          10.7415277,
          59.9128734
        ],
        "type": "Point"
      },
      "properties": {
        "category": "cafe",
        "description": "",
        "has_changing_area": false,
        "has_child_seats": false,
        "has_nursing_area": false,
        "has_playground": false,
        "id": "63049EC0-24D5-4B2D-84BC-E969C1EAE496",
        "is_wheelchair_accessible": false,
        "name": "Smoothiexhange",
        "notes": "",
        "verified": false
      }
    },
    {
      "type": "Feature",
      "geometry": {
        "coordinates": [
          13.6411624,
          68.1484565
        ],
        "type": "Point"
      },
      "properties": {
        "category": "playground",
        "description": "",
        "has_changing_area": false,
        "has_child_seats": false,
        "has_nursing_area": false,
        "has_playground": true,
        "id": "1678088D-C50A-4CCF-B5BB-FD84F756A478",
        "is_wheelchair_accessible": false,
        "name": "Solbakken Lekeplass",
        "notes": "",
        "verified": false
      }
    },
    {
      "type": "Feature",
      "geometry": {
        "coordinates": [
          10.7215337,
          59.8738197
        ],
        "type": "Point"
      },
      "properties": {
        "category": "other",
        "description": "",
        "has_changing_area": true,
        "has_child_seats": false,
        "has_nursing_area": false,
        "has_playground": false,
        "id": "94D06729-A2B9-46D7-99BC-B16915C717F6",
        "is_wheelchair_accessible": false,
        "name": "Public toilets (with changing table)",
        "notes": "",
        "verified": false
      }
    },
    {
      "type": "Feature",
      "geometry": {
        "coordinates": [
          10.4668772,
          61.114725
        ],
        "type": "Point"
      },
      "properties": {
        "category": "cafe",
        "description": "",
        "has_changing_area": true,
        "has_child_seats": true,
        "has_nursing_area": false,
        "has_playground": false,
        "id": "AF2B77CD-19A4-4159-9360-040D8EE66483",
        "is_wheelchair_accessible": true,
        "name": "Espresso House Lillehammer",
        "notes": "",
        "verified": false
      }
    },
    {
      "type": "Feature",
      "geometry": {
        "coordinates": [
          6.056995,
          58.833195
        ],
        "type": "Point"
      },
      "properties": {
        "category": "playground",
        "description": "",
        "has_changing_area": false,
        "has_child_seats": false,
        "has_nursing_area": false,
        "has_playground": true,
        "id": "5A8DD4A9-6311-464C-BF57-52547C74E787",
        "is_wheelchair_accessible": false,
        "name": "Moen lekeplass",
        "notes": "",
        "verified": false
      }
    },
    {
      "type": "Feature",
      "geometry": {
        "coordinates": [
          10.797773,
          59.9527936
        ],
        "type": "Point"
      },
      "properties": {
        "category": "playground",
        "description": "",
        "has_changing_area": false,
        "has_child_seats": false,
        "has_nursing_area": false,
        "has_playground": true,
        "id": "73E14657-D893-45DE-9CE7-BEC114B4063E",
        "is_wheelchair_accessible": false,
        "name": "Tuftepark",
        "notes": "",
        "verified": false
      }
    },
    {
      "type": "Feature",
      "geometry": {
        "coordinates": [
          5.2301083,
          60.2883808
        ],
        "type": "Point"
      },
      "properties": {
        "category": "other",
        "description": "",
        "has_changing_area": true,
        "has_child_seats": false,
        "has_nursing_area": false,
        "has_playground": false,
        "id": "3ADAE0C2-0C99-4F99-A336-48560424D619",
        "is_wheelchair_accessible": true,
        "name": "Public toilets (with changing table)",
        "notes": "",
        "verified": false
      }
    },
    {
      "type": "Feature",
      "geometry": {
        "coordinates": [
          6.1602628,
          62.4718875
        ],
        "type": "Point"
      },
      "properties": {
        "category": "cafe",
        "description": "",
        "has_changing_area": true,
        "has_child_seats": false,
        "has_nursing_area": false,
        "has_playground": false,
        "id": "E5F0D42E-D94B-45DA-B7C9-D88F9FBD9518",
        "is_wheelchair_accessible": true,
        "name": "Dråpe",
        "notes": "",
        "verified": false
      }
    },
    {
      "type": "Feature",
      "geometry": {
        "coordinates": [
          10.7580777,
          59.9087145
        ],
        "type": "Point"
      },
      "properties": {
        "category": "cafe",
        "description": "",
        "has_changing_area": true,
        "has_child_seats": true,
        "has_nursing_area": false,
        "has_playground": false,
        "id": "B85EBEB8-E051-4B32-849B-AA8871D53B9E",
        "is_wheelchair_accessible": true,
        "name": "Espresso House Trelastgata",
        "notes": "",
        "verified": false
      }
    },
    {
      "type": "Feature",
      "geometry": {
        "coordinates": [
          10.729055,
          59.914248
        ],
        "type": "Point"
      },
      "properties": {
        "category": "cafe",
        "description": "",
        "has_changing_area": false,
        "has_child_seats": false,
        "has_nursing_area": false,
        "has_playground": false,
        "id": "24F61A91-3966-489E-92EA-2652E942CECF",
        "is_wheelchair_accessible": false,
        "name": "Baker Hansen",
        "notes": "",
        "verified": false
      }
    },
    {
      "type": "Feature",
      "geometry": {
        "coordinates": [
          7.0686051,
          58.1359323
        ],
        "type": "Point"
      },
      "properties": {
        "category": "playground",
        "description": "",
        "has_changing_area": false,
        "has_child_seats": false,
        "has_nursing_area": false,
        "has_playground": true,
        "id": "4015E3F9-BF63-4049-B970-608CDA212A80",
        "is_wheelchair_accessible": false,
        "name": "Klatrestativet",
        "notes": "",
        "verified": false
      }
    },
    {
      "type": "Feature",
      "geometry": {
        "coordinates": [
          10.8152049,
          59.8718111
        ],
        "type": "Point"
      },
      "properties": {
        "category": "playground",
        "description": "",
        "has_changing_area": false,
        "has_child_seats": false,
        "has_nursing_area": false,
        "has_playground": true,
        "id": "6774C1B5-3835-4664-A671-C983112D9B87",
        "is_wheelchair_accessible": false,
        "name": "Lambertseter skole - Lekeplass",
        "notes": "",
        "verified": false
      }
    },
    {
      "type": "Feature",
      "geometry": {
        "coordinates": [
          5.3275197,
          60.396174
        ],
        "type": "Point"
      },
      "properties": {
        "category": "cafe",
        "description": "",
        "has_changing_area": false,
        "has_child_seats": false,
        "has_nursing_area": false,
        "has_playground": false,
        "id": "ED865029-1C54-456F-B08D-6AFFF919A0B0",
        "is_wheelchair_accessible": false,
        "name": "Fløyen Snack",
        "notes": "",
        "verified": false
      }
    },
    {
      "type": "Feature",
      "geometry": {
        "coordinates": [
          8.1441905,
          58.1833676
        ],
        "type": "Point"
      },
      "properties": {
        "category": "playground",
        "description": "",
        "has_changing_area": false,
        "has_child_seats": false,
        "has_nursing_area": false,
        "has_playground": true,
        "id": "A5234FB9-9407-4AEA-BF37-1A8D6B293D66",
        "is_wheelchair_accessible": false,
        "name": "Klatrefjellet",
        "notes": "",
        "verified": false
      }
    },
    {
      "type": "Feature",
      "geometry": {
        "coordinates": [
          10.8602442,
          59.7829199
        ],
        "type": "Point"
      },
      "properties": {
        "category": "cafe",
        "description": "",
        "has_changing_area": false,
        "has_child_seats": false,
        "has_nursing_area": false,
        "has_playground": false,
        "id": "4B2AA497-8395-4CB5-A70B-968DB2030237",
        "is_wheelchair_accessible": false,
        "name": "Stallerudhytta",
        "notes": "",
        "verified": false
      }
    },
    {
      "type": "Feature",
      "geometry": {
        "coordinates": [
          18.9587605,
          69.6467059
        ],
        "type": "Point"
      },
      "properties": {
        "category": "cafe",
        "description": "",
        "has_changing_area": false,
        "has_child_seats": false,
        "has_nursing_area": false,
        "has_playground": false,
        "id": "9FA9E0F4-EB31-49CA-8991-F232CE9DD989",
        "is_wheelchair_accessible": true,
        "name": "Kaffebønna",
        "notes": "",
        "verified": false
      }
    },
    {
      "type": "Feature",
      "geometry": {
        "coordinates": [
          6.5543037,
          58.2329777
        ],
        "type": "Point"
      },
      "properties": {
        "category": "playground",
        "description": "",
        "has_changing_area": false,
        "has_child_seats": false,
        "has_nursing_area": false,
        "has_playground": true,
        "id": "E47B2881-44A0-40D0-8D8E-E6D08DBA0E23",
        "is_wheelchair_accessible": false,
        "name": "Flekkefjord bibliotek, Hidra filial",
        "notes": "",
        "verified": false
      }
    },
    {
      "type": "Feature",
      "geometry": {
        "coordinates": [
          8.377965,
          58.248375
        ],
        "type": "Point"
      },
      "properties": {
        "category": "playground",
        "description": "",
        "has_changing_area": false,
        "has_child_seats": false,
        "has_nursing_area": false,
        "has_playground": true,
        "id": "54D2256C-F043-4D5B-925D-63752FC09B39",
        "is_wheelchair_accessible": false,
        "name": "Lillesand folkebibliotek",
        "notes": "",
        "verified": false
      }
    },
    {
      "type": "Feature",
      "geometry": {
        "coordinates": [
          10.735663,
          59.911574
        ],
        "type": "Point"
      },
      "properties": {
        "category": "cafe",
        "description": "",
        "has_changing_area": false,
        "has_child_seats": false,
        "has_nursing_area": false,
        "has_playground": false,
        "id": "59FEB6F4-F147-4CFC-8CF3-039A30458DA0",
        "is_wheelchair_accessible": false,
        "name": "Baker Hansen",
        "notes": "",
        "verified": false
      }
    },
    {
      "type": "Feature",
      "geometry": {
        "coordinates": [
          11.034132,
          60.0715499
        ],
        "type": "Point"
      },
      "properties": {
        "category": "cafe",
        "description": "",
        "has_changing_area": false,
        "has_child_seats": false,
        "has_nursing_area": false,
        "has_playground": false,
        "id": "0FF50F84-2438-4CEF-89BD-59DAAF355B72",
        "is_wheelchair_accessible": false,
        "name": "Hos nabo'n",
        "notes": "",
        "verified": false
      }
    },
    {
      "type": "Feature",
      "geometry": {
        "coordinates": [
          10.7575084,
          59.9187344
        ],
        "type": "Point"
      },
      "properties": {
        "category": "cafe",
        "description": "",
        "has_changing_area": false,
        "has_child_seats": false,
        "has_nursing_area": false,
        "has_playground": false,
        "id": "FB890C59-2BFE-47AC-9944-FC6DCE4E6894",
        "is_wheelchair_accessible": true,
        "name": "Kaffebrenneriet",
        "notes": "",
        "verified": false
      }
    },
    {
      "type": "Feature",
      "geometry": {
        "coordinates": [
          5.7418633,
          58.9348114
        ],
        "type": "Point"
      },
      "properties": {
        "category": "cafe",
        "description": "",
        "has_changing_area": false,
        "has_child_seats": false,
        "has_nursing_area": false,
        "has_playground": false,
        "id": "8209A03D-6BA5-45AC-8D04-15906E3E173C",
        "is_wheelchair_accessible": false,
        "name": "Pastabakeren",
        "notes": "",
        "verified": false
      }
    },
    {
      "type": "Feature",
      "geometry": {
        "coordinates": [
          10.8609969,
          60.0150964
        ],
        "type": "Point"
      },
      "properties": {
        "category": "cafe",
        "description": "",
        "has_changing_area": false,
        "has_child_seats": false,
        "has_nursing_area": false,
        "has_playground": false,
        "id": "C007814C-6907-4652-83C8-F56EADB130FB",
        "is_wheelchair_accessible": false,
        "name": "Sørskogen",
        "notes": "",
        "verified": false
      }
    },
    {
      "type": "Feature",
      "geometry": {
        "coordinates": [
          5.5967308,
          58.934636
        ],
        "type": "Point"
      },
      "properties": {
        "category": "playground",
        "description": "",
        "has_changing_area": false,
        "has_child_seats": false,
        "has_nursing_area": false,
        "has_playground": true,
        "id": "B8A42E2D-4F0A-4887-B4F6-97AA483A899B",
        "is_wheelchair_accessible": false,
        "name": "Sola bibliotek, Tananger filial",
        "notes": "",
        "verified": false
      }
    },
    {
      "type": "Feature",
      "geometry": {
        "coordinates": [
          10.4022138,
          63.4348935
        ],
        "type": "Point"
      },
      "properties": {
        "category": "cafe",
        "description": "",
        "has_changing_area": false,
        "has_child_seats": false,
        "has_nursing_area": false,
        "has_playground": false,
        "id": "1D046E67-9A7E-42B7-8B4A-278DEA8AAF5B",
        "is_wheelchair_accessible": false,
        "name": "Gola",
        "notes": "",
        "verified": false
      }
    },
    {
      "type": "Feature",
      "geometry": {
        "coordinates": [
          10.741662,
          59.915384
        ],
        "type": "Point"
      },
      "properties": {
        "category": "cafe",
        "description": "",
        "has_changing_area": false,
        "has_child_seats": false,
        "has_nursing_area": false,
        "has_playground": false,
        "id": "30966315-AD88-4E27-A4CE-AEB47FBBEDA5",
        "is_wheelchair_accessible": false,
        "name": "Stockfleth's",
        "notes": "",
        "verified": false
      }
    },
    {
      "type": "Feature",
      "geometry": {
        "coordinates": [
          10.4183394,
          59.878622
        ],
        "type": "Point"
      },
      "properties": {
        "category": "cafe",
        "description": "",
        "has_changing_area": false,
        "has_child_seats": false,
        "has_nursing_area": false,
        "has_playground": false,
        "id": "41F76E36-E92E-4A5B-8055-1DA4F8212F8A",
        "is_wheelchair_accessible": false,
        "name": "Gupu gård",
        "notes": "",
        "verified": false
      }
    },
    {
      "type": "Feature",
      "geometry": {
        "coordinates": [
          5.309816,
          60.397362
        ],
        "type": "Point"
      },
      "properties": {
        "category": "playground",
        "description": "",
        "has_changing_area": false,
        "has_child_seats": false,
        "has_nursing_area": false,
        "has_playground": true,
        "id": "FC848F6A-AA34-4AD8-93F0-E2E94A6F266D",
        "is_wheelchair_accessible": false,
        "name": "Fredriksbergsgaten lekeplass",
        "notes": "",
        "verified": false
      }
    },
    {
      "type": "Feature",
      "geometry": {
        "coordinates": [
          5.3646277,
          60.3610977
        ],
        "type": "Point"
      },
      "properties": {
        "category": "playground",
        "description": "",
        "has_changing_area": false,
        "has_child_seats": false,
        "has_nursing_area": false,
        "has_playground": true,
        "id": "6F7559B6-E5F3-48D6-B8B7-B723F9B7450A",
        "is_wheelchair_accessible": false,
        "name": "Adolph Bergs vei lekeplass",
        "notes": "",
        "verified": false
      }
    },
    {
      "type": "Feature",
      "geometry": {
        "coordinates": [
          10.7662577,
          59.9136312
        ],
        "type": "Point"
      },
      "properties": {
        "category": "cafe",
        "description": "",
        "has_changing_area": false,
        "has_child_seats": false,
        "has_nursing_area": false,
        "has_playground": false,
        "id": "AE23DE1A-9E0A-4359-9041-EE593AEFC712",
        "is_wheelchair_accessible": false,
        "name": "Papegøye",
        "notes": "",
        "verified": false
      }
    },
    {
      "type": "Feature",
      "geometry": {
        "coordinates": [
          18.9269315,
          69.6743148
        ],
        "type": "Point"
      },
      "properties": {
        "category": "other",
        "description": "",
        "has_changing_area": true,
        "has_child_seats": false,
        "has_nursing_area": false,
        "has_playground": false,
        "id": "65C9EBDD-907F-4D52-83C9-F6EB5F35D989",
        "is_wheelchair_accessible": false,
        "name": "Public toilets (with changing table)",
        "notes": "",
        "verified": false
      }
    },
    {
      "type": "Feature",
      "geometry": {
        "coordinates": [
          5.346131,
          60.264086
        ],
        "type": "Point"
      },
      "properties": {
        "category": "playground",
        "description": "",
        "has_changing_area": false,
        "has_child_seats": false,
        "has_nursing_area": false,
        "has_playground": true,
        "id": "5C58C242-F76C-4BFD-962F-6BD141B2F7AA",
        "is_wheelchair_accessible": false,
        "name": "Kirkevoll lekeplass",
        "notes": "",
        "verified": false
      }
    },
    {
      "type": "Feature",
      "geometry": {
        "coordinates": [
          9.1642007,
          58.6913546
        ],
        "type": "Point"
      },
      "properties": {
        "category": "playground",
        "description": "",
        "has_changing_area": false,
        "has_child_seats": false,
        "has_nursing_area": false,
        "has_playground": true,
        "id": "86AB3C25-22E1-47CE-8F89-7BCA5F656E03",
        "is_wheelchair_accessible": false,
        "name": "Lekeplassen",
        "notes": "",
        "verified": false
      }
    },
    {
      "type": "Feature",
      "geometry": {
        "coordinates": [
          10.7761023,
          59.9255799
        ],
        "type": "Point"
      },
      "properties": {
        "category": "cafe",
        "description": "",
        "has_changing_area": false,
        "has_child_seats": false,
        "has_nursing_area": false,
        "has_playground": false,
        "id": "7A443CA6-3523-4FC4-B432-05544848EBF8",
        "is_wheelchair_accessible": false,
        "name": "Bosu",
        "notes": "",
        "verified": false
      }
    },
    {
      "type": "Feature",
      "geometry": {
        "coordinates": [
          9.9693366,
          59.0025617
        ],
        "type": "Point"
      },
      "properties": {
        "category": "playground",
        "description": "",
        "has_changing_area": false,
        "has_child_seats": false,
        "has_nursing_area": false,
        "has_playground": true,
        "id": "9536948E-D3C7-4F79-9B54-B0A1E902AD14",
        "is_wheelchair_accessible": false,
        "name": "Høyhopping",
        "notes": "",
        "verified": false
      }
    },
    {
      "type": "Feature",
      "geometry": {
        "coordinates": [
          18.9602882,
          69.6483011
        ],
        "type": "Point"
      },
      "properties": {
        "category": "cafe",
        "description": "",
        "has_changing_area": false,
        "has_child_seats": false,
        "has_nursing_area": false,
        "has_playground": false,
        "id": "77C5748A-1529-4ACF-97FE-F289F7FD31F3",
        "is_wheelchair_accessible": false,
        "name": "Kaffebona",
        "notes": "",
        "verified": false
      }
    },
    {
      "type": "Feature",
      "geometry": {
        "coordinates": [
          6.0409093,
          59.0236402
        ],
        "type": "Point"
      },
      "properties": {
        "category": "playground",
        "description": "",
        "has_changing_area": false,
        "has_child_seats": false,
        "has_nursing_area": false,
        "has_playground": true,
        "id": "B1A8B663-EBE6-4370-94C6-A1549BFFAC93",
        "is_wheelchair_accessible": false,
        "name": "Ryfylkebiblioteket Strand",
        "notes": "",
        "verified": false
      }
    },
    {
      "type": "Feature",
      "geometry": {
        "coordinates": [
          10.9182601,
          59.9983637
        ],
        "type": "Point"
      },
      "properties": {
        "category": "cafe",
        "description": "",
        "has_changing_area": false,
        "has_child_seats": false,
        "has_nursing_area": false,
        "has_playground": false,
        "id": "C865900F-8EEA-4A72-A682-F2C43034408D",
        "is_wheelchair_accessible": false,
        "name": "Cafe Stund",
        "notes": "",
        "verified": false
      }
    },
    {
      "type": "Feature",
      "geometry": {
        "coordinates": [
          5.35036,
          60.369009
        ],
        "type": "Point"
      },
      "properties": {
        "category": "cafe",
        "description": "",
        "has_changing_area": false,
        "has_child_seats": false,
        "has_nursing_area": false,
        "has_playground": false,
        "id": "C464DA7D-D223-4D21-8891-11BF245279A6",
        "is_wheelchair_accessible": true,
        "name": "Kronstad Stasjon kaffebar",
        "notes": "",
        "verified": false
      }
    },
    {
      "type": "Feature",
      "geometry": {
        "coordinates": [
          10.4329029,
          59.83614
        ],
        "type": "Point"
      },
      "properties": {
        "category": "playground",
        "description": "",
        "has_changing_area": false,
        "has_child_seats": false,
        "has_nursing_area": false,
        "has_playground": true,
        "id": "B205CE4D-A7DE-4431-93D6-135FB097085F",
        "is_wheelchair_accessible": false,
        "name": "Asker bibliotek",
        "notes": "",
        "verified": false
      }
    },
    {
      "type": "Feature",
      "geometry": {
        "coordinates": [
          10.7800016,
          59.9294512
        ],
        "type": "Point"
      },
      "properties": {
        "category": "cafe",
        "description": "",
        "has_changing_area": false,
        "has_child_seats": true,
        "has_nursing_area": false,
        "has_playground": false,
        "id": "7F725626-2CB3-4669-AB6F-4A594BC34418",
        "is_wheelchair_accessible": false,
        "name": "The Motor Initiative",
        "notes": "",
        "verified": false
      }
    },
    {
      "type": "Feature",
      "geometry": {
        "coordinates": [
          10.797672,
          59.809764
        ],
        "type": "Point"
      },
      "properties": {
        "category": "cafe",
        "description": "",
        "has_changing_area": false,
        "has_child_seats": false,
        "has_nursing_area": false,
        "has_playground": false,
        "id": "DDD7CD14-ABE7-4985-B02B-35D04B091F8E",
        "is_wheelchair_accessible": false,
        "name": "Kaffebar'n",
        "notes": "",
        "verified": false
      }
    },
    {
      "type": "Feature",
      "geometry": {
        "coordinates": [
          8.0251183,
          58.2021262
        ],
        "type": "Point"
      },
      "properties": {
        "category": "playground",
        "description": "",
        "has_changing_area": false,
        "has_child_seats": false,
        "has_nursing_area": false,
        "has_playground": true,
        "id": "5C7B52D6-15C8-47A2-A6EA-B20C7085BB80",
        "is_wheelchair_accessible": false,
        "name": "Justlia lekeplass",
        "notes": "",
        "verified": false
      }
    },
    {
      "type": "Feature",
      "geometry": {
        "coordinates": [
          10.269183,
          59.758027
        ],
        "type": "Point"
      },
      "properties": {
        "category": "shopping",
        "description": "",
        "has_changing_area": false,
        "has_child_seats": false,
        "has_nursing_area": false,
        "has_playground": false,
        "id": "CD4B95A1-8907-4D31-A5C9-77B2341AAE91",
        "is_wheelchair_accessible": false,
        "name": "Klossehuset",
        "notes": "",
        "verified": false
      }
    },
    {
      "type": "Feature",
      "geometry": {
        "coordinates": [
          10.4662827,
          61.1178193
        ],
        "type": "Point"
      },
      "properties": {
        "category": "cafe",
        "description": "",
        "has_changing_area": true,
        "has_child_seats": false,
        "has_nursing_area": false,
        "has_playground": false,
        "id": "EADCDEB9-9217-4621-A343-8DF1F5DBCFF8",
        "is_wheelchair_accessible": false,
        "name": "Lillehammer Bakeri",
        "notes": "",
        "verified": false
      }
    },
    {
      "type": "Feature",
      "geometry": {
        "coordinates": [
          10.7714472,
          59.7396918
        ],
        "type": "Point"
      },
      "properties": {
        "category": "cafe",
        "description": "",
        "has_changing_area": true,
        "has_child_seats": true,
        "has_nursing_area": false,
        "has_playground": false,
        "id": "22115785-7FDF-48E7-B67C-DA31E716FD40",
        "is_wheelchair_accessible": true,
        "name": "Espresso House Vinterbro",
        "notes": "",
        "verified": false
      }
    },
    {
      "type": "Feature",
      "geometry": {
        "coordinates": [
          5.328541,
          60.406006
        ],
        "type": "Point"
      },
      "properties": {
        "category": "playground",
        "description": "",
        "has_changing_area": false,
        "has_child_seats": false,
        "has_nursing_area": false,
        "has_playground": true,
        "id": "D88FC420-D848-4151-BD01-F7F9A5273286",
        "is_wheelchair_accessible": false,
        "name": "Christinegården lekeplass",
        "notes": "",
        "verified": false
      }
    },
    {
      "type": "Feature",
      "geometry": {
        "coordinates": [
          9.9696597,
          59.0033248
        ],
        "type": "Point"
      },
      "properties": {
        "category": "playground",
        "description": "",
        "has_changing_area": false,
        "has_child_seats": false,
        "has_nursing_area": false,
        "has_playground": true,
        "id": "DCA7F4C3-390B-42E3-87B1-A323A1011D3E",
        "is_wheelchair_accessible": false,
        "name": "Femkanthuske",
        "notes": "",
        "verified": false
      }
    },
    {
      "type": "Feature",
      "geometry": {
        "coordinates": [
          10.718416,
          59.943615
        ],
        "type": "Point"
      },
      "properties": {
        "category": "playground",
        "description": "",
        "has_changing_area": false,
        "has_child_seats": false,
        "has_nursing_area": false,
        "has_playground": true,
        "id": "45BFD24E-9E2F-46B6-80BF-D66C89846507",
        "is_wheelchair_accessible": false,
        "name": "Informatikkbiblioteket",
        "notes": "",
        "verified": false
      }
    },
    {
      "type": "Feature",
      "geometry": {
        "coordinates": [
          5.714339,
          58.9514885
        ],
        "type": "Point"
      },
      "properties": {
        "category": "cafe",
        "description": "",
        "has_changing_area": false,
        "has_child_seats": false,
        "has_nursing_area": false,
        "has_playground": false,
        "id": "968CFC88-9AB1-45A9-A0F1-F3F173149BD2",
        "is_wheelchair_accessible": false,
        "name": "Gamlingen",
        "notes": "",
        "verified": false
      }
    },
    {
      "type": "Feature",
      "geometry": {
        "coordinates": [
          10.9676605,
          63.4811193
        ],
        "type": "Point"
      },
      "properties": {
        "category": "playground",
        "description": "",
        "has_changing_area": false,
        "has_child_seats": false,
        "has_nursing_area": false,
        "has_playground": true,
        "id": "2BEF47B8-F2C4-4AFB-8F6F-929788370042",
        "is_wheelchair_accessible": false,
        "name": "Malmtunet Lekeplass",
        "notes": "",
        "verified": false
      }
    },
    {
      "type": "Feature",
      "geometry": {
        "coordinates": [
          8.1510975,
          58.1892084
        ],
        "type": "Point"
      },
      "properties": {
        "category": "playground",
        "description": "",
        "has_changing_area": false,
        "has_child_seats": false,
        "has_nursing_area": false,
        "has_playground": true,
        "id": "BFAC09C1-6746-485C-B7A5-1C6DE344901F",
        "is_wheelchair_accessible": false,
        "name": "Ildprøveplassen",
        "notes": "",
        "verified": false
      }
    },
    {
      "type": "Feature",
      "geometry": {
        "coordinates": [
          5.326637,
          60.395089
        ],
        "type": "Point"
      },
      "properties": {
        "category": "cafe",
        "description": "",
        "has_changing_area": false,
        "has_child_seats": false,
        "has_nursing_area": false,
        "has_playground": false,
        "id": "841FD019-6B9C-4187-8958-81D54F8110A6",
        "is_wheelchair_accessible": false,
        "name": "Christian II",
        "notes": "",
        "verified": false
      }
    },
    {
      "type": "Feature",
      "geometry": {
        "coordinates": [
          10.3964872,
          63.4334364
        ],
        "type": "Point"
      },
      "properties": {
        "category": "playground",
        "description": "",
        "has_changing_area": false,
        "has_child_seats": false,
        "has_nursing_area": false,
        "has_playground": true,
        "id": "4070876B-8FF6-4050-8282-521EC4C78E5B",
        "is_wheelchair_accessible": false,
        "name": "Lekerom/stellerom",
        "notes": "",
        "verified": false
      }
    },
    {
      "type": "Feature",
      "geometry": {
        "coordinates": [
          10.4013426,
          63.4179625
        ],
        "type": "Point"
      },
      "properties": {
        "category": "cafe",
        "description": "",
        "has_changing_area": false,
        "has_child_seats": false,
        "has_nursing_area": false,
        "has_playground": false,
        "id": "A13C15E6-DFC8-47C5-A31D-5E0B54454FBA",
        "is_wheelchair_accessible": false,
        "name": "SiT Kafe Elektro (Magneten)",
        "notes": "",
        "verified": false
      }
    },
    {
      "type": "Feature",
      "geometry": {
        "coordinates": [
          5.313719,
          60.523258
        ],
        "type": "Point"
      },
      "properties": {
        "category": "playground",
        "description": "",
        "has_changing_area": false,
        "has_child_seats": false,
        "has_nursing_area": false,
        "has_playground": true,
        "id": "5174BEF2-200D-45AE-9742-41272A72E6F3",
        "is_wheelchair_accessible": false,
        "name": "Hordvik lekeplass",
        "notes": "",
        "verified": false
      }
    },
    {
      "type": "Feature",
      "geometry": {
        "coordinates": [
          7.805937,
          58.586886
        ],
        "type": "Point"
      },
      "properties": {
        "category": "other",
        "description": "",
        "has_changing_area": true,
        "has_child_seats": false,
        "has_nursing_area": false,
        "has_playground": false,
        "id": "D546BB88-CCAC-4218-9CB2-88DCCDD46473",
        "is_wheelchair_accessible": true,
        "name": "Sentrums Bygget",
        "notes": "",
        "verified": false
      }
    },
    {
      "type": "Feature",
      "geometry": {
        "coordinates": [
          5.26332,
          60.478973
        ],
        "type": "Point"
      },
      "properties": {
        "category": "playground",
        "description": "",
        "has_changing_area": false,
        "has_child_seats": false,
        "has_nursing_area": false,
        "has_playground": true,
        "id": "BC28FF3F-C62F-4AAE-92D1-935A2D0FB419",
        "is_wheelchair_accessible": false,
        "name": "Saudalen lekeplass",
        "notes": "",
        "verified": false
      }
    },
    {
      "type": "Feature",
      "geometry": {
        "coordinates": [
          18.9721656,
          69.6813816
        ],
        "type": "Point"
      },
      "properties": {
        "category": "cafe",
        "description": "",
        "has_changing_area": false,
        "has_child_seats": false,
        "has_nursing_area": false,
        "has_playground": false,
        "id": "E3525562-5D51-4063-9F11-DB527339783E",
        "is_wheelchair_accessible": false,
        "name": "Teorifagskantina",
        "notes": "",
        "verified": false
      }
    },
    {
      "type": "Feature",
      "geometry": {
        "coordinates": [
          10.7745782,
          59.9465669
        ],
        "type": "Point"
      },
      "properties": {
        "category": "cafe",
        "description": "",
        "has_changing_area": false,
        "has_child_seats": false,
        "has_nursing_area": false,
        "has_playground": false,
        "id": "49C636C7-BBE7-4DF3-A74F-6F9238443940",
        "is_wheelchair_accessible": false,
        "name": "Kaffebrenneriet",
        "notes": "",
        "verified": false
      }
    },
    {
      "type": "Feature",
      "geometry": {
        "coordinates": [
          10.7719514,
          59.9135677
        ],
        "type": "Point"
      },
      "properties": {
        "category": "cafe",
        "description": "",
        "has_changing_area": false,
        "has_child_seats": false,
        "has_nursing_area": false,
        "has_playground": false,
        "id": "AFC9E9B3-D0CD-49C1-8F95-FE170A934941",
        "is_wheelchair_accessible": false,
        "name": "Donia",
        "notes": "",
        "verified": false
      }
    },
    {
      "type": "Feature",
      "geometry": {
        "coordinates": [
          10.7391619,
          59.9104121
        ],
        "type": "Point"
      },
      "properties": {
        "category": "cafe",
        "description": "",
        "has_changing_area": false,
        "has_child_seats": false,
        "has_nursing_area": false,
        "has_playground": false,
        "id": "6A971316-B586-426C-B1BC-A8EF5D4EBFAA",
        "is_wheelchair_accessible": false,
        "name": "Resepten",
        "notes": "",
        "verified": false
      }
    },
    {
      "type": "Feature",
      "geometry": {
        "coordinates": [
          10.7147714,
          59.9167033
        ],
        "type": "Point"
      },
      "properties": {
        "category": "cafe",
        "description": "",
        "has_changing_area": false,
        "has_child_seats": false,
        "has_nursing_area": false,
        "has_playground": false,
        "id": "88DB772C-94E4-4166-A5B1-B341C235D7EF",
        "is_wheelchair_accessible": false,
        "name": "Smoothie Exchange",
        "notes": "",
        "verified": false
      }
    },
    {
      "type": "Feature",
      "geometry": {
        "coordinates": [
          10.746171,
          59.910029
        ],
        "type": "Point"
      },
      "properties": {
        "category": "cafe",
        "description": "",
        "has_changing_area": false,
        "has_child_seats": false,
        "has_nursing_area": false,
        "has_playground": false,
        "id": "7D3F5291-8D77-4008-8DC1-B6953C79A02B",
        "is_wheelchair_accessible": false,
        "name": "Pascal kaffebar",
        "notes": "",
        "verified": false
      }
    },
    {
      "type": "Feature",
      "geometry": {
        "coordinates": [
          5.2103087,
          59.60045
        ],
        "type": "Point"
      },
      "properties": {
        "category": "playground",
        "description": "",
        "has_changing_area": false,
        "has_child_seats": false,
        "has_nursing_area": false,
        "has_playground": true,
        "id": "1CDCC9B6-F43E-4420-8537-01C8FABA0D0D",
        "is_wheelchair_accessible": false,
        "name": "Bømlo folkebibliotek, Bømlo filial",
        "notes": "",
        "verified": false
      }
    },
    {
      "type": "Feature",
      "geometry": {
        "coordinates": [
          5.326388,
          60.392958
        ],
        "type": "Point"
      },
      "properties": {
        "category": "cafe",
        "description": "",
        "has_changing_area": false,
        "has_child_seats": false,
        "has_nursing_area": false,
        "has_playground": false,
        "id": "16F3BA9E-A256-425E-8D37-35DD9F766792",
        "is_wheelchair_accessible": false,
        "name": "Wayne's Coffe",
        "notes": "",
        "verified": false
      }
    },
    {
      "type": "Feature",
      "geometry": {
        "coordinates": [
          10.7522,
          59.9139
        ],
        "type": "Point"
      },
      "properties": {
        "category": "other",
        "description": "",
        "has_changing_area": true,
        "has_child_seats": false,
        "has_nursing_area": true,
        "has_playground": false,
        "id": "39209C5D-453A-45FB-9830-32163037CB48",
        "is_wheelchair_accessible": false,
        "name": " Stovner senter",
        "notes": "",
        "verified": false
      }
    },
    {
      "type": "Feature",
      "geometry": {
        "coordinates": [
          10.7336948,
          59.9327858
        ],
        "type": "Point"
      },
      "properties": {
        "category": "cafe",
        "description": "",
        "has_changing_area": false,
        "has_child_seats": false,
        "has_nursing_area": false,
        "has_playground": false,
        "id": "D4AC398C-1E39-46EF-B868-DCA1A8BF06E8",
        "is_wheelchair_accessible": false,
        "name": "Baker Hansen",
        "notes": "",
        "verified": false
      }
    },
    {
      "type": "Feature",
      "geometry": {
        "coordinates": [
          10.8179392,
          59.869295
        ],
        "type": "Point"
      },
      "properties": {
        "category": "playground",
        "description": "",
        "has_changing_area": false,
        "has_child_seats": false,
        "has_nursing_area": false,
        "has_playground": true,
        "id": "31AB583D-FD7B-4E7E-B4EB-B482496CD955",
        "is_wheelchair_accessible": false,
        "name": "Glimmersvingen lekeplass",
        "notes": "",
        "verified": false
      }
    },
    {
      "type": "Feature",
      "geometry": {
        "coordinates": [
          5.326564,
          60.382587
        ],
        "type": "Point"
      },
      "properties": {
        "category": "cafe",
        "description": "",
        "has_changing_area": false,
        "has_child_seats": false,
        "has_nursing_area": false,
        "has_playground": false,
        "id": "0622488C-2F2A-4AF5-B9CE-12C592ECE071",
        "is_wheelchair_accessible": false,
        "name": "Bergen Kaffebrenneri",
        "notes": "",
        "verified": false
      }
    },
    {
      "type": "Feature",
      "geometry": {
        "coordinates": [
          5.331177,
          60.391798
        ],
        "type": "Point"
      },
      "properties": {
        "category": "cafe",
        "description": "",
        "has_changing_area": false,
        "has_child_seats": false,
        "has_nursing_area": false,
        "has_playground": false,
        "id": "F4A3A058-C29C-49B2-B235-43993CAC045A",
        "is_wheelchair_accessible": false,
        "name": "Marken Kaffe",
        "notes": "",
        "verified": false
      }
    },
    {
      "type": "Feature",
      "geometry": {
        "coordinates": [
          10.433009,
          59.835561
        ],
        "type": "Point"
      },
      "properties": {
        "category": "cafe",
        "description": "",
        "has_changing_area": false,
        "has_child_seats": false,
        "has_nursing_area": false,
        "has_playground": false,
        "id": "6F6AEE8A-2BBA-4F84-A765-AA5BC49FB392",
        "is_wheelchair_accessible": false,
        "name": "Kaffebrenneriet",
        "notes": "",
        "verified": false
      }
    },
    {
      "type": "Feature",
      "geometry": {
        "coordinates": [
          6.6341963,
          60.5883158
        ],
        "type": "Point"
      },
      "properties": {
        "category": "other",
        "description": "",
        "has_changing_area": true,
        "has_child_seats": false,
        "has_nursing_area": false,
        "has_playground": false,
        "id": "2B1A30CC-CB54-420B-B77A-729DBDFEBA09",
        "is_wheelchair_accessible": true,
        "name": "Public toilets (with changing table)",
        "notes": "",
        "verified": false
      }
    },
    {
      "type": "Feature",
      "geometry": {
        "coordinates": [
          5.358995,
          60.363117
        ],
        "type": "Point"
      },
      "properties": {
        "category": "playground",
        "description": "",
        "has_changing_area": false,
        "has_child_seats": false,
        "has_nursing_area": false,
        "has_playground": true,
        "id": "3114F06A-8D12-4D51-9D4F-58323C8C4E8F",
        "is_wheelchair_accessible": false,
        "name": "Bøkeveien lekeplass",
        "notes": "",
        "verified": false
      }
    },
    {
      "type": "Feature",
      "geometry": {
        "coordinates": [
          10.7614149,
          59.9105532
        ],
        "type": "Point"
      },
      "properties": {
        "category": "cafe",
        "description": "",
        "has_changing_area": false,
        "has_child_seats": false,
        "has_nursing_area": false,
        "has_playground": false,
        "id": "49B07002-2909-42F8-A369-EDC358B9ACC3",
        "is_wheelchair_accessible": false,
        "name": "Kaffebrenneriet",
        "notes": "",
        "verified": false
      }
    },
    {
      "type": "Feature",
      "geometry": {
        "coordinates": [
          18.951798,
          69.648638
        ],
        "type": "Point"
      },
      "properties": {
        "category": "cafe",
        "description": "",
        "has_changing_area": false,
        "has_child_seats": false,
        "has_nursing_area": false,
        "has_playground": false,
        "id": "F7220291-39BC-4D9A-85D7-372F6D02C35B",
        "is_wheelchair_accessible": false,
        "name": "Backbeat kafe & vinyl",
        "notes": "",
        "verified": false
      }
    },
    {
      "type": "Feature",
      "geometry": {
        "coordinates": [
          10.4569661,
          63.4357174
        ],
        "type": "Point"
      },
      "properties": {
        "category": "cafe",
        "description": "",
        "has_changing_area": false,
        "has_child_seats": false,
        "has_nursing_area": false,
        "has_playground": false,
        "id": "869D774F-6401-4C75-A216-BDCFD9B09ABF",
        "is_wheelchair_accessible": false,
        "name": "Chipsticks",
        "notes": "",
        "verified": false
      }
    },
    {
      "type": "Feature",
      "geometry": {
        "coordinates": [
          10.7534733,
          59.9167462
        ],
        "type": "Point"
      },
      "properties": {
        "category": "cafe",
        "description": "",
        "has_changing_area": false,
        "has_child_seats": false,
        "has_nursing_area": false,
        "has_playground": false,
        "id": "8FFAB653-3E5A-4A92-B23F-7CF71E484896",
        "is_wheelchair_accessible": false,
        "name": "Döner Bros",
        "notes": "",
        "verified": false
      }
    },
    {
      "type": "Feature",
      "geometry": {
        "coordinates": [
          10.759698,
          59.8990169
        ],
        "type": "Point"
      },
      "properties": {
        "category": "cafe",
        "description": "",
        "has_changing_area": false,
        "has_child_seats": false,
        "has_nursing_area": false,
        "has_playground": false,
        "id": "F579096D-A93D-4576-A3A3-30AE3344ACE1",
        "is_wheelchair_accessible": false,
        "name": "Karlsborg Spiseforretning",
        "notes": "",
        "verified": false
      }
    },
    {
      "type": "Feature",
      "geometry": {
        "coordinates": [
          10.81007,
          59.650354
        ],
        "type": "Point"
      },
      "properties": {
        "category": "playground",
        "description": "",
        "has_changing_area": false,
        "has_child_seats": false,
        "has_nursing_area": false,
        "has_playground": true,
        "id": "96C76A7C-E02E-48D1-86A1-EECBF2DA8534",
        "is_wheelchair_accessible": false,
        "name": "Epleplassen",
        "notes": "",
        "verified": false
      }
    },
    {
      "type": "Feature",
      "geometry": {
        "coordinates": [
          10.3835144,
          59.8399499
        ],
        "type": "Point"
      },
      "properties": {
        "category": "playground",
        "description": "",
        "has_changing_area": false,
        "has_child_seats": false,
        "has_nursing_area": false,
        "has_playground": true,
        "id": "F50C24D9-3DA3-4465-BC3D-2B0EC4095817",
        "is_wheelchair_accessible": false,
        "name": "balancing plank",
        "notes": "",
        "verified": false
      }
    },
    {
      "type": "Feature",
      "geometry": {
        "coordinates": [
          10.2167224,
          59.1699289
        ],
        "type": "Point"
      },
      "properties": {
        "category": "playground",
        "description": "",
        "has_changing_area": false,
        "has_child_seats": false,
        "has_nursing_area": false,
        "has_playground": true,
        "id": "933F2FD5-9F6A-4CD3-BB74-EEB62B1D7D3C",
        "is_wheelchair_accessible": false,
        "name": "Hunsrød lekeplass 2",
        "notes": "",
        "verified": false
      }
    },
    {
      "type": "Feature",
      "geometry": {
        "coordinates": [
          5.7517539,
          58.9594714
        ],
        "type": "Point"
      },
      "properties": {
        "category": "playground",
        "description": "",
        "has_changing_area": false,
        "has_child_seats": false,
        "has_nursing_area": false,
        "has_playground": true,
        "id": "CC31352B-F126-406B-B733-24879BBF8768",
        "is_wheelchair_accessible": false,
        "name": "Varden barnehage",
        "notes": "",
        "verified": false
      }
    },
    {
      "type": "Feature",
      "geometry": {
        "coordinates": [
          10.4522875,
          61.1218747
        ],
        "type": "Point"
      },
      "properties": {
        "category": "playground",
        "description": "",
        "has_changing_area": false,
        "has_child_seats": false,
        "has_nursing_area": false,
        "has_playground": true,
        "id": "398BDEA5-07E9-4A4E-9389-83853AD77E30",
        "is_wheelchair_accessible": false,
        "name": "Norbana idrettsplass",
        "notes": "",
        "verified": false
      }
    },
    {
      "type": "Feature",
      "geometry": {
        "coordinates": [
          5.332379,
          60.3892813
        ],
        "type": "Point"
      },
      "properties": {
        "category": "cafe",
        "description": "",
        "has_changing_area": false,
        "has_child_seats": false,
        "has_nursing_area": false,
        "has_playground": false,
        "id": "DF12B2F7-EEB1-4770-AAE4-6CC5C9AA1183",
        "is_wheelchair_accessible": true,
        "name": "Funky Frozen Yoghurt",
        "notes": "",
        "verified": false
      }
    },
    {
      "type": "Feature",
      "geometry": {
        "coordinates": [
          10.4788544,
          59.4069727
        ],
        "type": "Point"
      },
      "properties": {
        "category": "playground",
        "description": "",
        "has_changing_area": false,
        "has_child_seats": false,
        "has_nursing_area": false,
        "has_playground": true,
        "id": "9FB746EF-BFFB-48F0-B492-6F40F441D69F",
        "is_wheelchair_accessible": false,
        "name": "Kjeldsbergs plass",
        "notes": "",
        "verified": false
      }
    },
    {
      "type": "Feature",
      "geometry": {
        "coordinates": [
          6.1152639,
          62.4622479
        ],
        "type": "Point"
      },
      "properties": {
        "category": "playground",
        "description": "",
        "has_changing_area": false,
        "has_child_seats": false,
        "has_nursing_area": false,
        "has_playground": true,
        "id": "3BA991C9-AE27-46D7-971F-7C8D37BD25BC",
        "is_wheelchair_accessible": false,
        "name": "Osane",
        "notes": "",
        "verified": false
      }
    },
    {
      "type": "Feature",
      "geometry": {
        "coordinates": [
          10.844131,
          59.8826403
        ],
        "type": "Point"
      },
      "properties": {
        "category": "playground",
        "description": "",
        "has_changing_area": false,
        "has_child_seats": false,
        "has_nursing_area": false,
        "has_playground": true,
        "id": "46F059EA-B0D8-4FEC-A625-26CFF917078C",
        "is_wheelchair_accessible": false,
        "name": "Deichman Bøler",
        "notes": "",
        "verified": false
      }
    },
    {
      "type": "Feature",
      "geometry": {
        "coordinates": [
          10.9613805,
          59.9280232
        ],
        "type": "Point"
      },
      "properties": {
        "category": "playground",
        "description": "",
        "has_changing_area": false,
        "has_child_seats": false,
        "has_nursing_area": false,
        "has_playground": true,
        "id": "172E911F-A114-4586-82C9-265C77609DEB",
        "is_wheelchair_accessible": true,
        "name": "Lørenskog bibliotek",
        "notes": "",
        "verified": false
      }
    },
    {
      "type": "Feature",
      "geometry": {
        "coordinates": [
          5.8509117,
          62.3444805
        ],
        "type": "Point"
      },
      "properties": {
        "category": "playground",
        "description": "",
        "has_changing_area": false,
        "has_child_seats": false,
        "has_nursing_area": false,
        "has_playground": true,
        "id": "3D513A3D-8297-43F4-92B9-FF284D587985",
        "is_wheelchair_accessible": false,
        "name": "Ulsteinvik Barneskole Lekeplass",
        "notes": "",
        "verified": false
      }
    },
    {
      "type": "Feature",
      "geometry": {
        "coordinates": [
          10.763829,
          59.9192997
        ],
        "type": "Point"
      },
      "properties": {
        "category": "cafe",
        "description": "",
        "has_changing_area": false,
        "has_child_seats": false,
        "has_nursing_area": false,
        "has_playground": false,
        "id": "03837075-808C-4926-89DF-C865E0A29AD0",
        "is_wheelchair_accessible": false,
        "name": "Lille Amerika",
        "notes": "",
        "verified": false
      }
    },
    {
      "type": "Feature",
      "geometry": {
        "coordinates": [
          10.742171,
          59.90889
        ],
        "type": "Point"
      },
      "properties": {
        "category": "cafe",
        "description": "",
        "has_changing_area": false,
        "has_child_seats": false,
        "has_nursing_area": false,
        "has_playground": false,
        "id": "A0002B71-BE23-4309-B6C3-5E9088C52D79",
        "is_wheelchair_accessible": false,
        "name": "Engebret Kafé",
        "notes": "",
        "verified": false
      }
    },
    {
      "type": "Feature",
      "geometry": {
        "coordinates": [
          10.3831626,
          63.4308819
        ],
        "type": "Point"
      },
      "properties": {
        "category": "cafe",
        "description": "",
        "has_changing_area": false,
        "has_child_seats": false,
        "has_nursing_area": false,
        "has_playground": false,
        "id": "4FF0CA53-0243-4EF1-9F47-1CE16243A354",
        "is_wheelchair_accessible": false,
        "name": "Løkkan Café og Catering",
        "notes": "",
        "verified": false
      }
    },
    {
      "type": "Feature",
      "geometry": {
        "coordinates": [
          10.7427869,
          59.9095703
        ],
        "type": "Point"
      },
      "properties": {
        "category": "cafe",
        "description": "",
        "has_changing_area": false,
        "has_child_seats": false,
        "has_nursing_area": false,
        "has_playground": false,
        "id": "5AD2DC41-AF2E-4881-9623-E7B0B88C2CC5",
        "is_wheelchair_accessible": false,
        "name": "Magnat",
        "notes": "",
        "verified": false
      }
    },
    {
      "type": "Feature",
      "geometry": {
        "coordinates": [
          10.8448547,
          59.7582753
        ],
        "type": "Point"
      },
      "properties": {
        "category": "playground",
        "description": "",
        "has_changing_area": false,
        "has_child_seats": false,
        "has_nursing_area": false,
        "has_playground": true,
        "id": "E43B97BC-7A6F-4FAF-8311-34248136247B",
        "is_wheelchair_accessible": false,
        "name": "Parken",
        "notes": "",
        "verified": false
      }
    }
  ]
}
