{
  "type": "FeatureCollection",
  "features": [
    {
      "type": "Feature",
      "geometry": {
        "coordinates": [
          13.4940628,
          59.3847015
        ],
        "type": "Point"
      },
      "properties": {
        "category": "playground",
        "description": "",
        "has_changing_area": false,
        "has_child_seats": false,
        "has_nursing_area": false,
        "has_playground": true,
        "id": "2E23CDE2-DCBA-42FD-AB38-E1AC5742FCFB",
        "is_wheelchair_accessible": false,
        "name": "Tysta parkens lekplats",
        "notes": "",
        "verified": false
      }
    },
    {
      "type": "Feature",
      "geometry": {
        "coordinates": [
          22.1978025,
          65.5760894
        ],
        "type": "Point"
      },
      "properties": {
        "category": "playground",
        "description": "",
        "has_changing_area": false,
        "has_child_seats": false,
        "has_nursing_area": false,
        "has_playground": true,
        "id": "4990FEF7-87A2-4D07-B813-1E6558670EF9",
        "is_wheelchair_accessible": false,
        "name": "Kantgatans lekplats",
        "notes": "",
        "verified": false
      }
    },
    {
      "type": "Feature",
      "geometry": {
        "coordinates": [
          17.5257012,
          65.5344437
        ],
        "type": "Point"
      },
      "properties": {
        "category": "other",
        "description": "",
        "has_changing_area": true,
        "has_child_seats": false,
        "has_nursing_area": false,
        "has_playground": false,
        "id": "0CBC45F1-C8A6-4398-BB87-420FC344B5FC",
        "is_wheelchair_accessible": false,
        "name": "Public toilets (with changing table)",
        "notes": "",
        "verified": false
      }
    },
    {
      "type": "Feature",
      "geometry": {
        "coordinates": [
          18.0019443,
          59.3356969
        ],
        "type": "Point"
      },
      "properties": {
        "category": "playground",
        "description": "",
        "has_changing_area": false,
        "has_child_seats": false,
        "has_nursing_area": false,
        "has_playground": true,
        "id": "E758E1D7-A348-4C03-B231-83E140B370AC",
        "is_wheelchair_accessible": false,
        "name": "Lekplatsen Kristinebergsparken",
        "notes": "",
        "verified": false
      }
    },
    {
      "type": "Feature",
      "geometry": {
        "coordinates": [
          18.1234175,
          59.4653479
        ],
        "type": "Point"
      },
      "properties": {
        "category": "playground",
        "description": "",
        "has_changing_area": false,
        "has_child_seats": false,
        "has_nursing_area": false,
        "has_playground": true,
        "id": "164D9783-7162-4A48-86F9-77CD3B06123D",
        "is_wheelchair_accessible": false,
        "name": "Leos Lekland",
        "notes": "",
        "verified": false
      }
    },
    {
      "type": "Feature",
      "geometry": {
        "coordinates": [
          18.0090426,
          59.3392076
        ],
        "type": "Point"
      },
      "properties": {
        "category": "playground",
        "description": "",
        "has_changing_area": false,
        "has_child_seats": false,
        "has_nursing_area": false,
        "has_playground": true,
        "id": "33F4C686-2610-49EE-B37C-EF10DB8DE04B",
        "is_wheelchair_accessible": false,
        "name": "Nelly Sachs park övre",
        "notes": "",
        "verified": false
      }
    },
    {
      "type": "Feature",
      "geometry": {
        "coordinates": [
          17.685983,
          59.8646155
        ],
        "type": "Point"
      },
      "properties": {
        "category": "playground",
        "description": "",
        "has_changing_area": false,
        "has_child_seats": false,
        "has_nursing_area": false,
        "has_playground": true,
        "id": "E08E3809-47BF-4059-9A97-0324461FEA55",
        "is_wheelchair_accessible": false,
        "name": "Bondbönsparken",
        "notes": "",
        "verified": false
      }
    },
    {
      "type": "Feature",
      "geometry": {
        "coordinates": [
          18.0369918,
          59.3478183
        ],
        "type": "Point"
      },
      "properties": {
        "category": "other",
        "description": "",
        "has_changing_area": true,
        "has_child_seats": false,
        "has_nursing_area": false,
        "has_playground": false,
        "id": "24452AB5-4116-4F90-A551-99A0D2BDCCB9",
        "is_wheelchair_accessible": true,
        "name": "Public toilets (with changing table)",
        "notes": "",
        "verified": false
      }
    },
    {
      "type": "Feature",
      "geometry": {
        "coordinates": [
          13.4494862,
          59.3823403
        ],
        "type": "Point"
      },
      "properties": {
        "category": "playground",
        "description": "",
        "has_changing_area": false,
        "has_child_seats": false,
        "has_nursing_area": false,
        "has_playground": true,
        "id": "71BB17EF-2605-4078-A52C-1331749A3F65",
        "is_wheelchair_accessible": false,
        "name": "Stensborgs lekplats",
        "notes": "",
        "verified": false
      }
    },
    {
      "type": "Feature",
      "geometry": {
        "coordinates": [
          21.474393,
          65.3166634
        ],
        "type": "Point"
      },
      "properties": {
        "category": "other",
        "description": "",
        "has_changing_area": true,
        "has_child_seats": false,
        "has_nursing_area": false,
        "has_playground": false,
        "id": "D17EA6DF-D86B-4DD9-B97A-CF69CE0BE2D8",
        "is_wheelchair_accessible": true,
        "name": "Public toilets (with changing table)",
        "notes": "",
        "verified": false
      }
    },
    {
      "type": "Feature",
      "geometry": {
        "coordinates": [
          18.0237632,
          59.284972
        ],
        "type": "Point"
      },
      "properties": {
        "category": "playground",
        "description": "",
        "has_changing_area": false,
        "has_child_seats": false,
        "has_nursing_area": false,
        "has_playground": true,
        "id": "A4089557-A458-4EF8-B2D9-E54044C69072",
        "is_wheelchair_accessible": false,
        "name": "Tre kungars lund",
        "notes": "",
        "verified": false
      }
    },
    {
      "type": "Feature",
      "geometry": {
        "coordinates": [
          13.5680143,
          59.4075679
        ],
        "type": "Point"
      },
      "properties": {
        "category": "playground",
        "description": "",
        "has_changing_area": false,
        "has_child_seats": false,
        "has_nursing_area": false,
        "has_playground": true,
        "id": "7CAB804A-9F82-4154-9142-C669FF35D427",
        "is_wheelchair_accessible": false,
        "name": "Gitarren lekplats",
        "notes": "",
        "verified": false
      }
    },
    {
      "type": "Feature",
      "geometry": {
        "coordinates": [
          15.0829116,
          58.5630018
        ],
        "type": "Point"
      },
      "properties": {
        "category": "playground",
        "description": "",
        "has_changing_area": false,
        "has_child_seats": false,
        "has_nursing_area": false,
        "has_playground": true,
        "id": "9D5190D3-C019-4DDC-8C1F-2B076F771E71",
        "is_wheelchair_accessible": false,
        "name": "lekparken",
        "notes": "",
        "verified": false
      }
    },
    {
      "type": "Feature",
      "geometry": {
        "coordinates": [
          17.1711135,
          60.6617484
        ],
        "type": "Point"
      },
      "properties": {
        "category": "other",
        "description": "",
        "has_changing_area": true,
        "has_child_seats": false,
        "has_nursing_area": false,
        "has_playground": false,
        "id": "175E0682-9904-457D-919D-F3A71E31FD0D",
        "is_wheelchair_accessible": true,
        "name": "Sveriges Järnvägsmuseum",
        "notes": "",
        "verified": false
      }
    },
    {
      "type": "Feature",
      "geometry": {
        "coordinates": [
          17.7841114,
          59.237892
        ],
        "type": "Point"
      },
      "properties": {
        "category": "playground",
        "description": "",
        "has_changing_area": false,
        "has_child_seats": false,
        "has_nursing_area": false,
        "has_playground": true,
        "id": "136A53D9-4B06-4568-B434-18752EE4A333",
        "is_wheelchair_accessible": false,
        "name": "Playing ground",
        "notes": "",
        "verified": false
      }
    },
    {
      "type": "Feature",
      "geometry": {
        "coordinates": [
          17.6881841,
          59.8174722
        ],
        "type": "Point"
      },
      "properties": {
        "category": "playground",
        "description": "",
        "has_changing_area": false,
        "has_child_seats": false,
        "has_nursing_area": false,
        "has_playground": true,
        "id": "126BAAB0-9791-4BB1-8C80-FBEC9D6F2EFB",
        "is_wheelchair_accessible": false,
        "name": "Myrgångsparken",
        "notes": "",
        "verified": false
      }
    },
    {
      "type": "Feature",
      "geometry": {
        "coordinates": [
          16.5903026,
          59.596147
        ],
        "type": "Point"
      },
      "properties": {
        "category": "playground",
        "description": "",
        "has_changing_area": false,
        "has_child_seats": false,
        "has_nursing_area": false,
        "has_playground": true,
        "id": "412A3DCB-9C56-464D-B814-29003D2E38F2",
        "is_wheelchair_accessible": false,
        "name": "Lekplatsen Framnäsplan",
        "notes": "",
        "verified": false
      }
    },
    {
      "type": "Feature",
      "geometry": {
        "coordinates": [
          17.9535551,
          59.3620025
        ],
        "type": "Point"
      },
      "properties": {
        "category": "playground",
        "description": "",
        "has_changing_area": false,
        "has_child_seats": false,
        "has_nursing_area": false,
        "has_playground": true,
        "id": "ABD619CD-63D5-4FA1-9644-60B2485451BC",
        "is_wheelchair_accessible": false,
        "name": "Bubbelparken",
        "notes": "",
        "verified": false
      }
    },
    {
      "type": "Feature",
      "geometry": {
        "coordinates": [
          17.1354083,
          60.6625876
        ],
        "type": "Point"
      },
      "properties": {
        "category": "playground",
        "description": "",
        "has_changing_area": false,
        "has_child_seats": false,
        "has_nursing_area": false,
        "has_playground": true,
        "id": "E8862C75-C94B-440C-A090-17C454EBED28",
        "is_wheelchair_accessible": false,
        "name": "Vesslevägen",
        "notes": "",
        "verified": false
      }
    },
    {
      "type": "Feature",
      "geometry": {
        "coordinates": [
          18.0575792,
          59.5125692
        ],
        "type": "Point"
      },
      "properties": {
        "category": "playground",
        "description": "",
        "has_changing_area": false,
        "has_child_seats": false,
        "has_nursing_area": false,
        "has_playground": true,
        "id": "42C30E70-720D-46D8-B0FA-A15B8C1A3991",
        "is_wheelchair_accessible": false,
        "name": "Lovisedalhöjden 34 B",
        "notes": "",
        "verified": false
      }
    },
    {
      "type": "Feature",
      "geometry": {
        "coordinates": [
          17.6116555,
          59.8614316
        ],
        "type": "Point"
      },
      "properties": {
        "category": "playground",
        "description": "",
        "has_changing_area": false,
        "has_child_seats": false,
        "has_nursing_area": false,
        "has_playground": true,
        "id": "44D56B28-0606-44DB-A6C1-0A3B2F858355",
        "is_wheelchair_accessible": false,
        "name": "Giraffparken",
        "notes": "",
        "verified": false
      }
    },
    {
      "type": "Feature",
      "geometry": {
        "coordinates": [
          13.3362464,
          59.3833141
        ],
        "type": "Point"
      },
      "properties": {
        "category": "other",
        "description": "",
        "has_changing_area": true,
        "has_child_seats": false,
        "has_nursing_area": false,
        "has_playground": false,
        "id": "485D19C4-EC55-459B-A419-1B9A1608BC55",
        "is_wheelchair_accessible": true,
        "name": "Public toilets (with changing table)",
        "notes": "",
        "verified": false
      }
    },
    {
      "type": "Feature",
      "geometry": {
        "coordinates": [
          17.9453447,
          59.4277051
        ],
        "type": "Point"
      },
      "properties": {
        "category": "playground",
        "description": "",
        "has_changing_area": false,
        "has_child_seats": false,
        "has_nursing_area": false,
        "has_playground": true,
        "id": "47FBACD6-CE93-4E47-88B1-309066EDA5D5",
        "is_wheelchair_accessible": true,
        "name": "Krumelurparken",
        "notes": "",
        "verified": false
      }
    },
    {
      "type": "Feature",
      "geometry": {
        "coordinates": [
          17.6938335,
          59.8470144
        ],
        "type": "Point"
      },
      "properties": {
        "category": "cafe",
        "description": "",
        "has_changing_area": true,
        "has_child_seats": true,
        "has_nursing_area": false,
        "has_playground": true,
        "id": "3897AFB6-C536-4D94-A753-CAE306C6C09D",
        "is_wheelchair_accessible": true,
        "name": "IKEA Restaurant",
        "notes": "",
        "verified": false
      }
    },
    {
      "type": "Feature",
      "geometry": {
        "coordinates": [
          12.4024852,
          58.3632236
        ],
        "type": "Point"
      },
      "properties": {
        "category": "cafe",
        "description": "",
        "has_changing_area": true,
        "has_child_seats": true,
        "has_nursing_area": false,
        "has_playground": false,
        "id": "5937748F-89F0-4A68-A15C-EAE87331B9A7",
        "is_wheelchair_accessible": false,
        "name": "Café Villa Björkås",
        "notes": "",
        "verified": false
      }
    },
    {
      "type": "Feature",
      "geometry": {
        "coordinates": [
          18.0198057,
          59.3624209
        ],
        "type": "Point"
      },
      "properties": {
        "category": "playground",
        "description": "",
        "has_changing_area": false,
        "has_child_seats": false,
        "has_nursing_area": false,
        "has_playground": true,
        "id": "2E2261CF-A61E-4CBE-A4E8-09D5B78E013A",
        "is_wheelchair_accessible": false,
        "name": "Carl Thunbergs väg",
        "notes": "",
        "verified": false
      }
    },
    {
      "type": "Feature",
      "geometry": {
        "coordinates": [
          15.6757403,
          58.3880066
        ],
        "type": "Point"
      },
      "properties": {
        "category": "playground",
        "description": "",
        "has_changing_area": false,
        "has_child_seats": false,
        "has_nursing_area": false,
        "has_playground": true,
        "id": "AE80195F-BDB3-43C1-B8C5-C6804415BD5C",
        "is_wheelchair_accessible": false,
        "name": "Ekhagagatan",
        "notes": "",
        "verified": false
      }
    },
    {
      "type": "Feature",
      "geometry": {
        "coordinates": [
          15.7014075,
          58.3664989
        ],
        "type": "Point"
      },
      "properties": {
        "category": "playground",
        "description": "",
        "has_changing_area": false,
        "has_child_seats": false,
        "has_nursing_area": false,
        "has_playground": true,
        "id": "DC24EC23-948F-47D2-A923-12F49EC96008",
        "is_wheelchair_accessible": false,
        "name": "Fornlekplatsen",
        "notes": "",
        "verified": false
      }
    },
    {
      "type": "Feature",
      "geometry": {
        "coordinates": [
          18.1762296,
          59.3280309
        ],
        "type": "Point"
      },
      "properties": {
        "category": "other",
        "description": "",
        "has_changing_area": true,
        "has_child_seats": false,
        "has_nursing_area": false,
        "has_playground": false,
        "id": "1E0561B8-5734-4BA2-885F-78E4C80E1256",
        "is_wheelchair_accessible": true,
        "name": "Public toilets (with changing table)",
        "notes": "",
        "verified": false
      }
    },
    {
      "type": "Feature",
      "geometry": {
        "coordinates": [
          17.9698264,
          59.2366013
        ],
        "type": "Point"
      },
      "properties": {
        "category": "playground",
        "description": "",
        "has_changing_area": false,
        "has_child_seats": false,
        "has_nursing_area": false,
        "has_playground": true,
        "id": "69B8D3F6-E803-4B0A-B706-659ABA017FD8",
        "is_wheelchair_accessible": false,
        "name": "Mossparken",
        "notes": "",
        "verified": false
      }
    },
    {
      "type": "Feature",
      "geometry": {
        "coordinates": [
          16.6116623,
          59.9046363
        ],
        "type": "Point"
      },
      "properties": {
        "category": "playground",
        "description": "",
        "has_changing_area": false,
        "has_child_seats": false,
        "has_nursing_area": false,
        "has_playground": true,
        "id": "41E90717-7331-4DC4-9D08-F017E76146DD",
        "is_wheelchair_accessible": false,
        "name": "Mångatans lekpark",
        "notes": "",
        "verified": false
      }
    },
    {
      "type": "Feature",
      "geometry": {
        "coordinates": [
          14.7094086,
          58.3355565
        ],
        "type": "Point"
      },
      "properties": {
        "category": "other",
        "description": "",
        "has_changing_area": true,
        "has_child_seats": false,
        "has_nursing_area": false,
        "has_playground": false,
        "id": "89033947-F7EB-4F73-9990-1A5CE1330B5F",
        "is_wheelchair_accessible": false,
        "name": "Public toilets (with changing table)",
        "notes": "",
        "verified": false
      }
    },
    {
      "type": "Feature",
      "geometry": {
        "coordinates": [
          20.1947833,
          63.8638374
        ],
        "type": "Point"
      },
      "properties": {
        "category": "playground",
        "description": "",
        "has_changing_area": false,
        "has_child_seats": false,
        "has_nursing_area": false,
        "has_playground": true,
        "id": "4A84404D-C98F-4689-9288-F349D398D865",
        "is_wheelchair_accessible": false,
        "name": "Lilla Forslunda",
        "notes": "",
        "verified": false
      }
    },
    {
      "type": "Feature",
      "geometry": {
        "coordinates": [
          16.6146017,
          59.9069867
        ],
        "type": "Point"
      },
      "properties": {
        "category": "playground",
        "description": "",
        "has_changing_area": false,
        "has_child_seats": false,
        "has_nursing_area": false,
        "has_playground": true,
        "id": "72DE4903-884C-41E1-AB5A-6291124C4C93",
        "is_wheelchair_accessible": false,
        "name": "Svanens lekplats",
        "notes": "",
        "verified": false
      }
    },
    {
      "type": "Feature",
      "geometry": {
        "coordinates": [
          18.0095468,
          59.3757811
        ],
        "type": "Point"
      },
      "properties": {
        "category": "playground",
        "description": "",
        "has_changing_area": false,
        "has_child_seats": false,
        "has_nursing_area": false,
        "has_playground": true,
        "id": "9BCFCD1E-CBAF-4CD3-95C2-6605BB090D41",
        "is_wheelchair_accessible": false,
        "name": "Gunga",
        "notes": "",
        "verified": false
      }
    },
    {
      "type": "Feature",
      "geometry": {
        "coordinates": [
          21.0759001,
          64.6116707
        ],
        "type": "Point"
      },
      "properties": {
        "category": "playground",
        "description": "",
        "has_changing_area": false,
        "has_child_seats": false,
        "has_nursing_area": false,
        "has_playground": true,
        "id": "0E6238B2-66E5-43E5-9B75-AED4E9401C2B",
        "is_wheelchair_accessible": false,
        "name": "Kojan På Stenen",
        "notes": "",
        "verified": false
      }
    },
    {
      "type": "Feature",
      "geometry": {
        "coordinates": [
          20.5615428,
          63.9026953
        ],
        "type": "Point"
      },
      "properties": {
        "category": "playground",
        "description": "",
        "has_changing_area": false,
        "has_child_seats": false,
        "has_nursing_area": false,
        "has_playground": true,
        "id": "9478DA26-135C-43FE-B0F0-8599711EE9F5",
        "is_wheelchair_accessible": false,
        "name": "Sportlovsparken",
        "notes": "",
        "verified": false
      }
    },
    {
      "type": "Feature",
      "geometry": {
        "coordinates": [
          18.2373168,
          59.1674711
        ],
        "type": "Point"
      },
      "properties": {
        "category": "other",
        "description": "",
        "has_changing_area": true,
        "has_child_seats": false,
        "has_nursing_area": false,
        "has_playground": false,
        "id": "17218427-D6E3-45D5-BEDF-D2B7B44E17C6",
        "is_wheelchair_accessible": false,
        "name": "Public toilets (with changing table)",
        "notes": "",
        "verified": false
      }
    },
    {
      "type": "Feature",
      "geometry": {
        "coordinates": [
          17.7757515,
          59.4080194
        ],
        "type": "Point"
      },
      "properties": {
        "category": "playground",
        "description": "",
        "has_changing_area": false,
        "has_child_seats": false,
        "has_nursing_area": false,
        "has_playground": true,
        "id": "23B80A55-88E4-44F5-BA59-9F43C70025B6",
        "is_wheelchair_accessible": true,
        "name": "Sandviks Ut-och-lek",
        "notes": "",
        "verified": false
      }
    },
    {
      "type": "Feature",
      "geometry": {
        "coordinates": [
          14.5571157,
          59.3340825
        ],
        "type": "Point"
      },
      "properties": {
        "category": "playground",
        "description": "",
        "has_changing_area": false,
        "has_child_seats": false,
        "has_nursing_area": false,
        "has_playground": true,
        "id": "40DA199D-E8C9-48B7-AC38-30FC8376104F",
        "is_wheelchair_accessible": false,
        "name": "Knektåsparken",
        "notes": "",
        "verified": false
      }
    },
    {
      "type": "Feature",
      "geometry": {
        "coordinates": [
          14.1328036,
          58.6266789
        ],
        "type": "Point"
      },
      "properties": {
        "category": "other",
        "description": "",
        "has_changing_area": true,
        "has_child_seats": false,
        "has_nursing_area": false,
        "has_playground": false,
        "id": "66384D43-EC45-4831-96E9-40845F4CFA75",
        "is_wheelchair_accessible": true,
        "name": "Public toilets (with changing table)",
        "notes": "",
        "verified": false
      }
    },
    {
      "type": "Feature",
      "geometry": {
        "coordinates": [
          17.9065209,
          59.4607812
        ],
        "type": "Point"
      },
      "properties": {
        "category": "playground",
        "description": "",
        "has_changing_area": false,
        "has_child_seats": false,
        "has_nursing_area": false,
        "has_playground": true,
        "id": "6EFF93CF-9C3E-4A74-A249-F0C34200267D",
        "is_wheelchair_accessible": false,
        "name": "Lekområde 7",
        "notes": "",
        "verified": false
      }
    },
    {
      "type": "Feature",
      "geometry": {
        "coordinates": [
          22.1935401,
          65.5993509
        ],
        "type": "Point"
      },
      "properties": {
        "category": "playground",
        "description": "",
        "has_changing_area": false,
        "has_child_seats": false,
        "has_nursing_area": false,
        "has_playground": true,
        "id": "DDF830D3-2427-44A9-8C00-AFC9D86FD085",
        "is_wheelchair_accessible": false,
        "name": "Stora bergets lekpark",
        "notes": "",
        "verified": false
      }
    },
    {
      "type": "Feature",
      "geometry": {
        "coordinates": [
          17.9290238,
          59.6486481
        ],
        "type": "Point"
      },
      "properties": {
        "category": "other",
        "description": "",
        "has_changing_area": true,
        "has_child_seats": false,
        "has_nursing_area": false,
        "has_playground": false,
        "id": "E16DFCD3-B11A-4725-A0AF-C99279925DBD",
        "is_wheelchair_accessible": true,
        "name": "Public toilets (with changing table)",
        "notes": "",
        "verified": false
      }
    },
    {
      "type": "Feature",
      "geometry": {
        "coordinates": [
          18.0480535,
          59.3528953
        ],
        "type": "Point"
      },
      "properties": {
        "category": "other",
        "description": "",
        "has_changing_area": true,
        "has_child_seats": false,
        "has_nursing_area": false,
        "has_playground": false,
        "id": "3249240F-5846-4603-AAA4-7A1C2AF638CA",
        "is_wheelchair_accessible": false,
        "name": "Public toilets (with changing table)",
        "notes": "",
        "verified": false
      }
    },
    {
      "type": "Feature",
      "geometry": {
        "coordinates": [
          18.0565458,
          59.3302748
        ],
        "type": "Point"
      },
      "properties": {
        "category": "playground",
        "description": "",
        "has_changing_area": false,
        "has_child_seats": false,
        "has_nursing_area": false,
        "has_playground": true,
        "id": "1AC92F3C-7075-45FA-9FD4-E05DDD10376C",
        "is_wheelchair_accessible": false,
        "name": "Alfons Åbergs barnväntsal",
        "notes": "",
        "verified": false
      }
    },
    {
      "type": "Feature",
      "geometry": {
        "coordinates": [
          17.1848059,
          60.6987998
        ],
        "type": "Point"
      },
      "properties": {
        "category": "playground",
        "description": "",
        "has_changing_area": false,
        "has_child_seats": false,
        "has_nursing_area": false,
        "has_playground": true,
        "id": "D81FC74A-117A-4FCE-9665-F22C9E1AB5D9",
        "is_wheelchair_accessible": false,
        "name": "Jonstorp",
        "notes": "",
        "verified": false
      }
    },
    {
      "type": "Feature",
      "geometry": {
        "coordinates": [
          17.9051188,
          59.4637484
        ],
        "type": "Point"
      },
      "properties": {
        "category": "playground",
        "description": "",
        "has_changing_area": false,
        "has_child_seats": false,
        "has_nursing_area": false,
        "has_playground": true,
        "id": "AA52A164-FBF4-4E79-9714-3046396CD941",
        "is_wheelchair_accessible": false,
        "name": "Lekområde 6",
        "notes": "",
        "verified": false
      }
    },
    {
      "type": "Feature",
      "geometry": {
        "coordinates": [
          17.6088108,
          59.8624984
        ],
        "type": "Point"
      },
      "properties": {
        "category": "playground",
        "description": "",
        "has_changing_area": false,
        "has_child_seats": false,
        "has_nursing_area": false,
        "has_playground": true,
        "id": "3539BFEB-9560-4C18-90C0-64BB53231BDE",
        "is_wheelchair_accessible": false,
        "name": "Åkerlyckan",
        "notes": "",
        "verified": false
      }
    },
    {
      "type": "Feature",
      "geometry": {
        "coordinates": [
          21.7277925,
          65.7730965
        ],
        "type": "Point"
      },
      "properties": {
        "category": "playground",
        "description": "",
        "has_changing_area": false,
        "has_child_seats": false,
        "has_nursing_area": false,
        "has_playground": true,
        "id": "3E26CF2D-C0FD-451C-A6D7-C8DC24F49655",
        "is_wheelchair_accessible": false,
        "name": "Morotsparken",
        "notes": "",
        "verified": false
      }
    },
    {
      "type": "Feature",
      "geometry": {
        "coordinates": [
          17.0862423,
          59.6047746
        ],
        "type": "Point"
      },
      "properties": {
        "category": "playground",
        "description": "",
        "has_changing_area": false,
        "has_child_seats": false,
        "has_nursing_area": false,
        "has_playground": true,
        "id": "AF3FB483-4BEA-4946-BAA9-19BD522BB7BF",
        "is_wheelchair_accessible": false,
        "name": "Storskogens Lekplats",
        "notes": "",
        "verified": false
      }
    },
    {
      "type": "Feature",
      "geometry": {
        "coordinates": [
          18.6600547,
          64.5821464
        ],
        "type": "Point"
      },
      "properties": {
        "category": "playground",
        "description": "",
        "has_changing_area": false,
        "has_child_seats": false,
        "has_nursing_area": false,
        "has_playground": true,
        "id": "42ABA297-3064-477C-A290-9B964EB93640",
        "is_wheelchair_accessible": false,
        "name": "Lyckoland",
        "notes": "",
        "verified": false
      }
    },
    {
      "type": "Feature",
      "geometry": {
        "coordinates": [
          17.9519945,
          59.4284262
        ],
        "type": "Point"
      },
      "properties": {
        "category": "playground",
        "description": "",
        "has_changing_area": false,
        "has_child_seats": false,
        "has_nursing_area": false,
        "has_playground": true,
        "id": "3F3A7386-523B-4438-AA32-20E427433974",
        "is_wheelchair_accessible": false,
        "name": "Barnens lekhörna",
        "notes": "",
        "verified": false
      }
    },
    {
      "type": "Feature",
      "geometry": {
        "coordinates": [
          17.6727203,
          59.8600006
        ],
        "type": "Point"
      },
      "properties": {
        "category": "playground",
        "description": "",
        "has_changing_area": false,
        "has_child_seats": false,
        "has_nursing_area": false,
        "has_playground": true,
        "id": "1FBD4A3C-4610-40C5-B433-FAE826CE4A83",
        "is_wheelchair_accessible": false,
        "name": "Gunsta backar",
        "notes": "",
        "verified": false
      }
    },
    {
      "type": "Feature",
      "geometry": {
        "coordinates": [
          15.7066441,
          59.8262269
        ],
        "type": "Point"
      },
      "properties": {
        "category": "playground",
        "description": "",
        "has_changing_area": false,
        "has_child_seats": false,
        "has_nursing_area": false,
        "has_playground": true,
        "id": "06A723F1-74B5-4CE2-B4BF-71BDED82DAD5",
        "is_wheelchair_accessible": false,
        "name": "Masbo lekplats",
        "notes": "",
        "verified": false
      }
    },
    {
      "type": "Feature",
      "geometry": {
        "coordinates": [
          17.132426,
          60.6460921
        ],
        "type": "Point"
      },
      "properties": {
        "category": "playground",
        "description": "",
        "has_changing_area": false,
        "has_child_seats": false,
        "has_nursing_area": false,
        "has_playground": true,
        "id": "0AA45A12-EB71-4061-9A67-CA2228CB0125",
        "is_wheelchair_accessible": false,
        "name": "Stureborg",
        "notes": "",
        "verified": false
      }
    },
    {
      "type": "Feature",
      "geometry": {
        "coordinates": [
          13.4843304,
          59.3751379
        ],
        "type": "Point"
      },
      "properties": {
        "category": "playground",
        "description": "",
        "has_changing_area": false,
        "has_child_seats": false,
        "has_nursing_area": false,
        "has_playground": true,
        "id": "FC1C316D-3C64-4681-B745-F6DC31F7386E",
        "is_wheelchair_accessible": false,
        "name": "Släktens lekplats",
        "notes": "",
        "verified": false
      }
    },
    {
      "type": "Feature",
      "geometry": {
        "coordinates": [
          17.8306852,
          59.3688398
        ],
        "type": "Point"
      },
      "properties": {
        "category": "playground",
        "description": "",
        "has_changing_area": false,
        "has_child_seats": false,
        "has_nursing_area": false,
        "has_playground": true,
        "id": "1226918E-A568-4C65-81E8-8E470FDD1852",
        "is_wheelchair_accessible": false,
        "name": "Lövverket",
        "notes": "",
        "verified": false
      }
    },
    {
      "type": "Feature",
      "geometry": {
        "coordinates": [
          18.3548969,
          59.7442595
        ],
        "type": "Point"
      },
      "properties": {
        "category": "playground",
        "description": "",
        "has_changing_area": false,
        "has_child_seats": false,
        "has_nursing_area": false,
        "has_playground": true,
        "id": "5AC43762-63C4-408B-B23A-C1EF8E032F53",
        "is_wheelchair_accessible": false,
        "name": "Skavsjöparkens lekplats",
        "notes": "",
        "verified": false
      }
    },
    {
      "type": "Feature",
      "geometry": {
        "coordinates": [
          17.12677,
          60.6748537
        ],
        "type": "Point"
      },
      "properties": {
        "category": "playground",
        "description": "",
        "has_changing_area": false,
        "has_child_seats": false,
        "has_nursing_area": false,
        "has_playground": true,
        "id": "52A98EF1-A269-49CD-B200-EBFCA799AF2F",
        "is_wheelchair_accessible": false,
        "name": "Stadsträdgården",
        "notes": "",
        "verified": false
      }
    },
    {
      "type": "Feature",
      "geometry": {
        "coordinates": [
          12.2928694,
          58.2839041
        ],
        "type": "Point"
      },
      "properties": {
        "category": "playground",
        "description": "",
        "has_changing_area": false,
        "has_child_seats": false,
        "has_nursing_area": false,
        "has_playground": true,
        "id": "F2F4F48C-B2BF-4EC5-A4F1-7F11A3C7B0C4",
        "is_wheelchair_accessible": false,
        "name": "Macken-lekplatsen",
        "notes": "",
        "verified": false
      }
    },
    {
      "type": "Feature",
      "geometry": {
        "coordinates": [
          14.1280579,
          59.311659
        ],
        "type": "Point"
      },
      "properties": {
        "category": "other",
        "description": "",
        "has_changing_area": true,
        "has_child_seats": false,
        "has_nursing_area": false,
        "has_playground": false,
        "id": "F3D836FB-2319-4FFB-8A36-C5EAB1230FB4",
        "is_wheelchair_accessible": true,
        "name": "Public toilets (with changing table)",
        "notes": "",
        "verified": false
      }
    },
    {
      "type": "Feature",
      "geometry": {
        "coordinates": [
          13.4791975,
          59.3826981
        ],
        "type": "Point"
      },
      "properties": {
        "category": "playground",
        "description": "",
        "has_changing_area": false,
        "has_child_seats": false,
        "has_nursing_area": false,
        "has_playground": true,
        "id": "11B3AE79-D4C2-4EE9-A45B-172B2E14C76D",
        "is_wheelchair_accessible": false,
        "name": "Svanågatans lekplats",
        "notes": "",
        "verified": false
      }
    },
    {
      "type": "Feature",
      "geometry": {
        "coordinates": [
          18.0802581,
          59.3347609
        ],
        "type": "Point"
      },
      "properties": {
        "category": "other",
        "description": "",
        "has_changing_area": true,
        "has_child_seats": false,
        "has_nursing_area": false,
        "has_playground": false,
        "id": "A325A1C8-8136-4863-A58F-836F1BA51BF7",
        "is_wheelchair_accessible": true,
        "name": "Armémuseum",
        "notes": "",
        "verified": false
      }
    },
    {
      "type": "Feature",
      "geometry": {
        "coordinates": [
          16.1050442,
          58.0301879
        ],
        "type": "Point"
      },
      "properties": {
        "category": "playground",
        "description": "",
        "has_changing_area": false,
        "has_child_seats": false,
        "has_nursing_area": false,
        "has_playground": true,
        "id": "4EEFF9DE-6795-4AAC-B561-A451F8CB7F8C",
        "is_wheelchair_accessible": false,
        "name": "Risebo",
        "notes": "",
        "verified": false
      }
    },
    {
      "type": "Feature",
      "geometry": {
        "coordinates": [
          13.4960558,
          58.5272994
        ],
        "type": "Point"
      },
      "properties": {
        "category": "playground",
        "description": "",
        "has_changing_area": false,
        "has_child_seats": false,
        "has_nursing_area": false,
        "has_playground": true,
        "id": "AE86E10A-03DF-448D-9492-578A34A9A117",
        "is_wheelchair_accessible": false,
        "name": "Solbacken",
        "notes": "",
        "verified": false
      }
    },
    {
      "type": "Feature",
      "geometry": {
        "coordinates": [
          16.5897035,
          59.6658975
        ],
        "type": "Point"
      },
      "properties": {
        "category": "playground",
        "description": "",
        "has_changing_area": false,
        "has_child_seats": false,
        "has_nursing_area": false,
        "has_playground": true,
        "id": "30E53937-1193-4C54-98E5-DF298F0141D1",
        "is_wheelchair_accessible": false,
        "name": "Lekplats",
        "notes": "",
        "verified": false
      }
    },
    {
      "type": "Feature",
      "geometry": {
        "coordinates": [
          11.232401,
          58.7112002
        ],
        "type": "Point"
      },
      "properties": {
        "category": "other",
        "description": "",
        "has_changing_area": true,
        "has_child_seats": false,
        "has_nursing_area": false,
        "has_playground": false,
        "id": "21E8BFE2-DF6D-454A-B2E1-DD45572BF951",
        "is_wheelchair_accessible": false,
        "name": "Public toilets (with changing table)",
        "notes": "",
        "verified": false
      }
    },
    {
      "type": "Feature",
      "geometry": {
        "coordinates": [
          13.5910798,
          59.408982
        ],
        "type": "Point"
      },
      "properties": {
        "category": "playground",
        "description": "",
        "has_changing_area": false,
        "has_child_seats": false,
        "has_nursing_area": false,
        "has_playground": true,
        "id": "FE1A7E45-C067-463D-84DC-A9EA33CA3526",
        "is_wheelchair_accessible": false,
        "name": "Mjölnartorpets lekplats",
        "notes": "",
        "verified": false
      }
    },
    {
      "type": "Feature",
      "geometry": {
        "coordinates": [
          13.2630068,
          61.1590744
        ],
        "type": "Point"
      },
      "properties": {
        "category": "playground",
        "description": "",
        "has_changing_area": false,
        "has_child_seats": false,
        "has_nursing_area": false,
        "has_playground": true,
        "id": "5ABD2DCB-D076-40A4-86A3-B3FFE67FE8DE",
        "is_wheelchair_accessible": false,
        "name": "Gustav Vasa lekpark",
        "notes": "",
        "verified": false
      }
    },
    {
      "type": "Feature",
      "geometry": {
        "coordinates": [
          20.3271519,
          63.8593068
        ],
        "type": "Point"
      },
      "properties": {
        "category": "playground",
        "description": "",
        "has_changing_area": false,
        "has_child_seats": false,
        "has_nursing_area": false,
        "has_playground": true,
        "id": "017D9411-32B6-43D7-A51B-E6AB95F5104E",
        "is_wheelchair_accessible": false,
        "name": "Östra Ersboda äventyrslekpark",
        "notes": "",
        "verified": false
      }
    },
    {
      "type": "Feature",
      "geometry": {
        "coordinates": [
          15.9866995,
          59.521414
        ],
        "type": "Point"
      },
      "properties": {
        "category": "playground",
        "description": "",
        "has_changing_area": false,
        "has_child_seats": false,
        "has_nursing_area": false,
        "has_playground": true,
        "id": "76C25E48-F0D9-49F3-941B-3389A7402129",
        "is_wheelchair_accessible": false,
        "name": "Bronsspännet",
        "notes": "",
        "verified": false
      }
    },
    {
      "type": "Feature",
      "geometry": {
        "coordinates": [
          13.4447974,
          59.3831153
        ],
        "type": "Point"
      },
      "properties": {
        "category": "playground",
        "description": "",
        "has_changing_area": false,
        "has_child_seats": false,
        "has_nursing_area": false,
        "has_playground": true,
        "id": "CE14E663-25BB-495A-91BC-07675C14AFAA",
        "is_wheelchair_accessible": false,
        "name": "Lavendels lekplats",
        "notes": "",
        "verified": false
      }
    },
    {
      "type": "Feature",
      "geometry": {
        "coordinates": [
          13.5181719,
          59.3803114
        ],
        "type": "Point"
      },
      "properties": {
        "category": "playground",
        "description": "",
        "has_changing_area": false,
        "has_child_seats": false,
        "has_nursing_area": false,
        "has_playground": true,
        "id": "9B33D18B-8B16-4168-801A-18A9A817327E",
        "is_wheelchair_accessible": false,
        "name": "Herrhagsparken",
        "notes": "",
        "verified": false
      }
    },
    {
      "type": "Feature",
      "geometry": {
        "coordinates": [
          13.5154923,
          59.4109148
        ],
        "type": "Point"
      },
      "properties": {
        "category": "playground",
        "description": "",
        "has_changing_area": false,
        "has_child_seats": false,
        "has_nursing_area": false,
        "has_playground": true,
        "id": "3BC010B5-5887-4172-B992-BFF537A815EF",
        "is_wheelchair_accessible": false,
        "name": "Långtäppans lekplats",
        "notes": "",
        "verified": false
      }
    },
    {
      "type": "Feature",
      "geometry": {
        "coordinates": [
          18.036616,
          59.3978647
        ],
        "type": "Point"
      },
      "properties": {
        "category": "other",
        "description": "",
        "has_changing_area": true,
        "has_child_seats": false,
        "has_nursing_area": false,
        "has_playground": false,
        "id": "9F3EABB7-36B0-426E-8DBE-D6A10C10F87B",
        "is_wheelchair_accessible": true,
        "name": "Mörby centrum",
        "notes": "",
        "verified": false
      }
    },
    {
      "type": "Feature",
      "geometry": {
        "coordinates": [
          18.0352951,
          59.4293806
        ],
        "type": "Point"
      },
      "properties": {
        "category": "playground",
        "description": "",
        "has_changing_area": false,
        "has_child_seats": false,
        "has_nursing_area": false,
        "has_playground": true,
        "id": "B1E37C48-4C55-41CA-BD50-ABAA490309F6",
        "is_wheelchair_accessible": false,
        "name": "Breda vägens lekplats",
        "notes": "",
        "verified": false
      }
    },
    {
      "type": "Feature",
      "geometry": {
        "coordinates": [
          13.4970863,
          59.3696126
        ],
        "type": "Point"
      },
      "properties": {
        "category": "playground",
        "description": "",
        "has_changing_area": false,
        "has_child_seats": false,
        "has_nursing_area": false,
        "has_playground": true,
        "id": "69C6D204-A139-4543-9911-4634B0AE4BB0",
        "is_wheelchair_accessible": false,
        "name": "Orrleken",
        "notes": "",
        "verified": false
      }
    },
    {
      "type": "Feature",
      "geometry": {
        "coordinates": [
          15.2523973,
          59.2769084
        ],
        "type": "Point"
      },
      "properties": {
        "category": "other",
        "description": "",
        "has_changing_area": true,
        "has_child_seats": false,
        "has_nursing_area": false,
        "has_playground": false,
        "id": "F333E66B-207E-4162-9E5A-902F1193A87A",
        "is_wheelchair_accessible": true,
        "name": "Public toilets (with changing table)",
        "notes": "",
        "verified": false
      }
    },
    {
      "type": "Feature",
      "geometry": {
        "coordinates": [
          15.6666149,
          58.3897594
        ],
        "type": "Point"
      },
      "properties": {
        "category": "playground",
        "description": "",
        "has_changing_area": false,
        "has_child_seats": false,
        "has_nursing_area": false,
        "has_playground": true,
        "id": "9685922D-6424-46CE-B933-94A772D22673",
        "is_wheelchair_accessible": false,
        "name": "Berget",
        "notes": "",
        "verified": false
      }
    },
    {
      "type": "Feature",
      "geometry": {
        "coordinates": [
          13.5383544,
          59.4209479
        ],
        "type": "Point"
      },
      "properties": {
        "category": "playground",
        "description": "",
        "has_changing_area": false,
        "has_child_seats": false,
        "has_nursing_area": false,
        "has_playground": true,
        "id": "602B875F-3972-4532-8DC9-42CBF21EF3B2",
        "is_wheelchair_accessible": false,
        "name": "Fallbråtens lekplats",
        "notes": "",
        "verified": false
      }
    },
    {
      "type": "Feature",
      "geometry": {
        "coordinates": [
          17.9949481,
          59.3077197
        ],
        "type": "Point"
      },
      "properties": {
        "category": "other",
        "description": "",
        "has_changing_area": true,
        "has_child_seats": false,
        "has_nursing_area": false,
        "has_playground": false,
        "id": "600F5AAE-F824-45B3-8E2C-50FEA5DD5B1E",
        "is_wheelchair_accessible": false,
        "name": "Public toilets (with changing table)",
        "notes": "",
        "verified": false
      }
    },
    {
      "type": "Feature",
      "geometry": {
        "coordinates": [
          18.2992341,
          59.47984
        ],
        "type": "Point"
      },
      "properties": {
        "category": "other",
        "description": "",
        "has_changing_area": true,
        "has_child_seats": false,
        "has_nursing_area": false,
        "has_playground": false,
        "id": "87A7B911-45E9-4FE8-B45B-0C7CA1163AA1",
        "is_wheelchair_accessible": false,
        "name": "Public toilets (with changing table)",
        "notes": "",
        "verified": false
      }
    },
    {
      "type": "Feature",
      "geometry": {
        "coordinates": [
          18.0028171,
          59.3715276
        ],
        "type": "Point"
      },
      "properties": {
        "category": "other",
        "description": "",
        "has_changing_area": true,
        "has_child_seats": false,
        "has_nursing_area": false,
        "has_playground": false,
        "id": "F6CE4293-231D-40C0-8D73-D6BC06C9CAAC",
        "is_wheelchair_accessible": true,
        "name": "Public toilets (with changing table)",
        "notes": "",
        "verified": false
      }
    },
    {
      "type": "Feature",
      "geometry": {
        "coordinates": [
          20.9140776,
          64.743716
        ],
        "type": "Point"
      },
      "properties": {
        "category": "playground",
        "description": "",
        "has_changing_area": false,
        "has_child_seats": false,
        "has_nursing_area": false,
        "has_playground": true,
        "id": "0CE91CE6-EE42-4F62-B100-15A08AC42C92",
        "is_wheelchair_accessible": false,
        "name": "Ekorrvägens lekpark",
        "notes": "",
        "verified": false
      }
    },
    {
      "type": "Feature",
      "geometry": {
        "coordinates": [
          16.9677169,
          59.940268
        ],
        "type": "Point"
      },
      "properties": {
        "category": "playground",
        "description": "",
        "has_changing_area": false,
        "has_child_seats": false,
        "has_nursing_area": false,
        "has_playground": true,
        "id": "B072757A-C05C-42D4-8B46-919A16155E09",
        "is_wheelchair_accessible": false,
        "name": "Samhällets äldsta lekplats",
        "notes": "",
        "verified": false
      }
    },
    {
      "type": "Feature",
      "geometry": {
        "coordinates": [
          16.6177481,
          59.6033258
        ],
        "type": "Point"
      },
      "properties": {
        "category": "playground",
        "description": "",
        "has_changing_area": false,
        "has_child_seats": false,
        "has_nursing_area": false,
        "has_playground": true,
        "id": "BCBC788C-50E2-453A-BD15-D149E695EE58",
        "is_wheelchair_accessible": false,
        "name": "Gungplatsen",
        "notes": "",
        "verified": false
      }
    },
    {
      "type": "Feature",
      "geometry": {
        "coordinates": [
          17.6351366,
          59.8981207
        ],
        "type": "Point"
      },
      "properties": {
        "category": "other",
        "description": "",
        "has_changing_area": true,
        "has_child_seats": false,
        "has_nursing_area": false,
        "has_playground": false,
        "id": "E06653A7-ACBD-45F2-AFFB-4E88EA1DC287",
        "is_wheelchair_accessible": true,
        "name": "Public toilets (with changing table)",
        "notes": "",
        "verified": false
      }
    },
    {
      "type": "Feature",
      "geometry": {
        "coordinates": [
          13.8560241,
          58.4051677
        ],
        "type": "Point"
      },
      "properties": {
        "category": "other",
        "description": "",
        "has_changing_area": true,
        "has_child_seats": false,
        "has_nursing_area": false,
        "has_playground": false,
        "id": "516F82B4-0F58-4FD5-99F3-9C3F207EBE93",
        "is_wheelchair_accessible": true,
        "name": "Elins Esplanad",
        "notes": "",
        "verified": false
      }
    },
    {
      "type": "Feature",
      "geometry": {
        "coordinates": [
          18.086049,
          59.4319775
        ],
        "type": "Point"
      },
      "properties": {
        "category": "playground",
        "description": "",
        "has_changing_area": false,
        "has_child_seats": false,
        "has_nursing_area": false,
        "has_playground": true,
        "id": "EBE4D773-68D1-4940-9672-EF4D25B15018",
        "is_wheelchair_accessible": false,
        "name": "Trafiklekplatsen i Centralparken",
        "notes": "",
        "verified": false
      }
    },
    {
      "type": "Feature",
      "geometry": {
        "coordinates": [
          18.0705304,
          59.5008641
        ],
        "type": "Point"
      },
      "properties": {
        "category": "playground",
        "description": "",
        "has_changing_area": false,
        "has_child_seats": false,
        "has_nursing_area": false,
        "has_playground": true,
        "id": "FD46B315-A0B6-461A-8EEE-DCA2B6ADBDCA",
        "is_wheelchair_accessible": false,
        "name": "Torgets Lekplats",
        "notes": "",
        "verified": false
      }
    },
    {
      "type": "Feature",
      "geometry": {
        "coordinates": [
          17.1925084,
          60.6499995
        ],
        "type": "Point"
      },
      "properties": {
        "category": "playground",
        "description": "",
        "has_changing_area": false,
        "has_child_seats": false,
        "has_nursing_area": false,
        "has_playground": true,
        "id": "7A37493C-9381-479D-B7DD-3D067F17051A",
        "is_wheelchair_accessible": false,
        "name": "Järvsta",
        "notes": "",
        "verified": false
      }
    },
    {
      "type": "Feature",
      "geometry": {
        "coordinates": [
          17.9581654,
          59.3728373
        ],
        "type": "Point"
      },
      "properties": {
        "category": "playground",
        "description": "",
        "has_changing_area": false,
        "has_child_seats": false,
        "has_nursing_area": false,
        "has_playground": true,
        "id": "0AB87692-CD5D-4EDA-89D2-C679369833D2",
        "is_wheelchair_accessible": false,
        "name": "Duvboparkens lekplats",
        "notes": "",
        "verified": false
      }
    },
    {
      "type": "Feature",
      "geometry": {
        "coordinates": [
          18.1079424,
          58.8775838
        ],
        "type": "Point"
      },
      "properties": {
        "category": "other",
        "description": "",
        "has_changing_area": true,
        "has_child_seats": false,
        "has_nursing_area": false,
        "has_playground": false,
        "id": "07C4ED9D-6B11-4CCD-9292-A27EB8A7F427",
        "is_wheelchair_accessible": false,
        "name": "Public toilets (with changing table)",
        "notes": "",
        "verified": false
      }
    },
    {
      "type": "Feature",
      "geometry": {
        "coordinates": [
          18.0317068,
          59.254328
        ],
        "type": "Point"
      },
      "properties": {
        "category": "playground",
        "description": "",
        "has_changing_area": false,
        "has_child_seats": false,
        "has_nursing_area": false,
        "has_playground": true,
        "id": "8AC69B64-91D8-4E08-A1A8-5D687A42D30C",
        "is_wheelchair_accessible": false,
        "name": "Rågdalens parklek",
        "notes": "",
        "verified": false
      }
    },
    {
      "type": "Feature",
      "geometry": {
        "coordinates": [
          18.0799778,
          59.310361
        ],
        "type": "Point"
      },
      "properties": {
        "category": "playground",
        "description": "",
        "has_changing_area": false,
        "has_child_seats": false,
        "has_nursing_area": false,
        "has_playground": true,
        "id": "F0BF0AF9-B894-4F6D-8387-D66865C9AF80",
        "is_wheelchair_accessible": false,
        "name": "Bryggartäppan",
        "notes": "",
        "verified": false
      }
    },
    {
      "type": "Feature",
      "geometry": {
        "coordinates": [
          17.9366611,
          59.3732209
        ],
        "type": "Point"
      },
      "properties": {
        "category": "playground",
        "description": "",
        "has_changing_area": false,
        "has_child_seats": false,
        "has_nursing_area": false,
        "has_playground": true,
        "id": "9228338E-2A2D-472E-A551-E01CDDA3C065",
        "is_wheelchair_accessible": false,
        "name": "Batteriets Lekplats",
        "notes": "",
        "verified": false
      }
    },
    {
      "type": "Feature",
      "geometry": {
        "coordinates": [
          18.0177308,
          59.3076543
        ],
        "type": "Point"
      },
      "properties": {
        "category": "playground",
        "description": "",
        "has_changing_area": false,
        "has_child_seats": false,
        "has_nursing_area": false,
        "has_playground": true,
        "id": "9136DF05-0CCF-4901-AAF0-72E9B1C55139",
        "is_wheelchair_accessible": false,
        "name": "Pandaparken",
        "notes": "",
        "verified": false
      }
    },
    {
      "type": "Feature",
      "geometry": {
        "coordinates": [
          16.5325936,
          59.6166195
        ],
        "type": "Point"
      },
      "properties": {
        "category": "playground",
        "description": "",
        "has_changing_area": false,
        "has_child_seats": false,
        "has_nursing_area": false,
        "has_playground": true,
        "id": "25FB5B88-D161-49DF-813C-862E4F5AB6DD",
        "is_wheelchair_accessible": false,
        "name": "Nedre Bernsborgslundens lekplats",
        "notes": "",
        "verified": false
      }
    },
    {
      "type": "Feature",
      "geometry": {
        "coordinates": [
          18.0954246,
          59.4615059
        ],
        "type": "Point"
      },
      "properties": {
        "category": "playground",
        "description": "",
        "has_changing_area": false,
        "has_child_seats": false,
        "has_nursing_area": false,
        "has_playground": true,
        "id": "ADB8502B-983A-4CF8-8BB2-08F0052FD8D4",
        "is_wheelchair_accessible": false,
        "name": "Ängsholmsleken",
        "notes": "",
        "verified": false
      }
    },
    {
      "type": "Feature",
      "geometry": {
        "coordinates": [
          17.8468452,
          59.2371515
        ],
        "type": "Point"
      },
      "properties": {
        "category": "playground",
        "description": "",
        "has_changing_area": false,
        "has_child_seats": false,
        "has_nursing_area": false,
        "has_playground": true,
        "id": "13D6A68C-E62A-4ABD-90B8-AD1183F47006",
        "is_wheelchair_accessible": false,
        "name": "Albyparken",
        "notes": "",
        "verified": false
      }
    },
    {
      "type": "Feature",
      "geometry": {
        "coordinates": [
          13.415346,
          59.4052363
        ],
        "type": "Point"
      },
      "properties": {
        "category": "other",
        "description": "",
        "has_changing_area": true,
        "has_child_seats": false,
        "has_nursing_area": false,
        "has_playground": false,
        "id": "DA336801-566A-48E7-89A4-EFE41C33D929",
        "is_wheelchair_accessible": true,
        "name": "Public toilets (with changing table)",
        "notes": "",
        "verified": false
      }
    },
    {
      "type": "Feature",
      "geometry": {
        "coordinates": [
          17.118235,
          60.6901882
        ],
        "type": "Point"
      },
      "properties": {
        "category": "playground",
        "description": "",
        "has_changing_area": false,
        "has_child_seats": false,
        "has_nursing_area": false,
        "has_playground": true,
        "id": "F319692C-706E-4C09-800F-BED281BB4B85",
        "is_wheelchair_accessible": false,
        "name": "Norra Sätraängarna",
        "notes": "",
        "verified": false
      }
    },
    {
      "type": "Feature",
      "geometry": {
        "coordinates": [
          17.9975224,
          59.433825
        ],
        "type": "Point"
      },
      "properties": {
        "category": "playground",
        "description": "",
        "has_changing_area": false,
        "has_child_seats": false,
        "has_nursing_area": false,
        "has_playground": true,
        "id": "112A82B5-6F18-4F26-8AF0-6020A603E309",
        "is_wheelchair_accessible": false,
        "name": "Skogsparken",
        "notes": "",
        "verified": false
      }
    },
    {
      "type": "Feature",
      "geometry": {
        "coordinates": [
          13.5749388,
          59.4026516
        ],
        "type": "Point"
      },
      "properties": {
        "category": "playground",
        "description": "",
        "has_changing_area": false,
        "has_child_seats": false,
        "has_nursing_area": false,
        "has_playground": true,
        "id": "5BA8451A-C284-400F-8E0E-7574CFD58C63",
        "is_wheelchair_accessible": false,
        "name": "Kronoparksskolans lekplats",
        "notes": "",
        "verified": false
      }
    },
    {
      "type": "Feature",
      "geometry": {
        "coordinates": [
          13.8566603,
          58.4049969
        ],
        "type": "Point"
      },
      "properties": {
        "category": "other",
        "description": "",
        "has_changing_area": true,
        "has_child_seats": false,
        "has_nursing_area": false,
        "has_playground": false,
        "id": "9F1CEB62-F701-40EE-897A-5073F246EC7D",
        "is_wheelchair_accessible": true,
        "name": "Public toilets (with changing table)",
        "notes": "",
        "verified": false
      }
    },
    {
      "type": "Feature",
      "geometry": {
        "coordinates": [
          14.3721479,
          60.1413906
        ],
        "type": "Point"
      },
      "properties": {
        "category": "other",
        "description": "",
        "has_changing_area": true,
        "has_child_seats": false,
        "has_nursing_area": false,
        "has_playground": false,
        "id": "FCEE37EF-E55D-43E6-BFAC-6AFAC440E7DA",
        "is_wheelchair_accessible": true,
        "name": "Public toilets (with changing table)",
        "notes": "",
        "verified": false
      }
    },
    {
      "type": "Feature",
      "geometry": {
        "coordinates": [
          20.8654724,
          63.805263
        ],
        "type": "Point"
      },
      "properties": {
        "category": "other",
        "description": "",
        "has_changing_area": true,
        "has_child_seats": false,
        "has_nursing_area": false,
        "has_playground": false,
        "id": "CE332917-1703-48E1-97AE-FCD45BF66943",
        "is_wheelchair_accessible": true,
        "name": "Public toilets (with changing table)",
        "notes": "",
        "verified": false
      }
    },
    {
      "type": "Feature",
      "geometry": {
        "coordinates": [
          18.1622219,
          60.1668664
        ],
        "type": "Point"
      },
      "properties": {
        "category": "playground",
        "description": "",
        "has_changing_area": false,
        "has_child_seats": false,
        "has_nursing_area": false,
        "has_playground": true,
        "id": "9D53BA4D-E5A4-4182-9AA8-3FBB8D45592A",
        "is_wheelchair_accessible": false,
        "name": "Lekplats Blåbärsvägen",
        "notes": "",
        "verified": false
      }
    },
    {
      "type": "Feature",
      "geometry": {
        "coordinates": [
          17.9845761,
          59.3034228
        ],
        "type": "Point"
      },
      "properties": {
        "category": "playground",
        "description": "",
        "has_changing_area": false,
        "has_child_seats": false,
        "has_nursing_area": false,
        "has_playground": true,
        "id": "E47366D9-B9F4-43A5-A807-1495648C08F3",
        "is_wheelchair_accessible": false,
        "name": "Lekplats",
        "notes": "",
        "verified": false
      }
    },
    {
      "type": "Feature",
      "geometry": {
        "coordinates": [
          15.1709446,
          59.2660479
        ],
        "type": "Point"
      },
      "properties": {
        "category": "playground",
        "description": "",
        "has_changing_area": false,
        "has_child_seats": false,
        "has_nursing_area": false,
        "has_playground": true,
        "id": "4C990018-3D92-41A0-A81E-8411987D4A9B",
        "is_wheelchair_accessible": false,
        "name": "Lek och Buslandet",
        "notes": "",
        "verified": false
      }
    },
    {
      "type": "Feature",
      "geometry": {
        "coordinates": [
          17.2581005,
          63.1761077
        ],
        "type": "Point"
      },
      "properties": {
        "category": "other",
        "description": "",
        "has_changing_area": true,
        "has_child_seats": false,
        "has_nursing_area": false,
        "has_playground": false,
        "id": "70357A21-E449-477C-8811-22721BA789B2",
        "is_wheelchair_accessible": true,
        "name": "Public toilets (with changing table)",
        "notes": "",
        "verified": false
      }
    },
    {
      "type": "Feature",
      "geometry": {
        "coordinates": [
          18.040394,
          59.3146003
        ],
        "type": "Point"
      },
      "properties": {
        "category": "playground",
        "description": "",
        "has_changing_area": false,
        "has_child_seats": false,
        "has_nursing_area": false,
        "has_playground": true,
        "id": "06BCC845-E39B-414F-A1E5-C9437BCCC769",
        "is_wheelchair_accessible": false,
        "name": "Parkleken Draken",
        "notes": "",
        "verified": false
      }
    },
    {
      "type": "Feature",
      "geometry": {
        "coordinates": [
          13.6717829,
          59.4089465
        ],
        "type": "Point"
      },
      "properties": {
        "category": "playground",
        "description": "",
        "has_changing_area": false,
        "has_child_seats": false,
        "has_nursing_area": false,
        "has_playground": true,
        "id": "89BC4552-9A6B-4C79-9163-E6EFF44607E0",
        "is_wheelchair_accessible": false,
        "name": "Bangårdens lekplats",
        "notes": "",
        "verified": false
      }
    },
    {
      "type": "Feature",
      "geometry": {
        "coordinates": [
          17.3077742,
          62.3904412
        ],
        "type": "Point"
      },
      "properties": {
        "category": "other",
        "description": "",
        "has_changing_area": true,
        "has_child_seats": false,
        "has_nursing_area": false,
        "has_playground": false,
        "id": "423AC591-A645-4CBE-8B80-4A79D1B745F3",
        "is_wheelchair_accessible": true,
        "name": "Public toilets (with changing table)",
        "notes": "",
        "verified": false
      }
    },
    {
      "type": "Feature",
      "geometry": {
        "coordinates": [
          18.2416484,
          59.2398666
        ],
        "type": "Point"
      },
      "properties": {
        "category": "playground",
        "description": "",
        "has_changing_area": false,
        "has_child_seats": false,
        "has_nursing_area": false,
        "has_playground": true,
        "id": "D95EEC63-74E1-499D-AF12-7E3063FC87A7",
        "is_wheelchair_accessible": false,
        "name": "bondevägens lekplats",
        "notes": "",
        "verified": false
      }
    },
    {
      "type": "Feature",
      "geometry": {
        "coordinates": [
          18.0541745,
          59.5110492
        ],
        "type": "Point"
      },
      "properties": {
        "category": "playground",
        "description": "",
        "has_changing_area": false,
        "has_child_seats": false,
        "has_nursing_area": false,
        "has_playground": true,
        "id": "FDFF3399-EAD2-4D48-B73A-24FA3406CA38",
        "is_wheelchair_accessible": false,
        "name": "Hasseluddsvägen 6B",
        "notes": "",
        "verified": false
      }
    },
    {
      "type": "Feature",
      "geometry": {
        "coordinates": [
          18.022184,
          59.3110715
        ],
        "type": "Point"
      },
      "properties": {
        "category": "playground",
        "description": "",
        "has_changing_area": false,
        "has_child_seats": false,
        "has_nursing_area": false,
        "has_playground": true,
        "id": "0BF28819-B8D0-4CAB-B124-E19608F710FA",
        "is_wheelchair_accessible": false,
        "name": "Fruktparken",
        "notes": "",
        "verified": false
      }
    },
    {
      "type": "Feature",
      "geometry": {
        "coordinates": [
          18.0084077,
          59.3617808
        ],
        "type": "Point"
      },
      "properties": {
        "category": "playground",
        "description": "",
        "has_changing_area": false,
        "has_child_seats": false,
        "has_nursing_area": false,
        "has_playground": true,
        "id": "E31C7890-51F9-42D5-83B5-1DED0C26A942",
        "is_wheelchair_accessible": false,
        "name": "Lekplats Kyrkbacken 13-35",
        "notes": "",
        "verified": false
      }
    },
    {
      "type": "Feature",
      "geometry": {
        "coordinates": [
          16.6874313,
          59.6014543
        ],
        "type": "Point"
      },
      "properties": {
        "category": "playground",
        "description": "",
        "has_changing_area": false,
        "has_child_seats": false,
        "has_nursing_area": false,
        "has_playground": true,
        "id": "3FFE68B4-523A-4B52-9B71-14A7B2C939A0",
        "is_wheelchair_accessible": false,
        "name": "Sveaborgs lekplats",
        "notes": "",
        "verified": false
      }
    },
    {
      "type": "Feature",
      "geometry": {
        "coordinates": [
          13.4795437,
          59.4190742
        ],
        "type": "Point"
      },
      "properties": {
        "category": "playground",
        "description": "",
        "has_changing_area": false,
        "has_child_seats": false,
        "has_nursing_area": false,
        "has_playground": true,
        "id": "A46BC6BF-3D1C-4716-A779-48428557FF31",
        "is_wheelchair_accessible": false,
        "name": "Strandgärdets lekplats",
        "notes": "",
        "verified": false
      }
    },
    {
      "type": "Feature",
      "geometry": {
        "coordinates": [
          14.880192,
          63.3759121
        ],
        "type": "Point"
      },
      "properties": {
        "category": "playground",
        "description": "",
        "has_changing_area": false,
        "has_child_seats": false,
        "has_nursing_area": false,
        "has_playground": true,
        "id": "F158E4C4-E048-45D4-B746-4F1F057DCB6B",
        "is_wheelchair_accessible": false,
        "name": "Nyckelpigeparken",
        "notes": "",
        "verified": false
      }
    },
    {
      "type": "Feature",
      "geometry": {
        "coordinates": [
          18.1190952,
          59.3322675
        ],
        "type": "Point"
      },
      "properties": {
        "category": "playground",
        "description": "",
        "has_changing_area": false,
        "has_child_seats": false,
        "has_nursing_area": false,
        "has_playground": true,
        "id": "B83D774E-15E7-47E6-93DB-D4A5D8FF46DA",
        "is_wheelchair_accessible": false,
        "name": "Mathematical Garden",
        "notes": "",
        "verified": false
      }
    },
    {
      "type": "Feature",
      "geometry": {
        "coordinates": [
          13.5182915,
          59.3907365
        ],
        "type": "Point"
      },
      "properties": {
        "category": "playground",
        "description": "",
        "has_changing_area": false,
        "has_child_seats": false,
        "has_nursing_area": false,
        "has_playground": true,
        "id": "D9102CF4-907B-44DE-A6A0-BDAEB9D3D516",
        "is_wheelchair_accessible": false,
        "name": "Nolbyplans lekplats",
        "notes": "",
        "verified": false
      }
    },
    {
      "type": "Feature",
      "geometry": {
        "coordinates": [
          19.8085295,
          63.9138793
        ],
        "type": "Point"
      },
      "properties": {
        "category": "playground",
        "description": "",
        "has_changing_area": false,
        "has_child_seats": false,
        "has_nursing_area": false,
        "has_playground": true,
        "id": "3FF7FBEA-C393-4029-9458-936DA822031F",
        "is_wheelchair_accessible": false,
        "name": "Fågelstigen",
        "notes": "",
        "verified": false
      }
    },
    {
      "type": "Feature",
      "geometry": {
        "coordinates": [
          17.8957985,
          59.3970226
        ],
        "type": "Point"
      },
      "properties": {
        "category": "playground",
        "description": "",
        "has_changing_area": false,
        "has_child_seats": false,
        "has_nursing_area": false,
        "has_playground": true,
        "id": "BAA309B2-F9C0-404C-A671-EFCE33EAA05B",
        "is_wheelchair_accessible": false,
        "name": "Erikslunds parklek",
        "notes": "",
        "verified": false
      }
    },
    {
      "type": "Feature",
      "geometry": {
        "coordinates": [
          17.9294433,
          59.6499726
        ],
        "type": "Point"
      },
      "properties": {
        "category": "other",
        "description": "",
        "has_changing_area": true,
        "has_child_seats": false,
        "has_nursing_area": false,
        "has_playground": false,
        "id": "50893CEA-C763-40BE-8662-386A90955153",
        "is_wheelchair_accessible": true,
        "name": "Public toilets (with changing table)",
        "notes": "",
        "verified": false
      }
    },
    {
      "type": "Feature",
      "geometry": {
        "coordinates": [
          17.1615446,
          60.6992182
        ],
        "type": "Point"
      },
      "properties": {
        "category": "playground",
        "description": "",
        "has_changing_area": false,
        "has_child_seats": false,
        "has_nursing_area": false,
        "has_playground": true,
        "id": "58990B23-C2AA-4EC6-96F7-5B6086993499",
        "is_wheelchair_accessible": false,
        "name": "Brännerigatan",
        "notes": "",
        "verified": false
      }
    },
    {
      "type": "Feature",
      "geometry": {
        "coordinates": [
          17.5460984,
          59.9429729
        ],
        "type": "Point"
      },
      "properties": {
        "category": "playground",
        "description": "",
        "has_changing_area": false,
        "has_child_seats": false,
        "has_nursing_area": false,
        "has_playground": true,
        "id": "715CD624-2FFF-49F5-AB20-090B6665822E",
        "is_wheelchair_accessible": false,
        "name": "Brötåkersvägens lekplats",
        "notes": "",
        "verified": false
      }
    },
    {
      "type": "Feature",
      "geometry": {
        "coordinates": [
          15.2267789,
          60.221195
        ],
        "type": "Point"
      },
      "properties": {
        "category": "playground",
        "description": "",
        "has_changing_area": false,
        "has_child_seats": false,
        "has_nursing_area": false,
        "has_playground": true,
        "id": "8A8AA7D9-229E-44BE-A569-C232C8817E51",
        "is_wheelchair_accessible": false,
        "name": "Elefanten",
        "notes": "",
        "verified": false
      }
    },
    {
      "type": "Feature",
      "geometry": {
        "coordinates": [
          18.0390188,
          59.4487113
        ],
        "type": "Point"
      },
      "properties": {
        "category": "playground",
        "description": "",
        "has_changing_area": false,
        "has_child_seats": false,
        "has_nursing_area": false,
        "has_playground": true,
        "id": "2342174E-19F9-4EFE-BC0D-41163319136D",
        "is_wheelchair_accessible": false,
        "name": "Lövbackens lekplats",
        "notes": "",
        "verified": false
      }
    },
    {
      "type": "Feature",
      "geometry": {
        "coordinates": [
          18.2188917,
          59.2416302
        ],
        "type": "Point"
      },
      "properties": {
        "category": "playground",
        "description": "",
        "has_changing_area": false,
        "has_child_seats": false,
        "has_nursing_area": false,
        "has_playground": true,
        "id": "3CEA4E85-538B-48BF-A8B3-EDA5CC5974E4",
        "is_wheelchair_accessible": false,
        "name": "Lilla lekplatsen",
        "notes": "",
        "verified": false
      }
    },
    {
      "type": "Feature",
      "geometry": {
        "coordinates": [
          18.0491337,
          59.4453074
        ],
        "type": "Point"
      },
      "properties": {
        "category": "playground",
        "description": "",
        "has_changing_area": false,
        "has_child_seats": false,
        "has_nursing_area": false,
        "has_playground": true,
        "id": "4B3499CC-3ABF-4473-859C-C6FA18A91871",
        "is_wheelchair_accessible": false,
        "name": "Spindelparken",
        "notes": "",
        "verified": false
      }
    },
    {
      "type": "Feature",
      "geometry": {
        "coordinates": [
          15.5940741,
          60.4027508
        ],
        "type": "Point"
      },
      "properties": {
        "category": "playground",
        "description": "",
        "has_changing_area": false,
        "has_child_seats": false,
        "has_nursing_area": false,
        "has_playground": true,
        "id": "490E88A9-E484-446D-9AB8-605D1D451322",
        "is_wheelchair_accessible": false,
        "name": "Morbyvägen",
        "notes": "",
        "verified": false
      }
    },
    {
      "type": "Feature",
      "geometry": {
        "coordinates": [
          14.8974618,
          58.9676735
        ],
        "type": "Point"
      },
      "properties": {
        "category": "playground",
        "description": "",
        "has_changing_area": false,
        "has_child_seats": false,
        "has_nursing_area": false,
        "has_playground": true,
        "id": "5FFD080A-9B9A-4828-B1D4-35342D6670CF",
        "is_wheelchair_accessible": false,
        "name": "Snavlunda Lekplats",
        "notes": "",
        "verified": false
      }
    },
    {
      "type": "Feature",
      "geometry": {
        "coordinates": [
          15.7603739,
          60.3499448
        ],
        "type": "Point"
      },
      "properties": {
        "category": "playground",
        "description": "",
        "has_changing_area": false,
        "has_child_seats": false,
        "has_nursing_area": false,
        "has_playground": true,
        "id": "524F6380-1838-423A-96F6-037D47EBFD56",
        "is_wheelchair_accessible": false,
        "name": "Lilla Säter",
        "notes": "",
        "verified": false
      }
    },
    {
      "type": "Feature",
      "geometry": {
        "coordinates": [
          18.0639264,
          59.4931928
        ],
        "type": "Point"
      },
      "properties": {
        "category": "playground",
        "description": "",
        "has_changing_area": false,
        "has_child_seats": false,
        "has_nursing_area": false,
        "has_playground": true,
        "id": "4DAC4E38-8799-4D77-B2DC-BA99FB09B098",
        "is_wheelchair_accessible": false,
        "name": "Båtlekparken",
        "notes": "",
        "verified": false
      }
    },
    {
      "type": "Feature",
      "geometry": {
        "coordinates": [
          15.295497,
          58.3520197
        ],
        "type": "Point"
      },
      "properties": {
        "category": "playground",
        "description": "",
        "has_changing_area": false,
        "has_child_seats": false,
        "has_nursing_area": false,
        "has_playground": true,
        "id": "CE982C4D-432C-4EF8-A24C-C8C3B95A7F51",
        "is_wheelchair_accessible": false,
        "name": "Riddarängsvägens lekplats",
        "notes": "",
        "verified": false
      }
    },
    {
      "type": "Feature",
      "geometry": {
        "coordinates": [
          18.7939819,
          59.4784857
        ],
        "type": "Point"
      },
      "properties": {
        "category": "other",
        "description": "",
        "has_changing_area": true,
        "has_child_seats": false,
        "has_nursing_area": false,
        "has_playground": false,
        "id": "7764DB0C-D68A-4DD2-ABAE-BE998BD05E06",
        "is_wheelchair_accessible": false,
        "name": "Public toilets (with changing table)",
        "notes": "",
        "verified": false
      }
    },
    {
      "type": "Feature",
      "geometry": {
        "coordinates": [
          18.1455299,
          59.166119
        ],
        "type": "Point"
      },
      "properties": {
        "category": "playground",
        "description": "",
        "has_changing_area": false,
        "has_child_seats": false,
        "has_nursing_area": false,
        "has_playground": true,
        "id": "CA60019D-D302-4ABF-A21F-452DE6A08F71",
        "is_wheelchair_accessible": false,
        "name": "Maxinge Lekplats",
        "notes": "",
        "verified": false
      }
    },
    {
      "type": "Feature",
      "geometry": {
        "coordinates": [
          22.2304743,
          65.5952688
        ],
        "type": "Point"
      },
      "properties": {
        "category": "playground",
        "description": "",
        "has_changing_area": false,
        "has_child_seats": false,
        "has_nursing_area": false,
        "has_playground": true,
        "id": "A849D160-C36B-4CA4-9D4E-BE95DF67904A",
        "is_wheelchair_accessible": false,
        "name": "Valutavägens lekplats",
        "notes": "",
        "verified": false
      }
    },
    {
      "type": "Feature",
      "geometry": {
        "coordinates": [
          16.617859,
          59.6036354
        ],
        "type": "Point"
      },
      "properties": {
        "category": "playground",
        "description": "",
        "has_changing_area": false,
        "has_child_seats": false,
        "has_nursing_area": false,
        "has_playground": true,
        "id": "45C17EB0-BF56-4E6E-A729-BA2AC1C1EB4F",
        "is_wheelchair_accessible": false,
        "name": "Lillhamra lekplats",
        "notes": "",
        "verified": false
      }
    },
    {
      "type": "Feature",
      "geometry": {
        "coordinates": [
          14.5284595,
          59.7850984
        ],
        "type": "Point"
      },
      "properties": {
        "category": "playground",
        "description": "",
        "has_changing_area": false,
        "has_child_seats": false,
        "has_nursing_area": false,
        "has_playground": true,
        "id": "0E369AF7-5749-41B9-9A8C-5EBE86EBB22F",
        "is_wheelchair_accessible": false,
        "name": "Lindholmstorpet",
        "notes": "",
        "verified": false
      }
    },
    {
      "type": "Feature",
      "geometry": {
        "coordinates": [
          17.9525341,
          59.236752
        ],
        "type": "Point"
      },
      "properties": {
        "category": "playground",
        "description": "",
        "has_changing_area": false,
        "has_child_seats": false,
        "has_nursing_area": false,
        "has_playground": true,
        "id": "5B5C6E53-EDCE-4AAE-B168-B49F815486E4",
        "is_wheelchair_accessible": false,
        "name": "Kattparken",
        "notes": "",
        "verified": false
      }
    },
    {
      "type": "Feature",
      "geometry": {
        "coordinates": [
          16.5525093,
          59.6132764
        ],
        "type": "Point"
      },
      "properties": {
        "category": "playground",
        "description": "",
        "has_changing_area": false,
        "has_child_seats": false,
        "has_nursing_area": false,
        "has_playground": true,
        "id": "BA87DD90-31E7-449A-8313-D0FB9841C00A",
        "is_wheelchair_accessible": false,
        "name": "Utanbyparken",
        "notes": "",
        "verified": false
      }
    },
    {
      "type": "Feature",
      "geometry": {
        "coordinates": [
          18.0270494,
          59.3841709
        ],
        "type": "Point"
      },
      "properties": {
        "category": "playground",
        "description": "",
        "has_changing_area": false,
        "has_child_seats": false,
        "has_nursing_area": false,
        "has_playground": true,
        "id": "0E2383AC-7E4C-494D-A664-61F7BC28A751",
        "is_wheelchair_accessible": false,
        "name": "Harens lekplats",
        "notes": "",
        "verified": false
      }
    },
    {
      "type": "Feature",
      "geometry": {
        "coordinates": [
          14.5005396,
          59.3316093
        ],
        "type": "Point"
      },
      "properties": {
        "category": "playground",
        "description": "",
        "has_changing_area": false,
        "has_child_seats": false,
        "has_nursing_area": false,
        "has_playground": true,
        "id": "C39340EE-093E-48D3-926C-9421848715C8",
        "is_wheelchair_accessible": false,
        "name": "Traktorparken",
        "notes": "",
        "verified": false
      }
    },
    {
      "type": "Feature",
      "geometry": {
        "coordinates": [
          15.6351085,
          60.614448
        ],
        "type": "Point"
      },
      "properties": {
        "category": "playground",
        "description": "",
        "has_changing_area": false,
        "has_child_seats": false,
        "has_nursing_area": false,
        "has_playground": true,
        "id": "755024CB-FA7C-4048-814A-E65046696D5A",
        "is_wheelchair_accessible": false,
        "name": "Lustig knopp",
        "notes": "",
        "verified": false
      }
    },
    {
      "type": "Feature",
      "geometry": {
        "coordinates": [
          18.0165492,
          59.3994261
        ],
        "type": "Point"
      },
      "properties": {
        "category": "playground",
        "description": "",
        "has_changing_area": false,
        "has_child_seats": false,
        "has_nursing_area": false,
        "has_playground": true,
        "id": "765CF051-342C-41A1-91F2-EFBE0538A828",
        "is_wheelchair_accessible": false,
        "name": "Ekbacksvägen",
        "notes": "",
        "verified": false
      }
    },
    {
      "type": "Feature",
      "geometry": {
        "coordinates": [
          12.1269328,
          58.135361
        ],
        "type": "Point"
      },
      "properties": {
        "category": "playground",
        "description": "",
        "has_changing_area": false,
        "has_child_seats": false,
        "has_nursing_area": false,
        "has_playground": true,
        "id": "EFDB0F54-56F1-403C-AD8C-5B7B645D2DDF",
        "is_wheelchair_accessible": false,
        "name": "Lekplats Edsgatan 3",
        "notes": "",
        "verified": false
      }
    },
    {
      "type": "Feature",
      "geometry": {
        "coordinates": [
          13.4934393,
          59.3760724
        ],
        "type": "Point"
      },
      "properties": {
        "category": "playground",
        "description": "",
        "has_changing_area": false,
        "has_child_seats": false,
        "has_nursing_area": false,
        "has_playground": true,
        "id": "A45D6A07-E2F2-4675-B0D2-B352159D3244",
        "is_wheelchair_accessible": false,
        "name": "Wennbergsparkens lekplats",
        "notes": "",
        "verified": false
      }
    },
    {
      "type": "Feature",
      "geometry": {
        "coordinates": [
          20.3119271,
          63.7059201
        ],
        "type": "Point"
      },
      "properties": {
        "category": "playground",
        "description": "",
        "has_changing_area": false,
        "has_child_seats": false,
        "has_nursing_area": false,
        "has_playground": true,
        "id": "ED4878AE-50ED-47BE-A0DA-CBCF7A58F7D3",
        "is_wheelchair_accessible": false,
        "name": "Lekplats",
        "notes": "",
        "verified": false
      }
    },
    {
      "type": "Feature",
      "geometry": {
        "coordinates": [
          16.5153667,
          59.3751277
        ],
        "type": "Point"
      },
      "properties": {
        "category": "playground",
        "description": "",
        "has_changing_area": false,
        "has_child_seats": false,
        "has_nursing_area": false,
        "has_playground": true,
        "id": "2495FBEB-5602-4AFB-A1DA-90CB876E60AF",
        "is_wheelchair_accessible": false,
        "name": "Tornlekplatsen",
        "notes": "",
        "verified": false
      }
    },
    {
      "type": "Feature",
      "geometry": {
        "coordinates": [
          18.0779797,
          59.3283968
        ],
        "type": "Point"
      },
      "properties": {
        "category": "other",
        "description": "",
        "has_changing_area": true,
        "has_child_seats": false,
        "has_nursing_area": false,
        "has_playground": false,
        "id": "BDDE1007-46F6-4DAD-8C3C-CAE37F3E5A19",
        "is_wheelchair_accessible": true,
        "name": "Public toilets (with changing table)",
        "notes": "",
        "verified": false
      }
    },
    {
      "type": "Feature",
      "geometry": {
        "coordinates": [
          18.1731727,
          59.2594433
        ],
        "type": "Point"
      },
      "properties": {
        "category": "playground",
        "description": "",
        "has_changing_area": false,
        "has_child_seats": false,
        "has_nursing_area": false,
        "has_playground": true,
        "id": "CEC9834E-225F-4B8B-96CA-1F7D4A3E088D",
        "is_wheelchair_accessible": true,
        "name": "Ormparken",
        "notes": "",
        "verified": false
      }
    },
    {
      "type": "Feature",
      "geometry": {
        "coordinates": [
          17.6943866,
          59.9492877
        ],
        "type": "Point"
      },
      "properties": {
        "category": "playground",
        "description": "",
        "has_changing_area": false,
        "has_child_seats": false,
        "has_nursing_area": false,
        "has_playground": true,
        "id": "C1112DBF-EFCC-4955-9FBC-7C743ED04371",
        "is_wheelchair_accessible": false,
        "name": "Linbaneparkens lekplats",
        "notes": "",
        "verified": false
      }
    },
    {
      "type": "Feature",
      "geometry": {
        "coordinates": [
          16.1908493,
          58.5694673
        ],
        "type": "Point"
      },
      "properties": {
        "category": "playground",
        "description": "",
        "has_changing_area": false,
        "has_child_seats": false,
        "has_nursing_area": false,
        "has_playground": true,
        "id": "B00BCB64-7A84-4FEA-99B7-4AEBBAE81CD0",
        "is_wheelchair_accessible": false,
        "name": "Kottebanan",
        "notes": "",
        "verified": false
      }
    },
    {
      "type": "Feature",
      "geometry": {
        "coordinates": [
          13.5688907,
          59.4023128
        ],
        "type": "Point"
      },
      "properties": {
        "category": "playground",
        "description": "",
        "has_changing_area": false,
        "has_child_seats": false,
        "has_nursing_area": false,
        "has_playground": true,
        "id": "80E88559-275D-4486-B7BD-26B3F825D3CC",
        "is_wheelchair_accessible": false,
        "name": "Aktiva parkens lekplats",
        "notes": "",
        "verified": false
      }
    },
    {
      "type": "Feature",
      "geometry": {
        "coordinates": [
          16.5821134,
          59.91274
        ],
        "type": "Point"
      },
      "properties": {
        "category": "playground",
        "description": "",
        "has_changing_area": false,
        "has_child_seats": false,
        "has_nursing_area": false,
        "has_playground": true,
        "id": "587FAA4E-C461-4550-B294-61C013DB8172",
        "is_wheelchair_accessible": false,
        "name": "Hagabergs lekplats",
        "notes": "",
        "verified": false
      }
    },
    {
      "type": "Feature",
      "geometry": {
        "coordinates": [
          17.6140135,
          59.8488315
        ],
        "type": "Point"
      },
      "properties": {
        "category": "playground",
        "description": "",
        "has_changing_area": false,
        "has_child_seats": false,
        "has_nursing_area": false,
        "has_playground": true,
        "id": "0FC76EB6-FD05-4FC0-9A78-4094321FDC6C",
        "is_wheelchair_accessible": true,
        "name": "Arosparken",
        "notes": "",
        "verified": false
      }
    },
    {
      "type": "Feature",
      "geometry": {
        "coordinates": [
          18.0769652,
          59.5341635
        ],
        "type": "Point"
      },
      "properties": {
        "category": "other",
        "description": "",
        "has_changing_area": true,
        "has_child_seats": false,
        "has_nursing_area": false,
        "has_playground": false,
        "id": "BD8224BE-0105-44D9-8147-DFB407AEAA54",
        "is_wheelchair_accessible": true,
        "name": "Public toilets (with changing table)",
        "notes": "",
        "verified": false
      }
    },
    {
      "type": "Feature",
      "geometry": {
        "coordinates": [
          11.5070418,
          58.3225967
        ],
        "type": "Point"
      },
      "properties": {
        "category": "playground",
        "description": "",
        "has_changing_area": false,
        "has_child_seats": false,
        "has_nursing_area": false,
        "has_playground": true,
        "id": "2E6F2393-827D-4FDA-9BB4-584DF6C9BB85",
        "is_wheelchair_accessible": false,
        "name": "Gullmarsskogen lekplats",
        "notes": "",
        "verified": false
      }
    },
    {
      "type": "Feature",
      "geometry": {
        "coordinates": [
          18.2504696,
          59.292711
        ],
        "type": "Point"
      },
      "properties": {
        "category": "playground",
        "description": "",
        "has_changing_area": false,
        "has_child_seats": false,
        "has_nursing_area": false,
        "has_playground": true,
        "id": "F83EEA6A-DE73-48E1-8B3F-F0415E037029",
        "is_wheelchair_accessible": false,
        "name": "Braxenparken",
        "notes": "",
        "verified": false
      }
    },
    {
      "type": "Feature",
      "geometry": {
        "coordinates": [
          14.989441,
          58.0245369
        ],
        "type": "Point"
      },
      "properties": {
        "category": "playground",
        "description": "",
        "has_changing_area": false,
        "has_child_seats": false,
        "has_nursing_area": false,
        "has_playground": true,
        "id": "5F454B04-51D1-4BED-BAD6-B6E9982460F2",
        "is_wheelchair_accessible": false,
        "name": "Junkaremålens lekplats",
        "notes": "",
        "verified": false
      }
    },
    {
      "type": "Feature",
      "geometry": {
        "coordinates": [
          18.0145002,
          59.2839465
        ],
        "type": "Point"
      },
      "properties": {
        "category": "playground",
        "description": "",
        "has_changing_area": false,
        "has_child_seats": false,
        "has_nursing_area": false,
        "has_playground": true,
        "id": "7A1338E4-1671-4A39-8264-5E4E34F81F24",
        "is_wheelchair_accessible": false,
        "name": "Apelsinen",
        "notes": "",
        "verified": false
      }
    },
    {
      "type": "Feature",
      "geometry": {
        "coordinates": [
          11.9023673,
          58.3296076
        ],
        "type": "Point"
      },
      "properties": {
        "category": "cafe",
        "description": "",
        "has_changing_area": false,
        "has_child_seats": true,
        "has_nursing_area": false,
        "has_playground": false,
        "id": "5E9ADDF6-5785-4F34-A1C6-41404758C713",
        "is_wheelchair_accessible": false,
        "name": "Snäckan",
        "notes": "",
        "verified": false
      }
    },
    {
      "type": "Feature",
      "geometry": {
        "coordinates": [
          18.1281201,
          59.1987514
        ],
        "type": "Point"
      },
      "properties": {
        "category": "playground",
        "description": "",
        "has_changing_area": false,
        "has_child_seats": false,
        "has_nursing_area": false,
        "has_playground": true,
        "id": "D64E63F7-FE80-46CD-A37D-CDE8531BC2E4",
        "is_wheelchair_accessible": false,
        "name": "Leo's Lekland",
        "notes": "",
        "verified": false
      }
    },
    {
      "type": "Feature",
      "geometry": {
        "coordinates": [
          18.1380456,
          59.3153645
        ],
        "type": "Point"
      },
      "properties": {
        "category": "playground",
        "description": "",
        "has_changing_area": false,
        "has_child_seats": false,
        "has_nursing_area": false,
        "has_playground": true,
        "id": "FAB42F12-57F4-4C65-A74E-AA7D558845D2",
        "is_wheelchair_accessible": false,
        "name": "Lilla Kvarnholmen",
        "notes": "",
        "verified": false
      }
    },
    {
      "type": "Feature",
      "geometry": {
        "coordinates": [
          17.8881715,
          59.323174
        ],
        "type": "Point"
      },
      "properties": {
        "category": "other",
        "description": "",
        "has_changing_area": true,
        "has_child_seats": false,
        "has_nursing_area": false,
        "has_playground": false,
        "id": "CFC08C2D-E986-4821-9258-438AE51E3FE6",
        "is_wheelchair_accessible": true,
        "name": "Public toilets (with changing table)",
        "notes": "",
        "verified": false
      }
    },
    {
      "type": "Feature",
      "geometry": {
        "coordinates": [
          17.9902553,
          59.3818821
        ],
        "type": "Point"
      },
      "properties": {
        "category": "playground",
        "description": "",
        "has_changing_area": false,
        "has_child_seats": false,
        "has_nursing_area": false,
        "has_playground": true,
        "id": "E075E081-DE06-43C8-A0D5-17E6C980FE0C",
        "is_wheelchair_accessible": false,
        "name": "Mulle Mecks lekpark",
        "notes": "",
        "verified": false
      }
    },
    {
      "type": "Feature",
      "geometry": {
        "coordinates": [
          17.6078824,
          59.8355741
        ],
        "type": "Point"
      },
      "properties": {
        "category": "playground",
        "description": "",
        "has_changing_area": false,
        "has_child_seats": false,
        "has_nursing_area": false,
        "has_playground": true,
        "id": "D8E175A0-E5FB-45CB-9E6C-4D9B53CF2C22",
        "is_wheelchair_accessible": false,
        "name": "kindergarden's playground",
        "notes": "",
        "verified": false
      }
    },
    {
      "type": "Feature",
      "geometry": {
        "coordinates": [
          15.6358706,
          58.4085105
        ],
        "type": "Point"
      },
      "properties": {
        "category": "playground",
        "description": "",
        "has_changing_area": false,
        "has_child_seats": false,
        "has_nursing_area": false,
        "has_playground": true,
        "id": "780D3FC0-2601-47A0-8FA6-8AAC569F003B",
        "is_wheelchair_accessible": false,
        "name": "Prinsessan Estelles park",
        "notes": "",
        "verified": false
      }
    },
    {
      "type": "Feature",
      "geometry": {
        "coordinates": [
          15.4347651,
          60.480519
        ],
        "type": "Point"
      },
      "properties": {
        "category": "playground",
        "description": "",
        "has_changing_area": false,
        "has_child_seats": false,
        "has_nursing_area": false,
        "has_playground": true,
        "id": "8D05D613-5EEE-4D0C-A9A2-A0B560197A3D",
        "is_wheelchair_accessible": false,
        "name": "Simsmyrs lekplats",
        "notes": "",
        "verified": false
      }
    },
    {
      "type": "Feature",
      "geometry": {
        "coordinates": [
          13.4999554,
          59.3788
        ],
        "type": "Point"
      },
      "properties": {
        "category": "other",
        "description": "",
        "has_changing_area": true,
        "has_child_seats": false,
        "has_nursing_area": false,
        "has_playground": false,
        "id": "883DDA00-6162-49E5-AE7D-62A730750A2A",
        "is_wheelchair_accessible": true,
        "name": "Galleria Duvan",
        "notes": "",
        "verified": false
      }
    },
    {
      "type": "Feature",
      "geometry": {
        "coordinates": [
          22.1410309,
          65.5856445
        ],
        "type": "Point"
      },
      "properties": {
        "category": "other",
        "description": "",
        "has_changing_area": true,
        "has_child_seats": false,
        "has_nursing_area": false,
        "has_playground": false,
        "id": "14AE7FEE-F41D-4FB8-8CE7-BDF0EE0C1C80",
        "is_wheelchair_accessible": true,
        "name": "Public toilets (with changing table)",
        "notes": "",
        "verified": false
      }
    },
    {
      "type": "Feature",
      "geometry": {
        "coordinates": [
          15.2164686,
          59.6027733
        ],
        "type": "Point"
      },
      "properties": {
        "category": "other",
        "description": "",
        "has_changing_area": true,
        "has_child_seats": false,
        "has_nursing_area": false,
        "has_playground": false,
        "id": "D442CC40-3E4C-46B6-A3C0-CE871DCFED68",
        "is_wheelchair_accessible": true,
        "name": "Public toilets (with changing table)",
        "notes": "",
        "verified": false
      }
    },
    {
      "type": "Feature",
      "geometry": {
        "coordinates": [
          17.9949064,
          59.3076743
        ],
        "type": "Point"
      },
      "properties": {
        "category": "other",
        "description": "",
        "has_changing_area": true,
        "has_child_seats": false,
        "has_nursing_area": false,
        "has_playground": false,
        "id": "1E8D6921-BB08-4217-A421-86AF6F64C896",
        "is_wheelchair_accessible": true,
        "name": "Public toilets (with changing table)",
        "notes": "",
        "verified": false
      }
    },
    {
      "type": "Feature",
      "geometry": {
        "coordinates": [
          15.4319165,
          60.4766295
        ],
        "type": "Point"
      },
      "properties": {
        "category": "other",
        "description": "",
        "has_changing_area": true,
        "has_child_seats": false,
        "has_nursing_area": false,
        "has_playground": false,
        "id": "2D91CFEE-41A6-4B6E-9C17-75255DEB0661",
        "is_wheelchair_accessible": true,
        "name": "Erikshjälpen",
        "notes": "",
        "verified": false
      }
    },
    {
      "type": "Feature",
      "geometry": {
        "coordinates": [
          11.9107711,
          58.3428067
        ],
        "type": "Point"
      },
      "properties": {
        "category": "other",
        "description": "",
        "has_changing_area": true,
        "has_child_seats": false,
        "has_nursing_area": false,
        "has_playground": false,
        "id": "731F3C3B-18E3-4CE8-9868-298B177D03E8",
        "is_wheelchair_accessible": true,
        "name": "Public toilets (with changing table)",
        "notes": "",
        "verified": false
      }
    },
    {
      "type": "Feature",
      "geometry": {
        "coordinates": [
          17.1582506,
          60.642578
        ],
        "type": "Point"
      },
      "properties": {
        "category": "playground",
        "description": "",
        "has_changing_area": false,
        "has_child_seats": false,
        "has_nursing_area": false,
        "has_playground": true,
        "id": "7DD0069C-2C08-4F2B-B450-87F0FF658945",
        "is_wheelchair_accessible": false,
        "name": "Skogslekplatsen",
        "notes": "",
        "verified": false
      }
    },
    {
      "type": "Feature",
      "geometry": {
        "coordinates": [
          13.4402033,
          59.4302889
        ],
        "type": "Point"
      },
      "properties": {
        "category": "playground",
        "description": "",
        "has_changing_area": false,
        "has_child_seats": false,
        "has_nursing_area": false,
        "has_playground": true,
        "id": "56C15B5E-21CE-46D0-9E56-9E1BF360A835",
        "is_wheelchair_accessible": false,
        "name": "Marmorvägens lekplats",
        "notes": "",
        "verified": false
      }
    },
    {
      "type": "Feature",
      "geometry": {
        "coordinates": [
          12.5482498,
          57.9396604
        ],
        "type": "Point"
      },
      "properties": {
        "category": "playground",
        "description": "",
        "has_changing_area": false,
        "has_child_seats": false,
        "has_nursing_area": false,
        "has_playground": true,
        "id": "47CDE3EA-AF9A-413F-A3A3-8F72E99BFF66",
        "is_wheelchair_accessible": false,
        "name": "Kullen",
        "notes": "",
        "verified": false
      }
    },
    {
      "type": "Feature",
      "geometry": {
        "coordinates": [
          16.5964938,
          59.6209929
        ],
        "type": "Point"
      },
      "properties": {
        "category": "playground",
        "description": "",
        "has_changing_area": false,
        "has_child_seats": false,
        "has_nursing_area": false,
        "has_playground": true,
        "id": "493E8DE2-BBDF-47DA-9345-121F3C6E3A27",
        "is_wheelchair_accessible": false,
        "name": "Skogslyckans lekplats",
        "notes": "",
        "verified": false
      }
    },
    {
      "type": "Feature",
      "geometry": {
        "coordinates": [
          12.6731905,
          58.3256447
        ],
        "type": "Point"
      },
      "properties": {
        "category": "playground",
        "description": "",
        "has_changing_area": false,
        "has_child_seats": false,
        "has_nursing_area": false,
        "has_playground": true,
        "id": "6C696675-814D-4FEF-A7B5-C0D3F673F7C5",
        "is_wheelchair_accessible": false,
        "name": "\"Naomis\" Lekplats",
        "notes": "",
        "verified": false
      }
    },
    {
      "type": "Feature",
      "geometry": {
        "coordinates": [
          13.4956588,
          59.4003252
        ],
        "type": "Point"
      },
      "properties": {
        "category": "playground",
        "description": "",
        "has_changing_area": false,
        "has_child_seats": false,
        "has_nursing_area": false,
        "has_playground": true,
        "id": "6D5C5620-EFBE-4A01-B85D-37CD1A824230",
        "is_wheelchair_accessible": false,
        "name": "Kvartersmästarens lekplats",
        "notes": "",
        "verified": false
      }
    },
    {
      "type": "Feature",
      "geometry": {
        "coordinates": [
          13.4203055,
          59.3792446
        ],
        "type": "Point"
      },
      "properties": {
        "category": "cafe",
        "description": "",
        "has_changing_area": true,
        "has_child_seats": true,
        "has_nursing_area": false,
        "has_playground": true,
        "id": "245FFE7C-FFD9-4786-A435-0F83FB837302",
        "is_wheelchair_accessible": true,
        "name": "IKEA Bistro",
        "notes": "",
        "verified": false
      }
    },
    {
      "type": "Feature",
      "geometry": {
        "coordinates": [
          18.0340446,
          59.2604976
        ],
        "type": "Point"
      },
      "properties": {
        "category": "other",
        "description": "",
        "has_changing_area": true,
        "has_child_seats": false,
        "has_nursing_area": false,
        "has_playground": false,
        "id": "0608E524-7301-4EF4-B2DE-1EA63E2D5667",
        "is_wheelchair_accessible": false,
        "name": "Circle K Bandhagen Högdalen",
        "notes": "",
        "verified": false
      }
    },
    {
      "type": "Feature",
      "geometry": {
        "coordinates": [
          13.676684,
          59.4170141
        ],
        "type": "Point"
      },
      "properties": {
        "category": "playground",
        "description": "",
        "has_changing_area": false,
        "has_child_seats": false,
        "has_nursing_area": false,
        "has_playground": true,
        "id": "B6D703D3-D0AB-4F9F-AEBA-E61CF210E315",
        "is_wheelchair_accessible": false,
        "name": "Fiskmåsens lekplats",
        "notes": "",
        "verified": false
      }
    },
    {
      "type": "Feature",
      "geometry": {
        "coordinates": [
          14.1655188,
          59.7167507
        ],
        "type": "Point"
      },
      "properties": {
        "category": "playground",
        "description": "",
        "has_changing_area": false,
        "has_child_seats": false,
        "has_nursing_area": false,
        "has_playground": true,
        "id": "083E95F7-4768-45A4-B2E3-6F90EC131677",
        "is_wheelchair_accessible": false,
        "name": "Björnens lekpark",
        "notes": "",
        "verified": false
      }
    },
    {
      "type": "Feature",
      "geometry": {
        "coordinates": [
          18.3970537,
          59.3380074
        ],
        "type": "Point"
      },
      "properties": {
        "category": "playground",
        "description": "",
        "has_changing_area": false,
        "has_child_seats": false,
        "has_nursing_area": false,
        "has_playground": true,
        "id": "E0906B86-3CA3-4F6A-BD5F-361D6FCFD68F",
        "is_wheelchair_accessible": false,
        "name": "Övre lekplatsen",
        "notes": "",
        "verified": false
      }
    },
    {
      "type": "Feature",
      "geometry": {
        "coordinates": [
          18.3151102,
          63.4259795
        ],
        "type": "Point"
      },
      "properties": {
        "category": "playground",
        "description": "",
        "has_changing_area": false,
        "has_child_seats": false,
        "has_nursing_area": false,
        "has_playground": true,
        "id": "1F3BCA47-C945-4FBB-8966-4A6E29EF7E7A",
        "is_wheelchair_accessible": false,
        "name": "Mellansel generationsmötesplats",
        "notes": "",
        "verified": false
      }
    },
    {
      "type": "Feature",
      "geometry": {
        "coordinates": [
          20.1729161,
          63.8364208
        ],
        "type": "Point"
      },
      "properties": {
        "category": "playground",
        "description": "",
        "has_changing_area": false,
        "has_child_seats": false,
        "has_nursing_area": false,
        "has_playground": true,
        "id": "97389E8F-284F-4BDC-9499-D5CBDA4A488F",
        "is_wheelchair_accessible": false,
        "name": "Äventyrslekpark Umedalen",
        "notes": "",
        "verified": false
      }
    },
    {
      "type": "Feature",
      "geometry": {
        "coordinates": [
          20.5505211,
          63.9000619
        ],
        "type": "Point"
      },
      "properties": {
        "category": "playground",
        "description": "",
        "has_changing_area": false,
        "has_child_seats": false,
        "has_nursing_area": false,
        "has_playground": true,
        "id": "5F0253FD-7569-4EDF-8A94-1EEC213C0673",
        "is_wheelchair_accessible": false,
        "name": "Kaptensvägens lekplats",
        "notes": "",
        "verified": false
      }
    },
    {
      "type": "Feature",
      "geometry": {
        "coordinates": [
          17.6265498,
          59.8268474
        ],
        "type": "Point"
      },
      "properties": {
        "category": "playground",
        "description": "",
        "has_changing_area": false,
        "has_child_seats": false,
        "has_nursing_area": false,
        "has_playground": true,
        "id": "4F2F312F-2BBB-4CCC-9486-6D11C9637BC7",
        "is_wheelchair_accessible": false,
        "name": "Skivlingparken",
        "notes": "",
        "verified": false
      }
    },
    {
      "type": "Feature",
      "geometry": {
        "coordinates": [
          12.2889735,
          59.8814582
        ],
        "type": "Point"
      },
      "properties": {
        "category": "other",
        "description": "",
        "has_changing_area": true,
        "has_child_seats": false,
        "has_nursing_area": false,
        "has_playground": false,
        "id": "22264E05-F62A-48DD-86B5-17C5101996C9",
        "is_wheelchair_accessible": false,
        "name": "Public toilets (with changing table)",
        "notes": "",
        "verified": false
      }
    },
    {
      "type": "Feature",
      "geometry": {
        "coordinates": [
          17.770907,
          59.7240451
        ],
        "type": "Point"
      },
      "properties": {
        "category": "playground",
        "description": "",
        "has_changing_area": false,
        "has_child_seats": false,
        "has_nursing_area": false,
        "has_playground": true,
        "id": "470D1412-13D5-4D17-861B-1712B20EB401",
        "is_wheelchair_accessible": false,
        "name": "Glasäpplet",
        "notes": "",
        "verified": false
      }
    },
    {
      "type": "Feature",
      "geometry": {
        "coordinates": [
          13.4321058,
          59.4362617
        ],
        "type": "Point"
      },
      "properties": {
        "category": "playground",
        "description": "",
        "has_changing_area": false,
        "has_child_seats": false,
        "has_nursing_area": false,
        "has_playground": true,
        "id": "1A554D9D-CE8C-4B19-A5EC-0068337DB7DC",
        "is_wheelchair_accessible": false,
        "name": "Odalvägens lekplats",
        "notes": "",
        "verified": false
      }
    },
    {
      "type": "Feature",
      "geometry": {
        "coordinates": [
          15.418756,
          62.7534325
        ],
        "type": "Point"
      },
      "properties": {
        "category": "playground",
        "description": "",
        "has_changing_area": false,
        "has_child_seats": false,
        "has_nursing_area": false,
        "has_playground": true,
        "id": "2D32EDC9-F17C-4BBC-BF1F-BF18A62929B8",
        "is_wheelchair_accessible": false,
        "name": "Bräcke lekland",
        "notes": "",
        "verified": false
      }
    },
    {
      "type": "Feature",
      "geometry": {
        "coordinates": [
          16.504025,
          59.5557019
        ],
        "type": "Point"
      },
      "properties": {
        "category": "playground",
        "description": "",
        "has_changing_area": false,
        "has_child_seats": false,
        "has_nursing_area": false,
        "has_playground": true,
        "id": "F58E6438-A6C0-4748-ADEA-ABA107492C38",
        "is_wheelchair_accessible": false,
        "name": "Norrängsbergets lekplats",
        "notes": "",
        "verified": false
      }
    },
    {
      "type": "Feature",
      "geometry": {
        "coordinates": [
          19.2101203,
          63.9271331
        ],
        "type": "Point"
      },
      "properties": {
        "category": "playground",
        "description": "",
        "has_changing_area": false,
        "has_child_seats": false,
        "has_nursing_area": false,
        "has_playground": true,
        "id": "DF048863-6F61-4673-A024-530B7E79430E",
        "is_wheelchair_accessible": false,
        "name": "Gustav Jansvägen, 91631 Bjurholm",
        "notes": "",
        "verified": false
      }
    },
    {
      "type": "Feature",
      "geometry": {
        "coordinates": [
          18.0407571,
          59.2632853
        ],
        "type": "Point"
      },
      "properties": {
        "category": "playground",
        "description": "",
        "has_changing_area": false,
        "has_child_seats": false,
        "has_nursing_area": false,
        "has_playground": true,
        "id": "0A12422A-8178-49D1-84AD-7A1DA8492353",
        "is_wheelchair_accessible": false,
        "name": "Sunlife",
        "notes": "",
        "verified": false
      }
    },
    {
      "type": "Feature",
      "geometry": {
        "coordinates": [
          17.7213407,
          59.8135016
        ],
        "type": "Point"
      },
      "properties": {
        "category": "playground",
        "description": "",
        "has_changing_area": false,
        "has_child_seats": false,
        "has_nursing_area": false,
        "has_playground": true,
        "id": "050E1A07-973F-4130-874D-D0A485F1A8F5",
        "is_wheelchair_accessible": false,
        "name": "Uppsala",
        "notes": "",
        "verified": false
      }
    },
    {
      "type": "Feature",
      "geometry": {
        "coordinates": [
          14.6621512,
          63.1797886
        ],
        "type": "Point"
      },
      "properties": {
        "category": "other",
        "description": "",
        "has_changing_area": true,
        "has_child_seats": false,
        "has_nursing_area": false,
        "has_playground": false,
        "id": "516BD324-229E-4C97-B6B7-AEFBD257F41A",
        "is_wheelchair_accessible": true,
        "name": "Public toilets (with changing table)",
        "notes": "",
        "verified": false
      }
    },
    {
      "type": "Feature",
      "geometry": {
        "coordinates": [
          13.3033621,
          59.5142568
        ],
        "type": "Point"
      },
      "properties": {
        "category": "playground",
        "description": "",
        "has_changing_area": false,
        "has_child_seats": false,
        "has_nursing_area": false,
        "has_playground": true,
        "id": "8EC98502-7323-4ABB-AA97-D7B362FBB4A3",
        "is_wheelchair_accessible": false,
        "name": "Runnevåls Lekplats",
        "notes": "",
        "verified": false
      }
    },
    {
      "type": "Feature",
      "geometry": {
        "coordinates": [
          18.3269693,
          63.0546595
        ],
        "type": "Point"
      },
      "properties": {
        "category": "cafe",
        "description": "",
        "has_changing_area": true,
        "has_child_seats": true,
        "has_nursing_area": false,
        "has_playground": false,
        "id": "0CC4AC51-633B-476C-A0D1-282B5A0C78E5",
        "is_wheelchair_accessible": true,
        "name": "Jeltsies Chokladpraliner",
        "notes": "",
        "verified": false
      }
    },
    {
      "type": "Feature",
      "geometry": {
        "coordinates": [
          17.7710704,
          59.4276726
        ],
        "type": "Point"
      },
      "properties": {
        "category": "other",
        "description": "",
        "has_changing_area": true,
        "has_child_seats": false,
        "has_nursing_area": false,
        "has_playground": false,
        "id": "53F7F6F4-BA78-4398-89E6-56879607E922",
        "is_wheelchair_accessible": true,
        "name": "Public toilets (with changing table)",
        "notes": "",
        "verified": false
      }
    },
    {
      "type": "Feature",
      "geometry": {
        "coordinates": [
          13.4471778,
          59.3738339
        ],
        "type": "Point"
      },
      "properties": {
        "category": "playground",
        "description": "",
        "has_changing_area": false,
        "has_child_seats": false,
        "has_nursing_area": false,
        "has_playground": true,
        "id": "AEEC1B2C-F994-4952-8BBB-DDE3DC975E86",
        "is_wheelchair_accessible": false,
        "name": "Leo's Lekland",
        "notes": "",
        "verified": false
      }
    },
    {
      "type": "Feature",
      "geometry": {
        "coordinates": [
          17.0623396,
          60.6697059
        ],
        "type": "Point"
      },
      "properties": {
        "category": "playground",
        "description": "",
        "has_changing_area": false,
        "has_child_seats": false,
        "has_nursing_area": false,
        "has_playground": true,
        "id": "FD388331-E983-4143-95F3-A5AE11C5404A",
        "is_wheelchair_accessible": false,
        "name": "Lindesnäsvägen",
        "notes": "",
        "verified": false
      }
    },
    {
      "type": "Feature",
      "geometry": {
        "coordinates": [
          20.3244511,
          63.8497478
        ],
        "type": "Point"
      },
      "properties": {
        "category": "playground",
        "description": "",
        "has_changing_area": false,
        "has_child_seats": false,
        "has_nursing_area": false,
        "has_playground": true,
        "id": "EC2BE79A-E3C1-4A70-BFC1-9B42F791F91B",
        "is_wheelchair_accessible": false,
        "name": "Leo's Lekland",
        "notes": "",
        "verified": false
      }
    },
    {
      "type": "Feature",
      "geometry": {
        "coordinates": [
          16.546556,
          59.6107
        ],
        "type": "Point"
      },
      "properties": {
        "category": "cafe",
        "description": "",
        "has_changing_area": true,
        "has_child_seats": true,
        "has_nursing_area": false,
        "has_playground": false,
        "id": "5680CC23-30C9-4B97-A39B-20941870C141",
        "is_wheelchair_accessible": true,
        "name": "Espresso House Hantverkargatan",
        "notes": "",
        "verified": false
      }
    },
    {
      "type": "Feature",
      "geometry": {
        "coordinates": [
          13.5221269,
          59.3776529
        ],
        "type": "Point"
      },
      "properties": {
        "category": "playground",
        "description": "",
        "has_changing_area": false,
        "has_child_seats": false,
        "has_nursing_area": false,
        "has_playground": true,
        "id": "7ED33E2B-DB55-4E70-836D-E68584F8DF42",
        "is_wheelchair_accessible": false,
        "name": "Södra axets lekplats",
        "notes": "",
        "verified": false
      }
    },
    {
      "type": "Feature",
      "geometry": {
        "coordinates": [
          16.5169455,
          59.6210481
        ],
        "type": "Point"
      },
      "properties": {
        "category": "other",
        "description": "",
        "has_changing_area": true,
        "has_child_seats": false,
        "has_nursing_area": false,
        "has_playground": false,
        "id": "378A38E6-38B1-460F-AF62-76656478BC69",
        "is_wheelchair_accessible": true,
        "name": "Public toilets (with changing table)",
        "notes": "",
        "verified": false
      }
    },
    {
      "type": "Feature",
      "geometry": {
        "coordinates": [
          16.557681,
          61.860868
        ],
        "type": "Point"
      },
      "properties": {
        "category": "other",
        "description": "",
        "has_changing_area": true,
        "has_child_seats": false,
        "has_nursing_area": false,
        "has_playground": false,
        "id": "374092B3-370D-44E0-8601-41234910C0EC",
        "is_wheelchair_accessible": true,
        "name": "Public toilets (with changing table)",
        "notes": "",
        "verified": false
      }
    },
    {
      "type": "Feature",
      "geometry": {
        "coordinates": [
          22.152134,
          65.5856407
        ],
        "type": "Point"
      },
      "properties": {
        "category": "other",
        "description": "",
        "has_changing_area": true,
        "has_child_seats": false,
        "has_nursing_area": false,
        "has_playground": false,
        "id": "2B297BB6-C3AC-47CE-8919-F15073436A8C",
        "is_wheelchair_accessible": true,
        "name": "Public toilets (with changing table)",
        "notes": "",
        "verified": false
      }
    },
    {
      "type": "Feature",
      "geometry": {
        "coordinates": [
          20.3023274,
          63.8253197
        ],
        "type": "Point"
      },
      "properties": {
        "category": "playground",
        "description": "",
        "has_changing_area": false,
        "has_child_seats": false,
        "has_nursing_area": false,
        "has_playground": true,
        "id": "2BDFD9C4-21C6-43D0-8C5A-6DC4F8FE94D1",
        "is_wheelchair_accessible": false,
        "name": "drakparken",
        "notes": "",
        "verified": false
      }
    },
    {
      "type": "Feature",
      "geometry": {
        "coordinates": [
          13.7188075,
          59.6035323
        ],
        "type": "Point"
      },
      "properties": {
        "category": "playground",
        "description": "",
        "has_changing_area": false,
        "has_child_seats": false,
        "has_nursing_area": false,
        "has_playground": true,
        "id": "5DC63EC7-5903-4659-B85B-B7F85F4822A2",
        "is_wheelchair_accessible": false,
        "name": "Marknadsgatans lekplats",
        "notes": "",
        "verified": false
      }
    },
    {
      "type": "Feature",
      "geometry": {
        "coordinates": [
          18.1017969,
          59.5440391
        ],
        "type": "Point"
      },
      "properties": {
        "category": "playground",
        "description": "",
        "has_changing_area": false,
        "has_child_seats": false,
        "has_nursing_area": false,
        "has_playground": true,
        "id": "75E365FF-CC67-4597-B440-B4657A66AE27",
        "is_wheelchair_accessible": false,
        "name": "Slånbärsvägen 20B",
        "notes": "",
        "verified": false
      }
    },
    {
      "type": "Feature",
      "geometry": {
        "coordinates": [
          13.5885932,
          59.406442
        ],
        "type": "Point"
      },
      "properties": {
        "category": "playground",
        "description": "",
        "has_changing_area": false,
        "has_child_seats": false,
        "has_nursing_area": false,
        "has_playground": true,
        "id": "41F144B7-A7EF-426C-92CE-EDE63F004AA7",
        "is_wheelchair_accessible": false,
        "name": "Nils Uttermans lekplats",
        "notes": "",
        "verified": false
      }
    },
    {
      "type": "Feature",
      "geometry": {
        "coordinates": [
          18.0730173,
          59.3238321
        ],
        "type": "Point"
      },
      "properties": {
        "category": "other",
        "description": "",
        "has_changing_area": true,
        "has_child_seats": false,
        "has_nursing_area": false,
        "has_playground": false,
        "id": "5C07EAFF-D4E8-4048-B707-90D1582B56AD",
        "is_wheelchair_accessible": true,
        "name": "Judiska muséet",
        "notes": "",
        "verified": false
      }
    },
    {
      "type": "Feature",
      "geometry": {
        "coordinates": [
          18.0012045,
          59.2322134
        ],
        "type": "Point"
      },
      "properties": {
        "category": "playground",
        "description": "",
        "has_changing_area": false,
        "has_child_seats": false,
        "has_nursing_area": false,
        "has_playground": true,
        "id": "4411BF53-0664-4E0B-AB12-3002D9B50838",
        "is_wheelchair_accessible": false,
        "name": "Ängsnäsparken",
        "notes": "",
        "verified": false
      }
    },
    {
      "type": "Feature",
      "geometry": {
        "coordinates": [
          17.6608563,
          59.87549
        ],
        "type": "Point"
      },
      "properties": {
        "category": "playground",
        "description": "",
        "has_changing_area": false,
        "has_child_seats": false,
        "has_nursing_area": false,
        "has_playground": true,
        "id": "117EF2F0-9B58-47C8-B96C-E0B49AAFCE60",
        "is_wheelchair_accessible": false,
        "name": "Lekplats Gränbyparken",
        "notes": "",
        "verified": false
      }
    },
    {
      "type": "Feature",
      "geometry": {
        "coordinates": [
          22.1966294,
          65.5866503
        ],
        "type": "Point"
      },
      "properties": {
        "category": "playground",
        "description": "",
        "has_changing_area": false,
        "has_child_seats": false,
        "has_nursing_area": false,
        "has_playground": true,
        "id": "B12A3C67-102C-462B-A1BD-19821C38CF54",
        "is_wheelchair_accessible": false,
        "name": "Östergatans lekplats",
        "notes": "",
        "verified": false
      }
    },
    {
      "type": "Feature",
      "geometry": {
        "coordinates": [
          17.1013152,
          61.7028703
        ],
        "type": "Point"
      },
      "properties": {
        "category": "playground",
        "description": "",
        "has_changing_area": false,
        "has_child_seats": false,
        "has_nursing_area": false,
        "has_playground": true,
        "id": "F71798A0-6727-4E14-A387-E744264FAAC3",
        "is_wheelchair_accessible": false,
        "name": "Idenors Lekplats",
        "notes": "",
        "verified": false
      }
    },
    {
      "type": "Feature",
      "geometry": {
        "coordinates": [
          14.877166,
          59.2338385
        ],
        "type": "Point"
      },
      "properties": {
        "category": "playground",
        "description": "",
        "has_changing_area": false,
        "has_child_seats": false,
        "has_nursing_area": false,
        "has_playground": true,
        "id": "D4623720-F8E9-4A78-A4A8-08DD0EB553FC",
        "is_wheelchair_accessible": false,
        "name": "Lekplats Hidinge nya kyrka",
        "notes": "",
        "verified": false
      }
    },
    {
      "type": "Feature",
      "geometry": {
        "coordinates": [
          15.1593696,
          59.1949738
        ],
        "type": "Point"
      },
      "properties": {
        "category": "playground",
        "description": "",
        "has_changing_area": false,
        "has_child_seats": false,
        "has_nursing_area": false,
        "has_playground": true,
        "id": "6B1C29B1-6454-4F5F-8226-CF697EBF2E6F",
        "is_wheelchair_accessible": false,
        "name": "Mosjöängs lekplats",
        "notes": "",
        "verified": false
      }
    },
    {
      "type": "Feature",
      "geometry": {
        "coordinates": [
          15.6324152,
          60.5818852
        ],
        "type": "Point"
      },
      "properties": {
        "category": "playground",
        "description": "",
        "has_changing_area": false,
        "has_child_seats": false,
        "has_nursing_area": false,
        "has_playground": true,
        "id": "EEEEDC96-275E-4EF0-B11C-9E3F9078F32C",
        "is_wheelchair_accessible": false,
        "name": "Lekplats Guldstigen",
        "notes": "",
        "verified": false
      }
    },
    {
      "type": "Feature",
      "geometry": {
        "coordinates": [
          18.1355857,
          59.2053677
        ],
        "type": "Point"
      },
      "properties": {
        "category": "playground",
        "description": "",
        "has_changing_area": false,
        "has_child_seats": false,
        "has_nursing_area": false,
        "has_playground": true,
        "id": "5615F718-0A73-4D08-A4C3-81AF7D2530F8",
        "is_wheelchair_accessible": false,
        "name": "Vallmyraparken",
        "notes": "",
        "verified": false
      }
    },
    {
      "type": "Feature",
      "geometry": {
        "coordinates": [
          17.2217123,
          60.6684094
        ],
        "type": "Point"
      },
      "properties": {
        "category": "playground",
        "description": "",
        "has_changing_area": false,
        "has_child_seats": false,
        "has_nursing_area": false,
        "has_playground": true,
        "id": "56ECD878-B0C2-4BDD-9E69-06ABFE82BFC8",
        "is_wheelchair_accessible": false,
        "name": "Myrparken",
        "notes": "",
        "verified": false
      }
    },
    {
      "type": "Feature",
      "geometry": {
        "coordinates": [
          13.4888117,
          59.4065086
        ],
        "type": "Point"
      },
      "properties": {
        "category": "playground",
        "description": "",
        "has_changing_area": false,
        "has_child_seats": false,
        "has_nursing_area": false,
        "has_playground": true,
        "id": "E6EF3182-5711-4F7B-9125-C9D4CB8E9117",
        "is_wheelchair_accessible": false,
        "name": "Paleniusparkens lekplats",
        "notes": "",
        "verified": false
      }
    },
    {
      "type": "Feature",
      "geometry": {
        "coordinates": [
          17.9474061,
          59.3635019
        ],
        "type": "Point"
      },
      "properties": {
        "category": "playground",
        "description": "",
        "has_changing_area": false,
        "has_child_seats": false,
        "has_nursing_area": false,
        "has_playground": true,
        "id": "2713F13D-F975-47BA-B9B2-706E2681A440",
        "is_wheelchair_accessible": false,
        "name": "Gäddan",
        "notes": "",
        "verified": false
      }
    },
    {
      "type": "Feature",
      "geometry": {
        "coordinates": [
          17.9841934,
          59.3080827
        ],
        "type": "Point"
      },
      "properties": {
        "category": "playground",
        "description": "",
        "has_changing_area": false,
        "has_child_seats": false,
        "has_nursing_area": false,
        "has_playground": true,
        "id": "206CC27F-07EA-4D4A-B71A-E38D64FAC590",
        "is_wheelchair_accessible": false,
        "name": "Fågelparken",
        "notes": "",
        "verified": false
      }
    },
    {
      "type": "Feature",
      "geometry": {
        "coordinates": [
          18.5247335,
          59.2912252
        ],
        "type": "Point"
      },
      "properties": {
        "category": "playground",
        "description": "",
        "has_changing_area": false,
        "has_child_seats": false,
        "has_nursing_area": false,
        "has_playground": true,
        "id": "59A5E034-5D52-4F85-B374-905528179808",
        "is_wheelchair_accessible": false,
        "name": "Lekplats Rödingstigen",
        "notes": "",
        "verified": false
      }
    },
    {
      "type": "Feature",
      "geometry": {
        "coordinates": [
          17.8880068,
          59.3744571
        ],
        "type": "Point"
      },
      "properties": {
        "category": "playground",
        "description": "",
        "has_changing_area": false,
        "has_child_seats": false,
        "has_nursing_area": false,
        "has_playground": true,
        "id": "D9DE5E08-3FB5-4E1D-9408-A237FC34DBD3",
        "is_wheelchair_accessible": false,
        "name": "Parkleken Starbo",
        "notes": "",
        "verified": false
      }
    },
    {
      "type": "Feature",
      "geometry": {
        "coordinates": [
          15.5447248,
          58.3956146
        ],
        "type": "Point"
      },
      "properties": {
        "category": "playground",
        "description": "",
        "has_changing_area": false,
        "has_child_seats": false,
        "has_nursing_area": false,
        "has_playground": true,
        "id": "99372EC6-2B27-4A2F-BCCD-B0389FEE6297",
        "is_wheelchair_accessible": false,
        "name": "Lekplats Grönbrinksgatan",
        "notes": "",
        "verified": false
      }
    },
    {
      "type": "Feature",
      "geometry": {
        "coordinates": [
          18.1108852,
          59.2566605
        ],
        "type": "Point"
      },
      "properties": {
        "category": "playground",
        "description": "",
        "has_changing_area": false,
        "has_child_seats": false,
        "has_nursing_area": false,
        "has_playground": true,
        "id": "5ABD54B3-1C63-4A69-8CE9-A87E1294B7F0",
        "is_wheelchair_accessible": false,
        "name": "Sjöfararen",
        "notes": "",
        "verified": false
      }
    },
    {
      "type": "Feature",
      "geometry": {
        "coordinates": [
          18.0918459,
          59.257694
        ],
        "type": "Point"
      },
      "properties": {
        "category": "playground",
        "description": "",
        "has_changing_area": false,
        "has_child_seats": false,
        "has_nursing_area": false,
        "has_playground": true,
        "id": "8C924ECE-F4D0-4AD0-8BDD-EFBCBAA3E7A6",
        "is_wheelchair_accessible": false,
        "name": "Starrmyrans parklek",
        "notes": "",
        "verified": false
      }
    },
    {
      "type": "Feature",
      "geometry": {
        "coordinates": [
          15.6812727,
          58.1325815
        ],
        "type": "Point"
      },
      "properties": {
        "category": "playground",
        "description": "",
        "has_changing_area": false,
        "has_child_seats": false,
        "has_nursing_area": false,
        "has_playground": true,
        "id": "47374B98-921D-429B-BED9-4E3FA9C02A77",
        "is_wheelchair_accessible": false,
        "name": "Dalvägens Lekplats",
        "notes": "",
        "verified": false
      }
    },
    {
      "type": "Feature",
      "geometry": {
        "coordinates": [
          16.5995518,
          58.4413466
        ],
        "type": "Point"
      },
      "properties": {
        "category": "playground",
        "description": "",
        "has_changing_area": false,
        "has_child_seats": false,
        "has_nursing_area": false,
        "has_playground": true,
        "id": "429678AB-1A6A-4849-AD28-E2CD32D41B43",
        "is_wheelchair_accessible": false,
        "name": "Gustav Vasas Hoppborg",
        "notes": "",
        "verified": false
      }
    },
    {
      "type": "Feature",
      "geometry": {
        "coordinates": [
          17.9348156,
          59.3287285
        ],
        "type": "Point"
      },
      "properties": {
        "category": "playground",
        "description": "",
        "has_changing_area": false,
        "has_child_seats": false,
        "has_nursing_area": false,
        "has_playground": true,
        "id": "AFB8A943-CF64-406B-9577-32DFCEA629CC",
        "is_wheelchair_accessible": false,
        "name": "Lekparken Operetten",
        "notes": "",
        "verified": false
      }
    },
    {
      "type": "Feature",
      "geometry": {
        "coordinates": [
          17.8664324,
          59.4182211
        ],
        "type": "Point"
      },
      "properties": {
        "category": "playground",
        "description": "",
        "has_changing_area": false,
        "has_child_seats": false,
        "has_nursing_area": false,
        "has_playground": true,
        "id": "F5855B0D-18A8-4BB2-937A-652971A29DDB",
        "is_wheelchair_accessible": false,
        "name": "Ålstaparken",
        "notes": "",
        "verified": false
      }
    },
    {
      "type": "Feature",
      "geometry": {
        "coordinates": [
          17.3261106,
          60.64918
        ],
        "type": "Point"
      },
      "properties": {
        "category": "playground",
        "description": "",
        "has_changing_area": false,
        "has_child_seats": false,
        "has_nursing_area": false,
        "has_playground": true,
        "id": "9DEC2940-B116-4A02-BF9B-77D0D15763A6",
        "is_wheelchair_accessible": false,
        "name": "Rönnåsvägen",
        "notes": "",
        "verified": false
      }
    },
    {
      "type": "Feature",
      "geometry": {
        "coordinates": [
          21.7282905,
          65.768951
        ],
        "type": "Point"
      },
      "properties": {
        "category": "playground",
        "description": "",
        "has_changing_area": false,
        "has_child_seats": false,
        "has_nursing_area": false,
        "has_playground": true,
        "id": "A1A9388E-165C-480E-9F8D-437518217D0B",
        "is_wheelchair_accessible": false,
        "name": "Salladsparken",
        "notes": "",
        "verified": false
      }
    },
    {
      "type": "Feature",
      "geometry": {
        "coordinates": [
          15.6329048,
          60.6027653
        ],
        "type": "Point"
      },
      "properties": {
        "category": "other",
        "description": "",
        "has_changing_area": true,
        "has_child_seats": false,
        "has_nursing_area": false,
        "has_playground": false,
        "id": "107E4C6F-BB0A-4814-87FF-6220B3D7D991",
        "is_wheelchair_accessible": true,
        "name": "Vårdcentral Tisken",
        "notes": "",
        "verified": false
      }
    },
    {
      "type": "Feature",
      "geometry": {
        "coordinates": [
          13.4712935,
          59.3781568
        ],
        "type": "Point"
      },
      "properties": {
        "category": "playground",
        "description": "",
        "has_changing_area": false,
        "has_child_seats": false,
        "has_nursing_area": false,
        "has_playground": true,
        "id": "D62879A2-9668-4C63-8F93-96B30716BD4B",
        "is_wheelchair_accessible": false,
        "name": "Karlsgrundsparkens lekplats",
        "notes": "",
        "verified": false
      }
    },
    {
      "type": "Feature",
      "geometry": {
        "coordinates": [
          17.7063117,
          59.8575721
        ],
        "type": "Point"
      },
      "properties": {
        "category": "playground",
        "description": "",
        "has_changing_area": false,
        "has_child_seats": false,
        "has_nursing_area": false,
        "has_playground": true,
        "id": "ABD8992F-E74A-439F-B91E-D1F6C917F8C2",
        "is_wheelchair_accessible": false,
        "name": "Mariedalsparken",
        "notes": "",
        "verified": false
      }
    },
    {
      "type": "Feature",
      "geometry": {
        "coordinates": [
          15.5907096,
          58.4056837
        ],
        "type": "Point"
      },
      "properties": {
        "category": "other",
        "description": "",
        "has_changing_area": true,
        "has_child_seats": false,
        "has_nursing_area": false,
        "has_playground": false,
        "id": "DADBB03A-5095-4EA1-80C4-03D2A43F7706",
        "is_wheelchair_accessible": true,
        "name": "Public toilets (with changing table)",
        "notes": "",
        "verified": false
      }
    },
    {
      "type": "Feature",
      "geometry": {
        "coordinates": [
          14.7431051,
          63.1564296
        ],
        "type": "Point"
      },
      "properties": {
        "category": "other",
        "description": "",
        "has_changing_area": true,
        "has_child_seats": false,
        "has_nursing_area": false,
        "has_playground": false,
        "id": "2C523DFB-7343-4CB1-A0BB-E1188C3ED3F0",
        "is_wheelchair_accessible": true,
        "name": "Public toilets (with changing table)",
        "notes": "",
        "verified": false
      }
    },
    {
      "type": "Feature",
      "geometry": {
        "coordinates": [
          13.564954,
          59.4030824
        ],
        "type": "Point"
      },
      "properties": {
        "category": "playground",
        "description": "",
        "has_changing_area": false,
        "has_child_seats": false,
        "has_nursing_area": false,
        "has_playground": true,
        "id": "5E307630-A927-4DDD-A5FD-54298C8C6FDB",
        "is_wheelchair_accessible": false,
        "name": "Kronoparkens parklek",
        "notes": "",
        "verified": false
      }
    },
    {
      "type": "Feature",
      "geometry": {
        "coordinates": [
          18.0947322,
          59.3449958
        ],
        "type": "Point"
      },
      "properties": {
        "category": "playground",
        "description": "",
        "has_changing_area": false,
        "has_child_seats": false,
        "has_nursing_area": false,
        "has_playground": true,
        "id": "2B054760-DC58-4DE4-BA6B-6DAEE525C753",
        "is_wheelchair_accessible": false,
        "name": "Lilla lekplatsen",
        "notes": "",
        "verified": false
      }
    },
    {
      "type": "Feature",
      "geometry": {
        "coordinates": [
          18.0563407,
          59.3414559
        ],
        "type": "Point"
      },
      "properties": {
        "category": "playground",
        "description": "",
        "has_changing_area": false,
        "has_child_seats": false,
        "has_nursing_area": false,
        "has_playground": true,
        "id": "B5897931-EB13-4682-A1C2-C212485E53FD",
        "is_wheelchair_accessible": false,
        "name": "Parkleken Observatorielunden",
        "notes": "",
        "verified": false
      }
    },
    {
      "type": "Feature",
      "geometry": {
        "coordinates": [
          18.1640709,
          59.3103627
        ],
        "type": "Point"
      },
      "properties": {
        "category": "playground",
        "description": "",
        "has_changing_area": false,
        "has_child_seats": false,
        "has_nursing_area": false,
        "has_playground": true,
        "id": "20E61150-7275-4498-BCA6-9C8492696E8F",
        "is_wheelchair_accessible": false,
        "name": "Nackanallens Blåbärsland",
        "notes": "",
        "verified": false
      }
    },
    {
      "type": "Feature",
      "geometry": {
        "coordinates": [
          13.8337041,
          58.3955522
        ],
        "type": "Point"
      },
      "properties": {
        "category": "other",
        "description": "",
        "has_changing_area": true,
        "has_child_seats": false,
        "has_nursing_area": false,
        "has_playground": false,
        "id": "991AEAF9-128A-40EE-BDFE-43D74C95FBDF",
        "is_wheelchair_accessible": false,
        "name": "Public toilets (with changing table)",
        "notes": "",
        "verified": false
      }
    },
    {
      "type": "Feature",
      "geometry": {
        "coordinates": [
          19.16581,
          63.3403949
        ],
        "type": "Point"
      },
      "properties": {
        "category": "playground",
        "description": "",
        "has_changing_area": false,
        "has_child_seats": false,
        "has_nursing_area": false,
        "has_playground": true,
        "id": "20596170-4109-4E36-85C8-23FC947F4784",
        "is_wheelchair_accessible": false,
        "name": "Allmän lekplats i Husum",
        "notes": "",
        "verified": false
      }
    },
    {
      "type": "Feature",
      "geometry": {
        "coordinates": [
          16.8139881,
          60.6672372
        ],
        "type": "Point"
      },
      "properties": {
        "category": "playground",
        "description": "",
        "has_changing_area": false,
        "has_child_seats": false,
        "has_nursing_area": false,
        "has_playground": true,
        "id": "1E2D1F6E-77D1-4C4B-A207-CA5A00BF3593",
        "is_wheelchair_accessible": false,
        "name": "Sigrids Hage",
        "notes": "",
        "verified": false
      }
    },
    {
      "type": "Feature",
      "geometry": {
        "coordinates": [
          17.0421379,
          58.7585585
        ],
        "type": "Point"
      },
      "properties": {
        "category": "playground",
        "description": "",
        "has_changing_area": false,
        "has_child_seats": false,
        "has_nursing_area": false,
        "has_playground": true,
        "id": "757C9042-359D-4DC1-A380-BD57C2E787F9",
        "is_wheelchair_accessible": false,
        "name": "Rymdlekplatsen",
        "notes": "",
        "verified": false
      }
    },
    {
      "type": "Feature",
      "geometry": {
        "coordinates": [
          17.8513127,
          59.195549
        ],
        "type": "Point"
      },
      "properties": {
        "category": "playground",
        "description": "",
        "has_changing_area": false,
        "has_child_seats": false,
        "has_nursing_area": false,
        "has_playground": true,
        "id": "F7E04ED9-2FB7-4A00-ABF3-45935783BC7F",
        "is_wheelchair_accessible": false,
        "name": "Stupvägens lekplats",
        "notes": "",
        "verified": false
      }
    },
    {
      "type": "Feature",
      "geometry": {
        "coordinates": [
          18.0030633,
          59.3715854
        ],
        "type": "Point"
      },
      "properties": {
        "category": "other",
        "description": "",
        "has_changing_area": true,
        "has_child_seats": false,
        "has_nursing_area": false,
        "has_playground": false,
        "id": "EA06B229-9929-49D9-B41C-390F95E1327F",
        "is_wheelchair_accessible": true,
        "name": "Public toilets (with changing table)",
        "notes": "",
        "verified": false
      }
    },
    {
      "type": "Feature",
      "geometry": {
        "coordinates": [
          17.9616874,
          59.426416
        ],
        "type": "Point"
      },
      "properties": {
        "category": "playground",
        "description": "",
        "has_changing_area": false,
        "has_child_seats": false,
        "has_nursing_area": false,
        "has_playground": true,
        "id": "9532BC8D-A44C-4D33-BF7D-FFD8ECEBEDA1",
        "is_wheelchair_accessible": false,
        "name": "Lekplats Dalbovägen",
        "notes": "",
        "verified": false
      }
    },
    {
      "type": "Feature",
      "geometry": {
        "coordinates": [
          18.175545,
          60.1672324
        ],
        "type": "Point"
      },
      "properties": {
        "category": "playground",
        "description": "",
        "has_changing_area": false,
        "has_child_seats": false,
        "has_nursing_area": false,
        "has_playground": true,
        "id": "52FC43FE-BD6F-4FB6-91A1-C1FFA565EF16",
        "is_wheelchair_accessible": false,
        "name": "Lekplats Hökvägen",
        "notes": "",
        "verified": false
      }
    },
    {
      "type": "Feature",
      "geometry": {
        "coordinates": [
          17.9322402,
          59.334029
        ],
        "type": "Point"
      },
      "properties": {
        "category": "playground",
        "description": "",
        "has_changing_area": false,
        "has_child_seats": false,
        "has_nursing_area": false,
        "has_playground": true,
        "id": "3434EED8-BDA0-4945-BBE5-FA1106676ACF",
        "is_wheelchair_accessible": false,
        "name": "Lekplatsen Skeden",
        "notes": "",
        "verified": false
      }
    },
    {
      "type": "Feature",
      "geometry": {
        "coordinates": [
          17.9960691,
          59.344794
        ],
        "type": "Point"
      },
      "properties": {
        "category": "playground",
        "description": "",
        "has_changing_area": false,
        "has_child_seats": false,
        "has_nursing_area": false,
        "has_playground": true,
        "id": "09151CDB-A1D9-4313-B818-EF9DE510465E",
        "is_wheelchair_accessible": false,
        "name": "Augustendals parklek",
        "notes": "",
        "verified": false
      }
    },
    {
      "type": "Feature",
      "geometry": {
        "coordinates": [
          17.9014054,
          59.3484479
        ],
        "type": "Point"
      },
      "properties": {
        "category": "playground",
        "description": "",
        "has_changing_area": false,
        "has_child_seats": false,
        "has_nursing_area": false,
        "has_playground": true,
        "id": "7F4FD232-50B7-49F4-AC0C-950DA3BEDF89",
        "is_wheelchair_accessible": false,
        "name": "Björklunds hage",
        "notes": "",
        "verified": false
      }
    },
    {
      "type": "Feature",
      "geometry": {
        "coordinates": [
          16.9708498,
          59.9339
        ],
        "type": "Point"
      },
      "properties": {
        "category": "playground",
        "description": "",
        "has_changing_area": false,
        "has_child_seats": false,
        "has_nursing_area": false,
        "has_playground": true,
        "id": "7B7F4AF4-A5D8-4A60-BA4C-BFDAD53BF286",
        "is_wheelchair_accessible": false,
        "name": "Gåvans bästa grönyta samt pulkabacke",
        "notes": "",
        "verified": false
      }
    },
    {
      "type": "Feature",
      "geometry": {
        "coordinates": [
          14.4370505,
          59.2369057
        ],
        "type": "Point"
      },
      "properties": {
        "category": "playground",
        "description": "",
        "has_changing_area": false,
        "has_child_seats": false,
        "has_nursing_area": false,
        "has_playground": true,
        "id": "813595C2-8725-4E2A-AD68-85DEC3CD1B58",
        "is_wheelchair_accessible": false,
        "name": "Kanada lekplats",
        "notes": "",
        "verified": false
      }
    },
    {
      "type": "Feature",
      "geometry": {
        "coordinates": [
          14.9808314,
          60.7340619
        ],
        "type": "Point"
      },
      "properties": {
        "category": "other",
        "description": "",
        "has_changing_area": true,
        "has_child_seats": false,
        "has_nursing_area": false,
        "has_playground": false,
        "id": "E896C720-94AA-4BAB-A916-1FD91F0D67E3",
        "is_wheelchair_accessible": false,
        "name": "Public toilets (with changing table)",
        "notes": "",
        "verified": false
      }
    },
    {
      "type": "Feature",
      "geometry": {
        "coordinates": [
          18.0956697,
          59.344672
        ],
        "type": "Point"
      },
      "properties": {
        "category": "playground",
        "description": "",
        "has_changing_area": false,
        "has_child_seats": false,
        "has_nursing_area": false,
        "has_playground": true,
        "id": "0CAC73C7-446C-4714-9525-7420E065616C",
        "is_wheelchair_accessible": false,
        "name": "Gungorna",
        "notes": "",
        "verified": false
      }
    },
    {
      "type": "Feature",
      "geometry": {
        "coordinates": [
          13.0157166,
          60.1319456
        ],
        "type": "Point"
      },
      "properties": {
        "category": "playground",
        "description": "",
        "has_changing_area": false,
        "has_child_seats": false,
        "has_nursing_area": false,
        "has_playground": true,
        "id": "A06EB047-9BDD-4588-9E99-65A49FFAAF14",
        "is_wheelchair_accessible": false,
        "name": "Kollsberg lekplats",
        "notes": "",
        "verified": false
      }
    },
    {
      "type": "Feature",
      "geometry": {
        "coordinates": [
          17.5580541,
          59.8534807
        ],
        "type": "Point"
      },
      "properties": {
        "category": "playground",
        "description": "",
        "has_changing_area": false,
        "has_child_seats": false,
        "has_nursing_area": false,
        "has_playground": true,
        "id": "F0002B47-6264-456C-B30A-BA7767591931",
        "is_wheelchair_accessible": false,
        "name": "Månstensparken",
        "notes": "",
        "verified": false
      }
    },
    {
      "type": "Feature",
      "geometry": {
        "coordinates": [
          13.58636,
          59.4018426
        ],
        "type": "Point"
      },
      "properties": {
        "category": "playground",
        "description": "",
        "has_changing_area": false,
        "has_child_seats": false,
        "has_nursing_area": false,
        "has_playground": true,
        "id": "C06D2A4B-C09C-4AD2-B994-1AE858A12675",
        "is_wheelchair_accessible": false,
        "name": "Olas lekplats",
        "notes": "",
        "verified": false
      }
    },
    {
      "type": "Feature",
      "geometry": {
        "coordinates": [
          21.4037532,
          65.3382782
        ],
        "type": "Point"
      },
      "properties": {
        "category": "playground",
        "description": "",
        "has_changing_area": false,
        "has_child_seats": false,
        "has_nursing_area": false,
        "has_playground": true,
        "id": "79C6D641-3872-4FDB-9506-9F78BF699C98",
        "is_wheelchair_accessible": false,
        "name": "Linnéparkens lekplats",
        "notes": "",
        "verified": false
      }
    },
    {
      "type": "Feature",
      "geometry": {
        "coordinates": [
          22.2055861,
          65.5909966
        ],
        "type": "Point"
      },
      "properties": {
        "category": "playground",
        "description": "",
        "has_changing_area": false,
        "has_child_seats": false,
        "has_nursing_area": false,
        "has_playground": true,
        "id": "E07059B7-ECD9-4217-9021-1047782716FC",
        "is_wheelchair_accessible": false,
        "name": "Fridhemsgatans lekplats",
        "notes": "",
        "verified": false
      }
    },
    {
      "type": "Feature",
      "geometry": {
        "coordinates": [
          17.9437397,
          58.9041835
        ],
        "type": "Point"
      },
      "properties": {
        "category": "playground",
        "description": "",
        "has_changing_area": false,
        "has_child_seats": false,
        "has_nursing_area": false,
        "has_playground": true,
        "id": "7F0EF8FF-F35A-44C3-9F48-F44792FF26DB",
        "is_wheelchair_accessible": false,
        "name": "Kamelparken",
        "notes": "",
        "verified": false
      }
    },
    {
      "type": "Feature",
      "geometry": {
        "coordinates": [
          13.6047965,
          60.0045494
        ],
        "type": "Point"
      },
      "properties": {
        "category": "other",
        "description": "",
        "has_changing_area": true,
        "has_child_seats": false,
        "has_nursing_area": false,
        "has_playground": false,
        "id": "1C007306-CA52-4A0D-8056-7715A99AE2B9",
        "is_wheelchair_accessible": false,
        "name": "Public toilets (with changing table)",
        "notes": "",
        "verified": false
      }
    },
    {
      "type": "Feature",
      "geometry": {
        "coordinates": [
          15.2956217,
          58.3515496
        ],
        "type": "Point"
      },
      "properties": {
        "category": "playground",
        "description": "",
        "has_changing_area": false,
        "has_child_seats": false,
        "has_nursing_area": false,
        "has_playground": true,
        "id": "82886E05-DC2F-423D-A3CC-20717E23B961",
        "is_wheelchair_accessible": false,
        "name": "Riddarängsvägens lekplats",
        "notes": "",
        "verified": false
      }
    },
    {
      "type": "Feature",
      "geometry": {
        "coordinates": [
          18.0720313,
          59.3164541
        ],
        "type": "Point"
      },
      "properties": {
        "category": "other",
        "description": "",
        "has_changing_area": true,
        "has_child_seats": false,
        "has_nursing_area": false,
        "has_playground": false,
        "id": "C284DB63-B7B5-4A8D-BA76-3981CA76A01D",
        "is_wheelchair_accessible": false,
        "name": "S:T Paul Bageri",
        "notes": "",
        "verified": false
      }
    },
    {
      "type": "Feature",
      "geometry": {
        "coordinates": [
          15.516491,
          58.4142826
        ],
        "type": "Point"
      },
      "properties": {
        "category": "playground",
        "description": "",
        "has_changing_area": false,
        "has_child_seats": false,
        "has_nursing_area": false,
        "has_playground": true,
        "id": "3205E2FD-7F22-403C-90A6-C2638E05F414",
        "is_wheelchair_accessible": false,
        "name": "Lekplats Örsättersvägen",
        "notes": "",
        "verified": false
      }
    },
    {
      "type": "Feature",
      "geometry": {
        "coordinates": [
          22.1475061,
          65.6204489
        ],
        "type": "Point"
      },
      "properties": {
        "category": "playground",
        "description": "",
        "has_changing_area": false,
        "has_child_seats": false,
        "has_nursing_area": false,
        "has_playground": true,
        "id": "8190F115-DDC4-4D25-8BDA-251F174D1CE4",
        "is_wheelchair_accessible": false,
        "name": "Strandens förskola",
        "notes": "",
        "verified": false
      }
    },
    {
      "type": "Feature",
      "geometry": {
        "coordinates": [
          17.9029863,
          59.4638043
        ],
        "type": "Point"
      },
      "properties": {
        "category": "playground",
        "description": "",
        "has_changing_area": false,
        "has_child_seats": false,
        "has_nursing_area": false,
        "has_playground": true,
        "id": "05C32ADF-E6F6-4BD2-B8F5-5599E8187558",
        "is_wheelchair_accessible": false,
        "name": "Lekområde 13",
        "notes": "",
        "verified": false
      }
    },
    {
      "type": "Feature",
      "geometry": {
        "coordinates": [
          11.2169362,
          58.354866
        ],
        "type": "Point"
      },
      "properties": {
        "category": "other",
        "description": "",
        "has_changing_area": true,
        "has_child_seats": false,
        "has_nursing_area": false,
        "has_playground": false,
        "id": "9182273F-79B9-4036-811F-3C8224E864AA",
        "is_wheelchair_accessible": true,
        "name": "Public toilets (with changing table)",
        "notes": "",
        "verified": false
      }
    },
    {
      "type": "Feature",
      "geometry": {
        "coordinates": [
          18.0309839,
          59.3781246
        ],
        "type": "Point"
      },
      "properties": {
        "category": "playground",
        "description": "",
        "has_changing_area": false,
        "has_child_seats": false,
        "has_nursing_area": false,
        "has_playground": true,
        "id": "C2B91AC1-4529-4A85-AD25-57E8FC1B1FA2",
        "is_wheelchair_accessible": false,
        "name": "Hästparken",
        "notes": "",
        "verified": false
      }
    },
    {
      "type": "Feature",
      "geometry": {
        "coordinates": [
          17.6976127,
          59.9569294
        ],
        "type": "Point"
      },
      "properties": {
        "category": "playground",
        "description": "",
        "has_changing_area": false,
        "has_child_seats": false,
        "has_nursing_area": false,
        "has_playground": true,
        "id": "F979A83D-5158-47E6-B25D-9C7063219AAC",
        "is_wheelchair_accessible": false,
        "name": "Piratlekplats",
        "notes": "",
        "verified": false
      }
    },
    {
      "type": "Feature",
      "geometry": {
        "coordinates": [
          21.1201973,
          67.4905285
        ],
        "type": "Point"
      },
      "properties": {
        "category": "other",
        "description": "",
        "has_changing_area": true,
        "has_child_seats": false,
        "has_nursing_area": false,
        "has_playground": false,
        "id": "092E3025-61C7-4217-B09C-03350B129480",
        "is_wheelchair_accessible": true,
        "name": "Public toilets (with changing table)",
        "notes": "",
        "verified": false
      }
    },
    {
      "type": "Feature",
      "geometry": {
        "coordinates": [
          18.2235962,
          59.2407248
        ],
        "type": "Point"
      },
      "properties": {
        "category": "playground",
        "description": "",
        "has_changing_area": false,
        "has_child_seats": false,
        "has_nursing_area": false,
        "has_playground": true,
        "id": "51BD51AB-84A9-4736-9C5F-4AA212889582",
        "is_wheelchair_accessible": false,
        "name": "Stora lekplatsen",
        "notes": "",
        "verified": false
      }
    },
    {
      "type": "Feature",
      "geometry": {
        "coordinates": [
          17.9082237,
          59.4616214
        ],
        "type": "Point"
      },
      "properties": {
        "category": "playground",
        "description": "",
        "has_changing_area": false,
        "has_child_seats": false,
        "has_nursing_area": false,
        "has_playground": true,
        "id": "795D2C71-BA1D-4208-98C5-68AF54B425D2",
        "is_wheelchair_accessible": false,
        "name": "Lekområde 2",
        "notes": "",
        "verified": false
      }
    },
    {
      "type": "Feature",
      "geometry": {
        "coordinates": [
          17.1142557,
          60.6946205
        ],
        "type": "Point"
      },
      "properties": {
        "category": "playground",
        "description": "",
        "has_changing_area": false,
        "has_child_seats": false,
        "has_nursing_area": false,
        "has_playground": true,
        "id": "0BFD018D-0BEB-4F12-A623-C70A210ABF4A",
        "is_wheelchair_accessible": false,
        "name": "Ulvsmygen",
        "notes": "",
        "verified": false
      }
    },
    {
      "type": "Feature",
      "geometry": {
        "coordinates": [
          18.1917085,
          60.1678418
        ],
        "type": "Point"
      },
      "properties": {
        "category": "playground",
        "description": "",
        "has_changing_area": false,
        "has_child_seats": false,
        "has_nursing_area": false,
        "has_playground": true,
        "id": "E8B6E547-D4D4-4C36-9CE2-2EE4887EBB88",
        "is_wheelchair_accessible": false,
        "name": "Lekplats Sandgatan",
        "notes": "",
        "verified": false
      }
    },
    {
      "type": "Feature",
      "geometry": {
        "coordinates": [
          17.0697289,
          59.6359422
        ],
        "type": "Point"
      },
      "properties": {
        "category": "playground",
        "description": "",
        "has_changing_area": false,
        "has_child_seats": false,
        "has_nursing_area": false,
        "has_playground": true,
        "id": "E15D95A4-6141-4D4F-8C03-787E46AF552B",
        "is_wheelchair_accessible": false,
        "name": "Öriket",
        "notes": "",
        "verified": false
      }
    },
    {
      "type": "Feature",
      "geometry": {
        "coordinates": [
          17.5271543,
          59.9501576
        ],
        "type": "Point"
      },
      "properties": {
        "category": "playground",
        "description": "",
        "has_changing_area": false,
        "has_child_seats": false,
        "has_nursing_area": false,
        "has_playground": true,
        "id": "E14C6073-422A-48FD-8264-21376CC9E382",
        "is_wheelchair_accessible": false,
        "name": "Tröskvägens lekplats",
        "notes": "",
        "verified": false
      }
    },
    {
      "type": "Feature",
      "geometry": {
        "coordinates": [
          17.1706787,
          60.6485313
        ],
        "type": "Point"
      },
      "properties": {
        "category": "playground",
        "description": "",
        "has_changing_area": false,
        "has_child_seats": false,
        "has_nursing_area": false,
        "has_playground": true,
        "id": "509C61BE-D237-4157-851D-81567FE65080",
        "is_wheelchair_accessible": false,
        "name": "Inte nudda marken",
        "notes": "",
        "verified": false
      }
    },
    {
      "type": "Feature",
      "geometry": {
        "coordinates": [
          17.7925823,
          62.9240663
        ],
        "type": "Point"
      },
      "properties": {
        "category": "playground",
        "description": "",
        "has_changing_area": false,
        "has_child_seats": false,
        "has_nursing_area": false,
        "has_playground": true,
        "id": "B462BF73-A4DF-4B59-BD11-8072C2E9D4C8",
        "is_wheelchair_accessible": true,
        "name": "Hagaparkens lekplats",
        "notes": "",
        "verified": false
      }
    },
    {
      "type": "Feature",
      "geometry": {
        "coordinates": [
          15.2729591,
          58.3503072
        ],
        "type": "Point"
      },
      "properties": {
        "category": "playground",
        "description": "",
        "has_changing_area": false,
        "has_child_seats": false,
        "has_nursing_area": false,
        "has_playground": true,
        "id": "6A975F53-5493-4352-B78C-9D5FFE42D4FF",
        "is_wheelchair_accessible": false,
        "name": "Herrgårdsvägens lekplats",
        "notes": "",
        "verified": false
      }
    },
    {
      "type": "Feature",
      "geometry": {
        "coordinates": [
          17.8411686,
          59.379175
        ],
        "type": "Point"
      },
      "properties": {
        "category": "playground",
        "description": "",
        "has_changing_area": false,
        "has_child_seats": false,
        "has_nursing_area": false,
        "has_playground": true,
        "id": "B5B09365-5CBE-49E4-B4E7-D04191D44FC4",
        "is_wheelchair_accessible": false,
        "name": "Ripvidet",
        "notes": "",
        "verified": false
      }
    },
    {
      "type": "Feature",
      "geometry": {
        "coordinates": [
          17.1290626,
          60.6794744
        ],
        "type": "Point"
      },
      "properties": {
        "category": "playground",
        "description": "",
        "has_changing_area": false,
        "has_child_seats": false,
        "has_nursing_area": false,
        "has_playground": true,
        "id": "A9DDB9E8-6482-4CBE-BD56-1916DAC26237",
        "is_wheelchair_accessible": false,
        "name": "Nynäsplan",
        "notes": "",
        "verified": false
      }
    },
    {
      "type": "Feature",
      "geometry": {
        "coordinates": [
          15.2795487,
          58.3536859
        ],
        "type": "Point"
      },
      "properties": {
        "category": "playground",
        "description": "",
        "has_changing_area": false,
        "has_child_seats": false,
        "has_nursing_area": false,
        "has_playground": true,
        "id": "9E30E03F-71B1-41CA-AE05-11737D7D7013",
        "is_wheelchair_accessible": false,
        "name": "Klämmestorphallens lekplats",
        "notes": "",
        "verified": false
      }
    },
    {
      "type": "Feature",
      "geometry": {
        "coordinates": [
          17.9224293,
          59.2887915
        ],
        "type": "Point"
      },
      "properties": {
        "category": "playground",
        "description": "",
        "has_changing_area": false,
        "has_child_seats": false,
        "has_nursing_area": false,
        "has_playground": true,
        "id": "E881EC7A-9E7B-4AD0-8C29-06F0107B5C85",
        "is_wheelchair_accessible": false,
        "name": "Parkleken Kulan",
        "notes": "",
        "verified": false
      }
    },
    {
      "type": "Feature",
      "geometry": {
        "coordinates": [
          13.5964487,
          59.4035576
        ],
        "type": "Point"
      },
      "properties": {
        "category": "playground",
        "description": "",
        "has_changing_area": false,
        "has_child_seats": false,
        "has_nursing_area": false,
        "has_playground": true,
        "id": "5CE8C4A0-E893-4612-90A2-993F5ADA8B8D",
        "is_wheelchair_accessible": false,
        "name": "Anna Leks lekplats",
        "notes": "",
        "verified": false
      }
    },
    {
      "type": "Feature",
      "geometry": {
        "coordinates": [
          12.3061083,
          58.2880859
        ],
        "type": "Point"
      },
      "properties": {
        "category": "playground",
        "description": "",
        "has_changing_area": false,
        "has_child_seats": false,
        "has_nursing_area": false,
        "has_playground": true,
        "id": "89E70BF5-8962-4B24-9DFA-39995105CF26",
        "is_wheelchair_accessible": false,
        "name": "Båtlekplatsen",
        "notes": "",
        "verified": false
      }
    },
    {
      "type": "Feature",
      "geometry": {
        "coordinates": [
          18.4390074,
          60.3383338
        ],
        "type": "Point"
      },
      "properties": {
        "category": "playground",
        "description": "",
        "has_changing_area": false,
        "has_child_seats": false,
        "has_nursing_area": false,
        "has_playground": true,
        "id": "F86C993A-18E4-411F-9AE7-2A6986CF6BAF",
        "is_wheelchair_accessible": false,
        "name": "Lekparken",
        "notes": "",
        "verified": false
      }
    },
    {
      "type": "Feature",
      "geometry": {
        "coordinates": [
          20.2547946,
          63.8078363
        ],
        "type": "Point"
      },
      "properties": {
        "category": "cafe",
        "description": "",
        "has_changing_area": true,
        "has_child_seats": true,
        "has_nursing_area": false,
        "has_playground": true,
        "id": "95704B3D-0635-4D45-974B-5E5B7C51D58A",
        "is_wheelchair_accessible": true,
        "name": "IKEA Bistro",
        "notes": "",
        "verified": false
      }
    },
    {
      "type": "Feature",
      "geometry": {
        "coordinates": [
          15.6203363,
          58.394176
        ],
        "type": "Point"
      },
      "properties": {
        "category": "playground",
        "description": "",
        "has_changing_area": false,
        "has_child_seats": false,
        "has_nursing_area": false,
        "has_playground": true,
        "id": "3A413BE5-CA8D-47BA-816B-8B349106C3F8",
        "is_wheelchair_accessible": false,
        "name": "Gula lekparken",
        "notes": "",
        "verified": false
      }
    },
    {
      "type": "Feature",
      "geometry": {
        "coordinates": [
          17.1103404,
          59.6276946
        ],
        "type": "Point"
      },
      "properties": {
        "category": "playground",
        "description": "",
        "has_changing_area": false,
        "has_child_seats": false,
        "has_nursing_area": false,
        "has_playground": true,
        "id": "28D64164-FB81-441D-A71D-1ABFFA2A260A",
        "is_wheelchair_accessible": false,
        "name": "Skeppet",
        "notes": "",
        "verified": false
      }
    },
    {
      "type": "Feature",
      "geometry": {
        "coordinates": [
          14.6486648,
          63.1945706
        ],
        "type": "Point"
      },
      "properties": {
        "category": "playground",
        "description": "",
        "has_changing_area": false,
        "has_child_seats": false,
        "has_nursing_area": false,
        "has_playground": true,
        "id": "AEAFBBDF-CFB5-48D4-B45A-83C65F8949BA",
        "is_wheelchair_accessible": false,
        "name": "Tallbacksvägen",
        "notes": "",
        "verified": false
      }
    },
    {
      "type": "Feature",
      "geometry": {
        "coordinates": [
          18.0020305,
          59.3655374
        ],
        "type": "Point"
      },
      "properties": {
        "category": "playground",
        "description": "",
        "has_changing_area": false,
        "has_child_seats": false,
        "has_nursing_area": false,
        "has_playground": true,
        "id": "6659B203-AE04-4CAE-AB3C-36A96A0C4E5D",
        "is_wheelchair_accessible": false,
        "name": "Stenhuggarparken",
        "notes": "",
        "verified": false
      }
    },
    {
      "type": "Feature",
      "geometry": {
        "coordinates": [
          15.7241013,
          58.3420397
        ],
        "type": "Point"
      },
      "properties": {
        "category": "playground",
        "description": "",
        "has_changing_area": false,
        "has_child_seats": false,
        "has_nursing_area": false,
        "has_playground": true,
        "id": "7B1800B4-F445-4D11-98EB-03F1AE458A17",
        "is_wheelchair_accessible": false,
        "name": "Norrberga Naturlekplats",
        "notes": "",
        "verified": false
      }
    },
    {
      "type": "Feature",
      "geometry": {
        "coordinates": [
          17.904765,
          59.4627831
        ],
        "type": "Point"
      },
      "properties": {
        "category": "playground",
        "description": "",
        "has_changing_area": false,
        "has_child_seats": false,
        "has_nursing_area": false,
        "has_playground": true,
        "id": "408C39D4-F82A-4322-8249-7D8F32334587",
        "is_wheelchair_accessible": false,
        "name": "Lekområde 5",
        "notes": "",
        "verified": false
      }
    },
    {
      "type": "Feature",
      "geometry": {
        "coordinates": [
          14.8919002,
          58.4511397
        ],
        "type": "Point"
      },
      "properties": {
        "category": "other",
        "description": "",
        "has_changing_area": true,
        "has_child_seats": false,
        "has_nursing_area": false,
        "has_playground": false,
        "id": "3B95281F-16B6-4772-B6BC-446E65AD8D39",
        "is_wheelchair_accessible": false,
        "name": "Public toilets (with changing table)",
        "notes": "",
        "verified": false
      }
    },
    {
      "type": "Feature",
      "geometry": {
        "coordinates": [
          22.2022882,
          65.6288304
        ],
        "type": "Point"
      },
      "properties": {
        "category": "playground",
        "description": "",
        "has_changing_area": false,
        "has_child_seats": false,
        "has_nursing_area": false,
        "has_playground": true,
        "id": "D177ECB8-9C4E-4D8C-B21C-D4D6AD53BDB7",
        "is_wheelchair_accessible": false,
        "name": "Hällmarksgatans lekplats",
        "notes": "",
        "verified": false
      }
    },
    {
      "type": "Feature",
      "geometry": {
        "coordinates": [
          12.2867326,
          58.2883763
        ],
        "type": "Point"
      },
      "properties": {
        "category": "playground",
        "description": "",
        "has_changing_area": false,
        "has_child_seats": false,
        "has_nursing_area": false,
        "has_playground": true,
        "id": "12AEE6D4-CDEA-4DC3-8E09-1D4C262B7CF8",
        "is_wheelchair_accessible": false,
        "name": "Skrotnisses lekplats",
        "notes": "",
        "verified": false
      }
    },
    {
      "type": "Feature",
      "geometry": {
        "coordinates": [
          18.4387733,
          59.2804334
        ],
        "type": "Point"
      },
      "properties": {
        "category": "playground",
        "description": "",
        "has_changing_area": false,
        "has_child_seats": false,
        "has_nursing_area": false,
        "has_playground": true,
        "id": "55380CED-9772-440E-8253-ED3E81E9D120",
        "is_wheelchair_accessible": false,
        "name": "Vargparken",
        "notes": "",
        "verified": false
      }
    },
    {
      "type": "Feature",
      "geometry": {
        "coordinates": [
          13.4973671,
          59.5985936
        ],
        "type": "Point"
      },
      "properties": {
        "category": "playground",
        "description": "",
        "has_changing_area": false,
        "has_child_seats": false,
        "has_nursing_area": false,
        "has_playground": true,
        "id": "CF977F24-690E-4C80-A704-5D8A0E3BFC1E",
        "is_wheelchair_accessible": false,
        "name": "Prästgårdsvägens lekplats",
        "notes": "",
        "verified": false
      }
    },
    {
      "type": "Feature",
      "geometry": {
        "coordinates": [
          17.7902811,
          62.9385114
        ],
        "type": "Point"
      },
      "properties": {
        "category": "playground",
        "description": "",
        "has_changing_area": false,
        "has_child_seats": false,
        "has_nursing_area": false,
        "has_playground": true,
        "id": "8A456E8E-9045-44F3-A804-E3F98C6E123B",
        "is_wheelchair_accessible": false,
        "name": "Tallås lekplats",
        "notes": "",
        "verified": false
      }
    },
    {
      "type": "Feature",
      "geometry": {
        "coordinates": [
          15.2072849,
          60.1289086
        ],
        "type": "Point"
      },
      "properties": {
        "category": "playground",
        "description": "",
        "has_changing_area": false,
        "has_child_seats": false,
        "has_nursing_area": false,
        "has_playground": true,
        "id": "3A5436C0-A5C8-4F3C-86E2-8E8C1DE8BD78",
        "is_wheelchair_accessible": false,
        "name": "Båtlekparken",
        "notes": "",
        "verified": false
      }
    },
    {
      "type": "Feature",
      "geometry": {
        "coordinates": [
          13.5332584,
          59.387768
        ],
        "type": "Point"
      },
      "properties": {
        "category": "playground",
        "description": "",
        "has_changing_area": false,
        "has_child_seats": false,
        "has_nursing_area": false,
        "has_playground": true,
        "id": "A967EE8E-58BA-460B-AF01-6A6679D12673",
        "is_wheelchair_accessible": false,
        "name": "Sjöstad lekplats",
        "notes": "",
        "verified": false
      }
    },
    {
      "type": "Feature",
      "geometry": {
        "coordinates": [
          17.3690719,
          58.9166236
        ],
        "type": "Point"
      },
      "properties": {
        "category": "other",
        "description": "",
        "has_changing_area": true,
        "has_child_seats": false,
        "has_nursing_area": false,
        "has_playground": false,
        "id": "4EDD7A74-8F4D-45DF-BBE7-60E72781687F",
        "is_wheelchair_accessible": true,
        "name": "Public toilets (with changing table)",
        "notes": "",
        "verified": false
      }
    },
    {
      "type": "Feature",
      "geometry": {
        "coordinates": [
          17.8856115,
          59.3687404
        ],
        "type": "Point"
      },
      "properties": {
        "category": "playground",
        "description": "",
        "has_changing_area": false,
        "has_child_seats": false,
        "has_nursing_area": false,
        "has_playground": true,
        "id": "39D28749-5A1F-42EC-8F7A-A055D5E75E30",
        "is_wheelchair_accessible": false,
        "name": "Nälsta parkourpark och lekplats",
        "notes": "",
        "verified": false
      }
    },
    {
      "type": "Feature",
      "geometry": {
        "coordinates": [
          17.5321144,
          59.9540621
        ],
        "type": "Point"
      },
      "properties": {
        "category": "playground",
        "description": "",
        "has_changing_area": false,
        "has_child_seats": false,
        "has_nursing_area": false,
        "has_playground": true,
        "id": "3007B4B2-4CDA-475E-80D4-C24C66B2F673",
        "is_wheelchair_accessible": false,
        "name": "Fjärdingsvägens lekplats",
        "notes": "",
        "verified": false
      }
    },
    {
      "type": "Feature",
      "geometry": {
        "coordinates": [
          18.1094035,
          59.2354665
        ],
        "type": "Point"
      },
      "properties": {
        "category": "playground",
        "description": "",
        "has_changing_area": false,
        "has_child_seats": false,
        "has_nursing_area": false,
        "has_playground": true,
        "id": "A66190EC-E9B3-4EA0-85C8-C040A8BEC24E",
        "is_wheelchair_accessible": false,
        "name": "Forsängens parklek",
        "notes": "",
        "verified": false
      }
    },
    {
      "type": "Feature",
      "geometry": {
        "coordinates": [
          16.6163768,
          59.6840805
        ],
        "type": "Point"
      },
      "properties": {
        "category": "playground",
        "description": "",
        "has_changing_area": false,
        "has_child_seats": false,
        "has_nursing_area": false,
        "has_playground": true,
        "id": "4C051378-D67B-4568-8F6F-6EEED3774046",
        "is_wheelchair_accessible": false,
        "name": "Sörbyvägens lekplats",
        "notes": "",
        "verified": false
      }
    },
    {
      "type": "Feature",
      "geometry": {
        "coordinates": [
          14.6362581,
          63.1777151
        ],
        "type": "Point"
      },
      "properties": {
        "category": "other",
        "description": "",
        "has_changing_area": true,
        "has_child_seats": false,
        "has_nursing_area": false,
        "has_playground": false,
        "id": "49D0F59C-3031-4B29-80DC-69234F945897",
        "is_wheelchair_accessible": true,
        "name": "Public toilets (with changing table)",
        "notes": "",
        "verified": false
      }
    },
    {
      "type": "Feature",
      "geometry": {
        "coordinates": [
          17.1494133,
          60.7157837
        ],
        "type": "Point"
      },
      "properties": {
        "category": "playground",
        "description": "",
        "has_changing_area": false,
        "has_child_seats": false,
        "has_nursing_area": false,
        "has_playground": true,
        "id": "BC454405-C0E4-401F-B8D7-883B123F1656",
        "is_wheelchair_accessible": false,
        "name": "Åängsvägen",
        "notes": "",
        "verified": false
      }
    },
    {
      "type": "Feature",
      "geometry": {
        "coordinates": [
          18.008867,
          59.2814003
        ],
        "type": "Point"
      },
      "properties": {
        "category": "playground",
        "description": "",
        "has_changing_area": false,
        "has_child_seats": false,
        "has_nursing_area": false,
        "has_playground": true,
        "id": "5694AE42-D0DC-4B95-B93B-1A22E066EC0C",
        "is_wheelchair_accessible": false,
        "name": "Parklek Sjörövarparken",
        "notes": "",
        "verified": false
      }
    },
    {
      "type": "Feature",
      "geometry": {
        "coordinates": [
          17.5680204,
          59.8534336
        ],
        "type": "Point"
      },
      "properties": {
        "category": "playground",
        "description": "",
        "has_changing_area": false,
        "has_child_seats": false,
        "has_nursing_area": false,
        "has_playground": true,
        "id": "EF675CFF-B3DB-4FD5-9E2C-54632F1C504B",
        "is_wheelchair_accessible": false,
        "name": "Gatstenens lekplats",
        "notes": "",
        "verified": false
      }
    },
    {
      "type": "Feature",
      "geometry": {
        "coordinates": [
          20.2171297,
          63.6608166
        ],
        "type": "Point"
      },
      "properties": {
        "category": "other",
        "description": "",
        "has_changing_area": true,
        "has_child_seats": false,
        "has_nursing_area": false,
        "has_playground": false,
        "id": "3F37B699-C6BF-4DC3-9E71-88428A5161D0",
        "is_wheelchair_accessible": true,
        "name": "Public toilets (with changing table)",
        "notes": "",
        "verified": false
      }
    },
    {
      "type": "Feature",
      "geometry": {
        "coordinates": [
          17.6427816,
          59.1887156
        ],
        "type": "Point"
      },
      "properties": {
        "category": "playground",
        "description": "",
        "has_changing_area": false,
        "has_child_seats": false,
        "has_nursing_area": false,
        "has_playground": true,
        "id": "D2885729-723A-4030-B699-1D082FAAAFAE",
        "is_wheelchair_accessible": false,
        "name": "Viksängens lekplats",
        "notes": "",
        "verified": false
      }
    },
    {
      "type": "Feature",
      "geometry": {
        "coordinates": [
          18.3088459,
          59.510279
        ],
        "type": "Point"
      },
      "properties": {
        "category": "playground",
        "description": "",
        "has_changing_area": false,
        "has_child_seats": false,
        "has_nursing_area": false,
        "has_playground": true,
        "id": "A6236331-FE39-4E87-8CB8-9478BBA71C1C",
        "is_wheelchair_accessible": false,
        "name": "Knatteparken",
        "notes": "",
        "verified": false
      }
    },
    {
      "type": "Feature",
      "geometry": {
        "coordinates": [
          18.0898433,
          59.5269288
        ],
        "type": "Point"
      },
      "properties": {
        "category": "playground",
        "description": "",
        "has_changing_area": false,
        "has_child_seats": false,
        "has_nursing_area": false,
        "has_playground": true,
        "id": "9F49BD91-0C0E-4338-9FA1-CEADC1171852",
        "is_wheelchair_accessible": false,
        "name": "Bergvägen 20C",
        "notes": "",
        "verified": false
      }
    },
    {
      "type": "Feature",
      "geometry": {
        "coordinates": [
          22.2895701,
          65.8588821
        ],
        "type": "Point"
      },
      "properties": {
        "category": "playground",
        "description": "",
        "has_changing_area": false,
        "has_child_seats": false,
        "has_nursing_area": false,
        "has_playground": true,
        "id": "049FA052-8381-4D38-AEEF-495DA2213DE1",
        "is_wheelchair_accessible": false,
        "name": "Tallhedsvägens lekplats",
        "notes": "",
        "verified": false
      }
    },
    {
      "type": "Feature",
      "geometry": {
        "coordinates": [
          18.250202,
          59.2290032
        ],
        "type": "Point"
      },
      "properties": {
        "category": "playground",
        "description": "",
        "has_changing_area": false,
        "has_child_seats": false,
        "has_nursing_area": false,
        "has_playground": true,
        "id": "6CEAE676-FA08-437C-9DF2-044C094A248D",
        "is_wheelchair_accessible": false,
        "name": "Stora lekparken",
        "notes": "",
        "verified": false
      }
    },
    {
      "type": "Feature",
      "geometry": {
        "coordinates": [
          13.551865,
          59.6363882
        ],
        "type": "Point"
      },
      "properties": {
        "category": "playground",
        "description": "",
        "has_changing_area": false,
        "has_child_seats": false,
        "has_nursing_area": false,
        "has_playground": true,
        "id": "2154F2F3-B831-4CF0-AFE0-772747467C9A",
        "is_wheelchair_accessible": false,
        "name": "Mölnbacka lekplats",
        "notes": "",
        "verified": false
      }
    },
    {
      "type": "Feature",
      "geometry": {
        "coordinates": [
          17.1336615,
          60.6832645
        ],
        "type": "Point"
      },
      "properties": {
        "category": "playground",
        "description": "",
        "has_changing_area": false,
        "has_child_seats": false,
        "has_nursing_area": false,
        "has_playground": true,
        "id": "C02AC427-8C98-44F3-A737-8B28E12FB077",
        "is_wheelchair_accessible": false,
        "name": "Leklandet Delfinen",
        "notes": "",
        "verified": false
      }
    },
    {
      "type": "Feature",
      "geometry": {
        "coordinates": [
          15.7929538,
          60.0056743
        ],
        "type": "Point"
      },
      "properties": {
        "category": "playground",
        "description": "",
        "has_changing_area": false,
        "has_child_seats": false,
        "has_nursing_area": false,
        "has_playground": true,
        "id": "D31D0FD3-0815-49F2-B316-007B31A0596A",
        "is_wheelchair_accessible": false,
        "name": "Vilhelminaparken",
        "notes": "",
        "verified": false
      }
    },
    {
      "type": "Feature",
      "geometry": {
        "coordinates": [
          18.0138569,
          59.4452538
        ],
        "type": "Point"
      },
      "properties": {
        "category": "playground",
        "description": "",
        "has_changing_area": false,
        "has_child_seats": false,
        "has_nursing_area": false,
        "has_playground": true,
        "id": "C1399C9F-36FF-4570-B0D7-F727DDA0E24D",
        "is_wheelchair_accessible": false,
        "name": "Jaktleken",
        "notes": "",
        "verified": false
      }
    },
    {
      "type": "Feature",
      "geometry": {
        "coordinates": [
          17.9535008,
          59.4408849
        ],
        "type": "Point"
      },
      "properties": {
        "category": "other",
        "description": "",
        "has_changing_area": true,
        "has_child_seats": false,
        "has_nursing_area": false,
        "has_playground": false,
        "id": "E2443C89-B939-46E6-B4AE-A9C921E5786F",
        "is_wheelchair_accessible": true,
        "name": "Public toilets (with changing table)",
        "notes": "",
        "verified": false
      }
    },
    {
      "type": "Feature",
      "geometry": {
        "coordinates": [
          13.525896,
          59.3866233
        ],
        "type": "Point"
      },
      "properties": {
        "category": "playground",
        "description": "",
        "has_changing_area": false,
        "has_child_seats": false,
        "has_nursing_area": false,
        "has_playground": true,
        "id": "1FCA9D99-D972-430A-9C16-F4738004BB5F",
        "is_wheelchair_accessible": false,
        "name": "Hagaborgs lekplats",
        "notes": "",
        "verified": false
      }
    },
    {
      "type": "Feature",
      "geometry": {
        "coordinates": [
          17.9024242,
          59.4611929
        ],
        "type": "Point"
      },
      "properties": {
        "category": "playground",
        "description": "",
        "has_changing_area": false,
        "has_child_seats": false,
        "has_nursing_area": false,
        "has_playground": true,
        "id": "16D18E10-7A18-4BA9-A114-D549403464C1",
        "is_wheelchair_accessible": false,
        "name": "Lekområde 11",
        "notes": "",
        "verified": false
      }
    },
    {
      "type": "Feature",
      "geometry": {
        "coordinates": [
          17.9673044,
          59.283478
        ],
        "type": "Point"
      },
      "properties": {
        "category": "playground",
        "description": "",
        "has_changing_area": false,
        "has_child_seats": false,
        "has_nursing_area": false,
        "has_playground": true,
        "id": "9937A2B2-07DD-46A7-99F9-EC5499310F96",
        "is_wheelchair_accessible": false,
        "name": "Lekplatsen Solhatten",
        "notes": "",
        "verified": false
      }
    },
    {
      "type": "Feature",
      "geometry": {
        "coordinates": [
          18.6927815,
          60.2534887
        ],
        "type": "Point"
      },
      "properties": {
        "category": "other",
        "description": "",
        "has_changing_area": true,
        "has_child_seats": false,
        "has_nursing_area": false,
        "has_playground": false,
        "id": "D4F8DFDA-E41B-4697-9EBE-563C33E0897E",
        "is_wheelchair_accessible": true,
        "name": "Matsalsdasset",
        "notes": "",
        "verified": false
      }
    },
    {
      "type": "Feature",
      "geometry": {
        "coordinates": [
          21.2375596,
          65.3405065
        ],
        "type": "Point"
      },
      "properties": {
        "category": "playground",
        "description": "",
        "has_changing_area": false,
        "has_child_seats": false,
        "has_nursing_area": false,
        "has_playground": true,
        "id": "6E206B6C-5D0E-4849-A721-1276E004E8EA",
        "is_wheelchair_accessible": false,
        "name": "Storåkern",
        "notes": "",
        "verified": false
      }
    },
    {
      "type": "Feature",
      "geometry": {
        "coordinates": [
          17.6214737,
          59.8137084
        ],
        "type": "Point"
      },
      "properties": {
        "category": "playground",
        "description": "",
        "has_changing_area": false,
        "has_child_seats": false,
        "has_nursing_area": false,
        "has_playground": true,
        "id": "C62CBAD3-A10E-47D1-BB2B-901537C75D7A",
        "is_wheelchair_accessible": false,
        "name": "Lina Sandells Park",
        "notes": "",
        "verified": false
      }
    },
    {
      "type": "Feature",
      "geometry": {
        "coordinates": [
          17.0583704,
          59.6410363
        ],
        "type": "Point"
      },
      "properties": {
        "category": "playground",
        "description": "",
        "has_changing_area": false,
        "has_child_seats": false,
        "has_nursing_area": false,
        "has_playground": true,
        "id": "3F3F68A4-EE44-41C6-A3AA-7296BA559C05",
        "is_wheelchair_accessible": false,
        "name": "Lekplatsen Solsidan",
        "notes": "",
        "verified": false
      }
    },
    {
      "type": "Feature",
      "geometry": {
        "coordinates": [
          18.101685,
          59.3244529
        ],
        "type": "Point"
      },
      "properties": {
        "category": "other",
        "description": "",
        "has_changing_area": true,
        "has_child_seats": false,
        "has_nursing_area": false,
        "has_playground": false,
        "id": "37B52D8E-0B65-4BC3-BDA6-BAF8611BDD55",
        "is_wheelchair_accessible": true,
        "name": "Public toilets (with changing table)",
        "notes": "",
        "verified": false
      }
    },
    {
      "type": "Feature",
      "geometry": {
        "coordinates": [
          16.9749198,
          60.6452479
        ],
        "type": "Point"
      },
      "properties": {
        "category": "playground",
        "description": "",
        "has_changing_area": false,
        "has_child_seats": false,
        "has_nursing_area": false,
        "has_playground": true,
        "id": "B2D007A3-0F6B-4F79-A51F-117F510F7933",
        "is_wheelchair_accessible": false,
        "name": "Sågvreten",
        "notes": "",
        "verified": false
      }
    },
    {
      "type": "Feature",
      "geometry": {
        "coordinates": [
          12.5170007,
          57.9340647
        ],
        "type": "Point"
      },
      "properties": {
        "category": "playground",
        "description": "",
        "has_changing_area": false,
        "has_child_seats": false,
        "has_nursing_area": false,
        "has_playground": true,
        "id": "992C063F-A84D-48AC-AD92-5986A69A7F63",
        "is_wheelchair_accessible": false,
        "name": "Nolhaga lekplats",
        "notes": "",
        "verified": false
      }
    },
    {
      "type": "Feature",
      "geometry": {
        "coordinates": [
          16.5727245,
          59.9244312
        ],
        "type": "Point"
      },
      "properties": {
        "category": "playground",
        "description": "",
        "has_changing_area": false,
        "has_child_seats": false,
        "has_nursing_area": false,
        "has_playground": true,
        "id": "5C15078E-1A45-47AD-9787-150AE1CD5056",
        "is_wheelchair_accessible": false,
        "name": "Lekängen",
        "notes": "",
        "verified": false
      }
    },
    {
      "type": "Feature",
      "geometry": {
        "coordinates": [
          18.1101685,
          59.3421237
        ],
        "type": "Point"
      },
      "properties": {
        "category": "playground",
        "description": "",
        "has_changing_area": false,
        "has_child_seats": false,
        "has_nursing_area": false,
        "has_playground": true,
        "id": "E7D5F2C3-4DE8-47FF-A352-2B123C4E0B19",
        "is_wheelchair_accessible": false,
        "name": "Plockepinn",
        "notes": "",
        "verified": false
      }
    },
    {
      "type": "Feature",
      "geometry": {
        "coordinates": [
          14.9915964,
          60.7305803
        ],
        "type": "Point"
      },
      "properties": {
        "category": "playground",
        "description": "",
        "has_changing_area": false,
        "has_child_seats": false,
        "has_nursing_area": false,
        "has_playground": true,
        "id": "673D9455-DDE0-48D2-8A30-B65955B0F20A",
        "is_wheelchair_accessible": false,
        "name": "Riddarleksparken",
        "notes": "",
        "verified": false
      }
    },
    {
      "type": "Feature",
      "geometry": {
        "coordinates": [
          13.4609175,
          59.7794969
        ],
        "type": "Point"
      },
      "properties": {
        "category": "other",
        "description": "",
        "has_changing_area": true,
        "has_child_seats": false,
        "has_nursing_area": false,
        "has_playground": false,
        "id": "435901E3-302F-4B85-B096-D673762334F8",
        "is_wheelchair_accessible": true,
        "name": "Public toilets (with changing table)",
        "notes": "",
        "verified": false
      }
    },
    {
      "type": "Feature",
      "geometry": {
        "coordinates": [
          16.3758444,
          59.0222261
        ],
        "type": "Point"
      },
      "properties": {
        "category": "playground",
        "description": "",
        "has_changing_area": false,
        "has_child_seats": false,
        "has_nursing_area": false,
        "has_playground": true,
        "id": "14EA5A52-32D9-4A3F-90B3-7CB9C7261BFE",
        "is_wheelchair_accessible": false,
        "name": "Lekplats Medborgarhuset",
        "notes": "",
        "verified": false
      }
    },
    {
      "type": "Feature",
      "geometry": {
        "coordinates": [
          13.4513495,
          59.6068407
        ],
        "type": "Point"
      },
      "properties": {
        "category": "playground",
        "description": "",
        "has_changing_area": false,
        "has_child_seats": false,
        "has_nursing_area": false,
        "has_playground": true,
        "id": "31498FA5-60A2-4111-A067-AA14C16E34F7",
        "is_wheelchair_accessible": false,
        "name": "Krokvägens lekplats",
        "notes": "",
        "verified": false
      }
    },
    {
      "type": "Feature",
      "geometry": {
        "coordinates": [
          14.5671966,
          59.3426968
        ],
        "type": "Point"
      },
      "properties": {
        "category": "playground",
        "description": "",
        "has_changing_area": false,
        "has_child_seats": false,
        "has_nursing_area": false,
        "has_playground": true,
        "id": "24E6217F-55F5-4EC5-9682-ED5C2EABFB81",
        "is_wheelchair_accessible": false,
        "name": "Vegaparken",
        "notes": "",
        "verified": false
      }
    },
    {
      "type": "Feature",
      "geometry": {
        "coordinates": [
          22.2524427,
          65.5835509
        ],
        "type": "Point"
      },
      "properties": {
        "category": "playground",
        "description": "",
        "has_changing_area": false,
        "has_child_seats": false,
        "has_nursing_area": false,
        "has_playground": true,
        "id": "97828B63-BEC1-45AF-A6AF-17AD6BFC05C3",
        "is_wheelchair_accessible": false,
        "name": "Rävspårets lekplats",
        "notes": "",
        "verified": false
      }
    },
    {
      "type": "Feature",
      "geometry": {
        "coordinates": [
          13.7343025,
          59.6029956
        ],
        "type": "Point"
      },
      "properties": {
        "category": "playground",
        "description": "",
        "has_changing_area": false,
        "has_child_seats": false,
        "has_nursing_area": false,
        "has_playground": true,
        "id": "0E5FF109-5EFE-4612-8809-6B6BDBB4F121",
        "is_wheelchair_accessible": false,
        "name": "Kärleksstigens lekplats",
        "notes": "",
        "verified": false
      }
    },
    {
      "type": "Feature",
      "geometry": {
        "coordinates": [
          17.1423574,
          60.7048474
        ],
        "type": "Point"
      },
      "properties": {
        "category": "playground",
        "description": "",
        "has_changing_area": false,
        "has_child_seats": false,
        "has_nursing_area": false,
        "has_playground": true,
        "id": "5A9FCE16-6308-4EB0-A54D-C27B21B97DF0",
        "is_wheelchair_accessible": false,
        "name": "Stigshöjden",
        "notes": "",
        "verified": false
      }
    },
    {
      "type": "Feature",
      "geometry": {
        "coordinates": [
          13.5457566,
          58.4090982
        ],
        "type": "Point"
      },
      "properties": {
        "category": "other",
        "description": "",
        "has_changing_area": true,
        "has_child_seats": false,
        "has_nursing_area": false,
        "has_playground": false,
        "id": "06A52E63-ED58-4E11-9462-527DD34877BA",
        "is_wheelchair_accessible": false,
        "name": "Public toilets (with changing table)",
        "notes": "",
        "verified": false
      }
    },
    {
      "type": "Feature",
      "geometry": {
        "coordinates": [
          17.625123,
          59.8834667
        ],
        "type": "Point"
      },
      "properties": {
        "category": "playground",
        "description": "",
        "has_changing_area": false,
        "has_child_seats": false,
        "has_nursing_area": false,
        "has_playground": true,
        "id": "E7001331-CB7C-47AC-88EC-63D27FE67428",
        "is_wheelchair_accessible": false,
        "name": "Röbo naturlekplats",
        "notes": "",
        "verified": false
      }
    },
    {
      "type": "Feature",
      "geometry": {
        "coordinates": [
          16.5361407,
          59.3666791
        ],
        "type": "Point"
      },
      "properties": {
        "category": "playground",
        "description": "",
        "has_changing_area": false,
        "has_child_seats": false,
        "has_nursing_area": false,
        "has_playground": true,
        "id": "EE011554-8649-413E-92F3-41287B84F214",
        "is_wheelchair_accessible": false,
        "name": "Lekplatsen Djurgården",
        "notes": "",
        "verified": false
      }
    },
    {
      "type": "Feature",
      "geometry": {
        "coordinates": [
          12.2298278,
          58.1976365
        ],
        "type": "Point"
      },
      "properties": {
        "category": "playground",
        "description": "",
        "has_changing_area": false,
        "has_child_seats": false,
        "has_nursing_area": false,
        "has_playground": true,
        "id": "629D0E7F-35FC-436D-8E43-6A7AE573A34A",
        "is_wheelchair_accessible": false,
        "name": "Broskogen",
        "notes": "",
        "verified": false
      }
    },
    {
      "type": "Feature",
      "geometry": {
        "coordinates": [
          18.1943152,
          59.2591657
        ],
        "type": "Point"
      },
      "properties": {
        "category": "playground",
        "description": "",
        "has_changing_area": false,
        "has_child_seats": false,
        "has_nursing_area": false,
        "has_playground": true,
        "id": "CD1488BB-04EB-4180-9A5D-7106A5FD7DEE",
        "is_wheelchair_accessible": true,
        "name": "Sigfridsborgs lekplats",
        "notes": "",
        "verified": false
      }
    },
    {
      "type": "Feature",
      "geometry": {
        "coordinates": [
          13.4265804,
          59.3774195
        ],
        "type": "Point"
      },
      "properties": {
        "category": "other",
        "description": "",
        "has_changing_area": true,
        "has_child_seats": false,
        "has_nursing_area": false,
        "has_playground": false,
        "id": "2AC22A5B-3497-47DD-95FD-82A8217E7FBE",
        "is_wheelchair_accessible": true,
        "name": "Bergvik Köpcenter",
        "notes": "",
        "verified": false
      }
    },
    {
      "type": "Feature",
      "geometry": {
        "coordinates": [
          17.5753543,
          59.9607763
        ],
        "type": "Point"
      },
      "properties": {
        "category": "playground",
        "description": "",
        "has_changing_area": false,
        "has_child_seats": false,
        "has_nursing_area": false,
        "has_playground": true,
        "id": "3389C079-802A-4C4F-9096-BD59BC0C4EE8",
        "is_wheelchair_accessible": false,
        "name": "Flädervägens lekplats",
        "notes": "",
        "verified": false
      }
    },
    {
      "type": "Feature",
      "geometry": {
        "coordinates": [
          17.5364413,
          59.5624263
        ],
        "type": "Point"
      },
      "properties": {
        "category": "playground",
        "description": "",
        "has_changing_area": false,
        "has_child_seats": false,
        "has_nursing_area": false,
        "has_playground": true,
        "id": "93CF4F39-A539-45D4-A697-1ED7AFFE0554",
        "is_wheelchair_accessible": false,
        "name": "Skeppsparken Lekpark",
        "notes": "",
        "verified": false
      }
    },
    {
      "type": "Feature",
      "geometry": {
        "coordinates": [
          15.1900218,
          60.150518
        ],
        "type": "Point"
      },
      "properties": {
        "category": "playground",
        "description": "",
        "has_changing_area": false,
        "has_child_seats": false,
        "has_nursing_area": false,
        "has_playground": true,
        "id": "D08EBF1D-3A36-4C48-8DD0-6E591C654B82",
        "is_wheelchair_accessible": false,
        "name": "Stadsparken",
        "notes": "",
        "verified": false
      }
    },
    {
      "type": "Feature",
      "geometry": {
        "coordinates": [
          18.0040938,
          59.3344947
        ],
        "type": "Point"
      },
      "properties": {
        "category": "playground",
        "description": "",
        "has_changing_area": false,
        "has_child_seats": false,
        "has_nursing_area": false,
        "has_playground": true,
        "id": "FC646424-20AB-4E0F-AEA3-7C8087197E1F",
        "is_wheelchair_accessible": false,
        "name": "Uggleparken",
        "notes": "",
        "verified": false
      }
    },
    {
      "type": "Feature",
      "geometry": {
        "coordinates": [
          17.747735,
          59.1946385
        ],
        "type": "Point"
      },
      "properties": {
        "category": "playground",
        "description": "",
        "has_changing_area": false,
        "has_child_seats": false,
        "has_nursing_area": false,
        "has_playground": true,
        "id": "B9E9590E-F18A-4DAE-8E9A-B9180201FB56",
        "is_wheelchair_accessible": false,
        "name": "Skönviksparken",
        "notes": "",
        "verified": false
      }
    },
    {
      "type": "Feature",
      "geometry": {
        "coordinates": [
          17.6278109,
          59.8610425
        ],
        "type": "Point"
      },
      "properties": {
        "category": "cafe",
        "description": "",
        "has_changing_area": true,
        "has_child_seats": false,
        "has_nursing_area": false,
        "has_playground": false,
        "id": "AABFE24D-19A2-4E54-A448-66DA0C17F616",
        "is_wheelchair_accessible": false,
        "name": "Melrose Café",
        "notes": "",
        "verified": false
      }
    },
    {
      "type": "Feature",
      "geometry": {
        "coordinates": [
          12.0305666,
          57.9248556
        ],
        "type": "Point"
      },
      "properties": {
        "category": "playground",
        "description": "",
        "has_changing_area": false,
        "has_child_seats": false,
        "has_nursing_area": false,
        "has_playground": true,
        "id": "C514D648-116F-4286-A03C-7D22855B788B",
        "is_wheelchair_accessible": false,
        "name": "Diseröd lekplats",
        "notes": "",
        "verified": false
      }
    },
    {
      "type": "Feature",
      "geometry": {
        "coordinates": [
          17.6159091,
          59.832886
        ],
        "type": "Point"
      },
      "properties": {
        "category": "playground",
        "description": "",
        "has_changing_area": false,
        "has_child_seats": false,
        "has_nursing_area": false,
        "has_playground": true,
        "id": "74A460A2-B57E-45C4-8126-1B8216C62586",
        "is_wheelchair_accessible": false,
        "name": "Vallarparkens Lekplats",
        "notes": "",
        "verified": false
      }
    },
    {
      "type": "Feature",
      "geometry": {
        "coordinates": [
          17.650053,
          59.8322692
        ],
        "type": "Point"
      },
      "properties": {
        "category": "playground",
        "description": "",
        "has_changing_area": false,
        "has_child_seats": false,
        "has_nursing_area": false,
        "has_playground": true,
        "id": "4CC9EB93-D496-45F6-9F31-9864347AB89A",
        "is_wheelchair_accessible": false,
        "name": "Lyrikparken",
        "notes": "",
        "verified": false
      }
    },
    {
      "type": "Feature",
      "geometry": {
        "coordinates": [
          18.3710144,
          59.2102543
        ],
        "type": "Point"
      },
      "properties": {
        "category": "playground",
        "description": "",
        "has_changing_area": false,
        "has_child_seats": false,
        "has_nursing_area": false,
        "has_playground": true,
        "id": "2A037DF5-267C-4983-B59C-C861FE20D8F0",
        "is_wheelchair_accessible": false,
        "name": "Ällmoraängens lekplats",
        "notes": "",
        "verified": false
      }
    },
    {
      "type": "Feature",
      "geometry": {
        "coordinates": [
          16.1353688,
          61.7119562
        ],
        "type": "Point"
      },
      "properties": {
        "category": "playground",
        "description": "",
        "has_changing_area": false,
        "has_child_seats": false,
        "has_nursing_area": false,
        "has_playground": true,
        "id": "38DEFB47-D91F-40A6-83F7-E2477E440D53",
        "is_wheelchair_accessible": false,
        "name": "Väktarnas glänta",
        "notes": "",
        "verified": false
      }
    },
    {
      "type": "Feature",
      "geometry": {
        "coordinates": [
          13.5474232,
          59.4143483
        ],
        "type": "Point"
      },
      "properties": {
        "category": "playground",
        "description": "",
        "has_changing_area": false,
        "has_child_seats": false,
        "has_nursing_area": false,
        "has_playground": true,
        "id": "D61EC4AD-AB4A-459C-AA54-48389AE4BE0B",
        "is_wheelchair_accessible": false,
        "name": "Stockens lekplats",
        "notes": "",
        "verified": false
      }
    },
    {
      "type": "Feature",
      "geometry": {
        "coordinates": [
          15.5782411,
          58.3970995
        ],
        "type": "Point"
      },
      "properties": {
        "category": "other",
        "description": "",
        "has_changing_area": true,
        "has_child_seats": false,
        "has_nursing_area": false,
        "has_playground": false,
        "id": "66CE3CC9-6AA2-4B70-8217-1F2C9CA486DE",
        "is_wheelchair_accessible": false,
        "name": "Vallabiblioteket",
        "notes": "",
        "verified": false
      }
    },
    {
      "type": "Feature",
      "geometry": {
        "coordinates": [
          18.1973049,
          59.2604082
        ],
        "type": "Point"
      },
      "properties": {
        "category": "playground",
        "description": "",
        "has_changing_area": false,
        "has_child_seats": false,
        "has_nursing_area": false,
        "has_playground": true,
        "id": "8E8BC9C1-46E0-456D-8312-834647F98124",
        "is_wheelchair_accessible": false,
        "name": "Lokparken",
        "notes": "",
        "verified": false
      }
    },
    {
      "type": "Feature",
      "geometry": {
        "coordinates": [
          17.9154268,
          59.3453476
        ],
        "type": "Point"
      },
      "properties": {
        "category": "playground",
        "description": "",
        "has_changing_area": false,
        "has_child_seats": false,
        "has_nursing_area": false,
        "has_playground": true,
        "id": "8E459002-8EA0-4A43-BB52-C0BC7A9975D6",
        "is_wheelchair_accessible": false,
        "name": "Flintsågen",
        "notes": "",
        "verified": false
      }
    },
    {
      "type": "Feature",
      "geometry": {
        "coordinates": [
          18.1783703,
          59.20411
        ],
        "type": "Point"
      },
      "properties": {
        "category": "playground",
        "description": "",
        "has_changing_area": false,
        "has_child_seats": false,
        "has_nursing_area": false,
        "has_playground": true,
        "id": "20E6B5D0-F14F-415C-822E-C9376DA92E6C",
        "is_wheelchair_accessible": false,
        "name": "Dalenbadets lekplats",
        "notes": "",
        "verified": false
      }
    },
    {
      "type": "Feature",
      "geometry": {
        "coordinates": [
          14.7276049,
          63.1484777
        ],
        "type": "Point"
      },
      "properties": {
        "category": "playground",
        "description": "",
        "has_changing_area": false,
        "has_child_seats": false,
        "has_nursing_area": false,
        "has_playground": true,
        "id": "D65D4BDE-C14F-4D33-88A1-E18C5DB066DA",
        "is_wheelchair_accessible": false,
        "name": "Fjällmons funpark",
        "notes": "",
        "verified": false
      }
    },
    {
      "type": "Feature",
      "geometry": {
        "coordinates": [
          15.2943247,
          58.3465164
        ],
        "type": "Point"
      },
      "properties": {
        "category": "playground",
        "description": "",
        "has_changing_area": false,
        "has_child_seats": false,
        "has_nursing_area": false,
        "has_playground": true,
        "id": "1FF4C1B3-A50B-4279-9764-EE3BB8A46275",
        "is_wheelchair_accessible": false,
        "name": "Parkvägens lekplats",
        "notes": "",
        "verified": false
      }
    },
    {
      "type": "Feature",
      "geometry": {
        "coordinates": [
          18.1074191,
          59.3272342
        ],
        "type": "Point"
      },
      "properties": {
        "category": "playground",
        "description": "",
        "has_changing_area": false,
        "has_child_seats": false,
        "has_nursing_area": false,
        "has_playground": true,
        "id": "B249A2C4-72BC-4D55-AEFE-48FD82747E2C",
        "is_wheelchair_accessible": false,
        "name": "Lill-Skansens Lekpark",
        "notes": "",
        "verified": false
      }
    },
    {
      "type": "Feature",
      "geometry": {
        "coordinates": [
          16.8145546,
          60.6674853
        ],
        "type": "Point"
      },
      "properties": {
        "category": "other",
        "description": "",
        "has_changing_area": true,
        "has_child_seats": false,
        "has_nursing_area": false,
        "has_playground": false,
        "id": "948223C9-317F-4CE5-B67D-00A3637B42A6",
        "is_wheelchair_accessible": true,
        "name": "Public toilets (with changing table)",
        "notes": "",
        "verified": false
      }
    },
    {
      "type": "Feature",
      "geometry": {
        "coordinates": [
          15.6570193,
          60.6195901
        ],
        "type": "Point"
      },
      "properties": {
        "category": "other",
        "description": "",
        "has_changing_area": true,
        "has_child_seats": false,
        "has_nursing_area": false,
        "has_playground": false,
        "id": "F601DB2C-DE72-42EF-9906-8BEEDF98F0AF",
        "is_wheelchair_accessible": true,
        "name": "Public toilets (with changing table)",
        "notes": "",
        "verified": false
      }
    },
    {
      "type": "Feature",
      "geometry": {
        "coordinates": [
          16.4078879,
          57.907008
        ],
        "type": "Point"
      },
      "properties": {
        "category": "other",
        "description": "",
        "has_changing_area": true,
        "has_child_seats": false,
        "has_nursing_area": false,
        "has_playground": false,
        "id": "1BC06545-9510-467B-A6D9-89B951F827E3",
        "is_wheelchair_accessible": true,
        "name": "Public toilets (with changing table)",
        "notes": "",
        "verified": false
      }
    },
    {
      "type": "Feature",
      "geometry": {
        "coordinates": [
          17.5244559,
          60.3534707
        ],
        "type": "Point"
      },
      "properties": {
        "category": "playground",
        "description": "",
        "has_changing_area": false,
        "has_child_seats": false,
        "has_nursing_area": false,
        "has_playground": true,
        "id": "EDE62E66-77C2-4B6D-A668-435249147A03",
        "is_wheelchair_accessible": false,
        "name": "Havet",
        "notes": "",
        "verified": false
      }
    },
    {
      "type": "Feature",
      "geometry": {
        "coordinates": [
          18.0923979,
          59.3596327
        ],
        "type": "Point"
      },
      "properties": {
        "category": "playground",
        "description": "",
        "has_changing_area": false,
        "has_child_seats": false,
        "has_nursing_area": false,
        "has_playground": true,
        "id": "B25E43A5-3262-483B-8E29-89CAC06CB4E0",
        "is_wheelchair_accessible": false,
        "name": "Båthusparkens lekplats",
        "notes": "",
        "verified": false
      }
    },
    {
      "type": "Feature",
      "geometry": {
        "coordinates": [
          16.8725458,
          58.7325792
        ],
        "type": "Point"
      },
      "properties": {
        "category": "playground",
        "description": "",
        "has_changing_area": false,
        "has_child_seats": false,
        "has_nursing_area": false,
        "has_playground": true,
        "id": "E4F43AEF-BDC2-4C09-BE13-35337AA4F813",
        "is_wheelchair_accessible": false,
        "name": "Lillhagen",
        "notes": "",
        "verified": false
      }
    },
    {
      "type": "Feature",
      "geometry": {
        "coordinates": [
          18.1172435,
          59.2854071
        ],
        "type": "Point"
      },
      "properties": {
        "category": "playground",
        "description": "",
        "has_changing_area": false,
        "has_child_seats": false,
        "has_nursing_area": false,
        "has_playground": true,
        "id": "94CFA663-FCF3-4372-8E83-1AA3E0DC91C5",
        "is_wheelchair_accessible": false,
        "name": "Parklek Fyren",
        "notes": "",
        "verified": false
      }
    },
    {
      "type": "Feature",
      "geometry": {
        "coordinates": [
          12.2861623,
          59.8860234
        ],
        "type": "Point"
      },
      "properties": {
        "category": "other",
        "description": "",
        "has_changing_area": true,
        "has_child_seats": false,
        "has_nursing_area": false,
        "has_playground": false,
        "id": "298EAB64-EA40-4903-93F1-577F61555D7E",
        "is_wheelchair_accessible": true,
        "name": "Charlottenbergs Shoppingcenter Nord",
        "notes": "",
        "verified": false
      }
    },
    {
      "type": "Feature",
      "geometry": {
        "coordinates": [
          14.676885,
          63.1548162
        ],
        "type": "Point"
      },
      "properties": {
        "category": "playground",
        "description": "",
        "has_changing_area": false,
        "has_child_seats": false,
        "has_nursing_area": false,
        "has_playground": true,
        "id": "919C4341-FDB4-4295-98AE-9D9166D3FAA6",
        "is_wheelchair_accessible": false,
        "name": "Tillgångens lekplats",
        "notes": "",
        "verified": false
      }
    },
    {
      "type": "Feature",
      "geometry": {
        "coordinates": [
          18.0576172,
          59.2694641
        ],
        "type": "Point"
      },
      "properties": {
        "category": "other",
        "description": "",
        "has_changing_area": true,
        "has_child_seats": false,
        "has_nursing_area": false,
        "has_playground": false,
        "id": "A5F5A4B1-20D3-49AB-845D-014AA7A452CA",
        "is_wheelchair_accessible": true,
        "name": "Ploq",
        "notes": "",
        "verified": false
      }
    },
    {
      "type": "Feature",
      "geometry": {
        "coordinates": [
          18.0021511,
          59.3506499
        ],
        "type": "Point"
      },
      "properties": {
        "category": "playground",
        "description": "",
        "has_changing_area": false,
        "has_child_seats": false,
        "has_nursing_area": false,
        "has_playground": true,
        "id": "31CF06D4-E4C7-4984-8D41-67A450EC0ABB",
        "is_wheelchair_accessible": false,
        "name": "Pampasparken",
        "notes": "",
        "verified": false
      }
    },
    {
      "type": "Feature",
      "geometry": {
        "coordinates": [
          22.2631122,
          65.578539
        ],
        "type": "Point"
      },
      "properties": {
        "category": "playground",
        "description": "",
        "has_changing_area": false,
        "has_child_seats": false,
        "has_nursing_area": false,
        "has_playground": true,
        "id": "DBC0CE94-9B9E-4EA3-8E10-BD4F1E73D542",
        "is_wheelchair_accessible": false,
        "name": "Tärngränds lekplats",
        "notes": "",
        "verified": false
      }
    },
    {
      "type": "Feature",
      "geometry": {
        "coordinates": [
          15.2308046,
          59.2540132
        ],
        "type": "Point"
      },
      "properties": {
        "category": "playground",
        "description": "",
        "has_changing_area": false,
        "has_child_seats": false,
        "has_nursing_area": false,
        "has_playground": true,
        "id": "9F799559-052E-436F-B6FB-7C405FD81930",
        "is_wheelchair_accessible": false,
        "name": "Tybble naturlek",
        "notes": "",
        "verified": false
      }
    },
    {
      "type": "Feature",
      "geometry": {
        "coordinates": [
          20.3551541,
          63.812717
        ],
        "type": "Point"
      },
      "properties": {
        "category": "playground",
        "description": "",
        "has_changing_area": false,
        "has_child_seats": false,
        "has_nursing_area": false,
        "has_playground": true,
        "id": "CB6069A0-30C4-4913-8DD1-FDA2946B95CB",
        "is_wheelchair_accessible": false,
        "name": "YMCA",
        "notes": "",
        "verified": false
      }
    },
    {
      "type": "Feature",
      "geometry": {
        "coordinates": [
          12.5373145,
          57.9183508
        ],
        "type": "Point"
      },
      "properties": {
        "category": "playground",
        "description": "",
        "has_changing_area": false,
        "has_child_seats": false,
        "has_nursing_area": false,
        "has_playground": true,
        "id": "53DCC8E2-E78E-4CE8-9AAC-C5F202D948C7",
        "is_wheelchair_accessible": false,
        "name": "Hjortronvägens Lekplats",
        "notes": "",
        "verified": false
      }
    },
    {
      "type": "Feature",
      "geometry": {
        "coordinates": [
          14.4367671,
          63.1538585
        ],
        "type": "Point"
      },
      "properties": {
        "category": "other",
        "description": "",
        "has_changing_area": true,
        "has_child_seats": false,
        "has_nursing_area": false,
        "has_playground": false,
        "id": "A16C651A-4CE5-4238-9618-FF4A8EF1E67D",
        "is_wheelchair_accessible": true,
        "name": "Public toilets (with changing table)",
        "notes": "",
        "verified": false
      }
    },
    {
      "type": "Feature",
      "geometry": {
        "coordinates": [
          21.2377612,
          64.9480896
        ],
        "type": "Point"
      },
      "properties": {
        "category": "playground",
        "description": "",
        "has_changing_area": false,
        "has_child_seats": false,
        "has_nursing_area": false,
        "has_playground": true,
        "id": "D5764C5B-8B92-41D1-BCAB-039050FD8A7E",
        "is_wheelchair_accessible": false,
        "name": "Elbilbana",
        "notes": "",
        "verified": false
      }
    },
    {
      "type": "Feature",
      "geometry": {
        "coordinates": [
          18.1035414,
          59.3087942
        ],
        "type": "Point"
      },
      "properties": {
        "category": "cafe",
        "description": "",
        "has_changing_area": false,
        "has_child_seats": true,
        "has_nursing_area": false,
        "has_playground": false,
        "id": "68D6E742-FB2B-480C-9A57-A8E1D58E2C04",
        "is_wheelchair_accessible": true,
        "name": "Bakarna",
        "notes": "",
        "verified": false
      }
    },
    {
      "type": "Feature",
      "geometry": {
        "coordinates": [
          18.1147956,
          59.3107668
        ],
        "type": "Point"
      },
      "properties": {
        "category": "playground",
        "description": "",
        "has_changing_area": false,
        "has_child_seats": false,
        "has_nursing_area": false,
        "has_playground": true,
        "id": "A444A3E1-6FC0-4E2C-969C-673E11A343BB",
        "is_wheelchair_accessible": false,
        "name": "Piratparken",
        "notes": "",
        "verified": false
      }
    },
    {
      "type": "Feature",
      "geometry": {
        "coordinates": [
          18.133248,
          59.1383819
        ],
        "type": "Point"
      },
      "properties": {
        "category": "playground",
        "description": "",
        "has_changing_area": false,
        "has_child_seats": false,
        "has_nursing_area": false,
        "has_playground": true,
        "id": "922BC5AD-E5A6-4817-99E5-F4A42B771AA2",
        "is_wheelchair_accessible": false,
        "name": "Jordbro parklek",
        "notes": "",
        "verified": false
      }
    },
    {
      "type": "Feature",
      "geometry": {
        "coordinates": [
          18.0346791,
          59.2715056
        ],
        "type": "Point"
      },
      "properties": {
        "category": "playground",
        "description": "",
        "has_changing_area": false,
        "has_child_seats": false,
        "has_nursing_area": false,
        "has_playground": true,
        "id": "77E9C131-C4DD-4E38-BB5A-B14D31FBB03B",
        "is_wheelchair_accessible": false,
        "name": "Utkiksbergets lekplats",
        "notes": "",
        "verified": false
      }
    },
    {
      "type": "Feature",
      "geometry": {
        "coordinates": [
          18.0580965,
          59.330459
        ],
        "type": "Point"
      },
      "properties": {
        "category": "other",
        "description": "",
        "has_changing_area": true,
        "has_child_seats": false,
        "has_nursing_area": false,
        "has_playground": false,
        "id": "829D388F-EB51-44E6-9F49-6736E1227E72",
        "is_wheelchair_accessible": true,
        "name": "Public toilets (with changing table)",
        "notes": "",
        "verified": false
      }
    },
    {
      "type": "Feature",
      "geometry": {
        "coordinates": [
          18.0068198,
          59.3610487
        ],
        "type": "Point"
      },
      "properties": {
        "category": "playground",
        "description": "",
        "has_changing_area": false,
        "has_child_seats": false,
        "has_nursing_area": false,
        "has_playground": true,
        "id": "AE6E210E-5113-4BBF-9493-83491BD50D07",
        "is_wheelchair_accessible": false,
        "name": "Hagalundsparken",
        "notes": "",
        "verified": false
      }
    },
    {
      "type": "Feature",
      "geometry": {
        "coordinates": [
          15.0368091,
          58.5364522
        ],
        "type": "Point"
      },
      "properties": {
        "category": "other",
        "description": "",
        "has_changing_area": true,
        "has_child_seats": false,
        "has_nursing_area": false,
        "has_playground": false,
        "id": "E9100751-AF6F-4298-8898-9498DEEED257",
        "is_wheelchair_accessible": false,
        "name": "Public toilets (with changing table)",
        "notes": "",
        "verified": false
      }
    },
    {
      "type": "Feature",
      "geometry": {
        "coordinates": [
          22.2320178,
          65.5929325
        ],
        "type": "Point"
      },
      "properties": {
        "category": "playground",
        "description": "",
        "has_changing_area": false,
        "has_child_seats": false,
        "has_nursing_area": false,
        "has_playground": true,
        "id": "8122EF94-36D0-46D6-9769-545A3E328412",
        "is_wheelchair_accessible": false,
        "name": "Gyllenvägens lekplats",
        "notes": "",
        "verified": false
      }
    },
    {
      "type": "Feature",
      "geometry": {
        "coordinates": [
          15.171315,
          59.25485
        ],
        "type": "Point"
      },
      "properties": {
        "category": "playground",
        "description": "",
        "has_changing_area": false,
        "has_child_seats": false,
        "has_nursing_area": false,
        "has_playground": true,
        "id": "F4BEDA33-EFD7-47BF-830F-EA8C2F24267C",
        "is_wheelchair_accessible": false,
        "name": "Skojlandet",
        "notes": "",
        "verified": false
      }
    },
    {
      "type": "Feature",
      "geometry": {
        "coordinates": [
          18.0774916,
          59.2532225
        ],
        "type": "Point"
      },
      "properties": {
        "category": "playground",
        "description": "",
        "has_changing_area": false,
        "has_child_seats": false,
        "has_nursing_area": false,
        "has_playground": true,
        "id": "4449DDD2-B409-4164-8D1D-2A3926A8C3EF",
        "is_wheelchair_accessible": false,
        "name": "Fagerlidsparken",
        "notes": "",
        "verified": false
      }
    },
    {
      "type": "Feature",
      "geometry": {
        "coordinates": [
          13.5668774,
          59.4048529
        ],
        "type": "Point"
      },
      "properties": {
        "category": "playground",
        "description": "",
        "has_changing_area": false,
        "has_child_seats": false,
        "has_nursing_area": false,
        "has_playground": true,
        "id": "A55D0597-FBF4-4F4E-9AC3-7C2F76C28C81",
        "is_wheelchair_accessible": false,
        "name": "Jakthornsgatans lekplats",
        "notes": "",
        "verified": false
      }
    },
    {
      "type": "Feature",
      "geometry": {
        "coordinates": [
          20.0418472,
          64.7897193
        ],
        "type": "Point"
      },
      "properties": {
        "category": "other",
        "description": "",
        "has_changing_area": true,
        "has_child_seats": false,
        "has_nursing_area": false,
        "has_playground": false,
        "id": "CBBB2CA4-E22B-4200-B828-DEB929261633",
        "is_wheelchair_accessible": true,
        "name": "Public toilets (with changing table)",
        "notes": "",
        "verified": false
      }
    },
    {
      "type": "Feature",
      "geometry": {
        "coordinates": [
          15.4211757,
          60.481626
        ],
        "type": "Point"
      },
      "properties": {
        "category": "other",
        "description": "",
        "has_changing_area": true,
        "has_child_seats": true,
        "has_nursing_area": false,
        "has_playground": true,
        "id": "35B67ABA-3335-40DA-8AAB-40D038DFA617",
        "is_wheelchair_accessible": true,
        "name": "IKEA",
        "notes": "",
        "verified": false
      }
    },
    {
      "type": "Feature",
      "geometry": {
        "coordinates": [
          17.9696987,
          59.2868424
        ],
        "type": "Point"
      },
      "properties": {
        "category": "playground",
        "description": "",
        "has_changing_area": false,
        "has_child_seats": false,
        "has_nursing_area": false,
        "has_playground": true,
        "id": "620A03B5-07F7-41AC-BB68-A3B20ABF4237",
        "is_wheelchair_accessible": false,
        "name": "Parkleken Vippan",
        "notes": "",
        "verified": false
      }
    },
    {
      "type": "Feature",
      "geometry": {
        "coordinates": [
          20.5452807,
          63.9011734
        ],
        "type": "Point"
      },
      "properties": {
        "category": "playground",
        "description": "",
        "has_changing_area": false,
        "has_child_seats": false,
        "has_nursing_area": false,
        "has_playground": true,
        "id": "DB537511-0CC6-47EB-A3B7-2C2F415DC87B",
        "is_wheelchair_accessible": false,
        "name": "Ängsvägens lekpark",
        "notes": "",
        "verified": false
      }
    },
    {
      "type": "Feature",
      "geometry": {
        "coordinates": [
          17.9385138,
          59.4252105
        ],
        "type": "Point"
      },
      "properties": {
        "category": "playground",
        "description": "",
        "has_changing_area": false,
        "has_child_seats": false,
        "has_nursing_area": false,
        "has_playground": true,
        "id": "37B37D94-8675-4FC1-A129-9DAB9BC15873",
        "is_wheelchair_accessible": false,
        "name": "Rådjursstigen",
        "notes": "",
        "verified": false
      }
    },
    {
      "type": "Feature",
      "geometry": {
        "coordinates": [
          14.8250409,
          63.074281
        ],
        "type": "Point"
      },
      "properties": {
        "category": "playground",
        "description": "",
        "has_changing_area": false,
        "has_child_seats": false,
        "has_nursing_area": false,
        "has_playground": true,
        "id": "3E758C15-DF4F-4466-A429-CA28713F6F7D",
        "is_wheelchair_accessible": false,
        "name": "Storvikenskolan",
        "notes": "",
        "verified": false
      }
    },
    {
      "type": "Feature",
      "geometry": {
        "coordinates": [
          19.2187368,
          63.9348473
        ],
        "type": "Point"
      },
      "properties": {
        "category": "playground",
        "description": "",
        "has_changing_area": false,
        "has_child_seats": false,
        "has_nursing_area": false,
        "has_playground": true,
        "id": "B66C20B6-31FF-4D15-94E4-8981EDCCED8F",
        "is_wheelchair_accessible": false,
        "name": "Ringvägens lekpark",
        "notes": "",
        "verified": false
      }
    },
    {
      "type": "Feature",
      "geometry": {
        "coordinates": [
          16.5029916,
          59.5534889
        ],
        "type": "Point"
      },
      "properties": {
        "category": "playground",
        "description": "",
        "has_changing_area": false,
        "has_child_seats": false,
        "has_nursing_area": false,
        "has_playground": true,
        "id": "BC8FA6D1-4B6A-448D-83F5-B3FD9B56DB62",
        "is_wheelchair_accessible": false,
        "name": "Norrängens lekplats",
        "notes": "",
        "verified": false
      }
    },
    {
      "type": "Feature",
      "geometry": {
        "coordinates": [
          22.2539457,
          65.5879414
        ],
        "type": "Point"
      },
      "properties": {
        "category": "playground",
        "description": "",
        "has_changing_area": false,
        "has_child_seats": false,
        "has_nursing_area": false,
        "has_playground": true,
        "id": "88F1E5FD-7471-43C9-A869-DDB0442ADA57",
        "is_wheelchair_accessible": false,
        "name": "Lostigens Lekplats",
        "notes": "",
        "verified": false
      }
    },
    {
      "type": "Feature",
      "geometry": {
        "coordinates": [
          14.183783,
          59.7077295
        ],
        "type": "Point"
      },
      "properties": {
        "category": "playground",
        "description": "",
        "has_changing_area": false,
        "has_child_seats": false,
        "has_nursing_area": false,
        "has_playground": true,
        "id": "687BA36B-4027-416A-B471-127F6F3E672B",
        "is_wheelchair_accessible": false,
        "name": "Myrängen",
        "notes": "",
        "verified": false
      }
    },
    {
      "type": "Feature",
      "geometry": {
        "coordinates": [
          17.4289999,
          59.1844221
        ],
        "type": "Point"
      },
      "properties": {
        "category": "playground",
        "description": "",
        "has_changing_area": false,
        "has_child_seats": false,
        "has_nursing_area": false,
        "has_playground": true,
        "id": "AE204C10-8136-48BE-870D-96A45AFAE233",
        "is_wheelchair_accessible": false,
        "name": "Lekplats Källparken",
        "notes": "",
        "verified": false
      }
    },
    {
      "type": "Feature",
      "geometry": {
        "coordinates": [
          16.5744318,
          59.6034795
        ],
        "type": "Point"
      },
      "properties": {
        "category": "playground",
        "description": "",
        "has_changing_area": false,
        "has_child_seats": false,
        "has_nursing_area": false,
        "has_playground": true,
        "id": "35CD5037-389B-49B3-9306-87196E9038C3",
        "is_wheelchair_accessible": false,
        "name": "Poesiparken",
        "notes": "",
        "verified": false
      }
    },
    {
      "type": "Feature",
      "geometry": {
        "coordinates": [
          13.1438104,
          59.8372798
        ],
        "type": "Point"
      },
      "properties": {
        "category": "other",
        "description": "",
        "has_changing_area": true,
        "has_child_seats": false,
        "has_nursing_area": false,
        "has_playground": false,
        "id": "373D2842-FC4A-4238-84CD-97D83B18AFF5",
        "is_wheelchair_accessible": true,
        "name": "Bibliotek Sunne",
        "notes": "",
        "verified": false
      }
    },
    {
      "type": "Feature",
      "geometry": {
        "coordinates": [
          18.0352861,
          59.3775781
        ],
        "type": "Point"
      },
      "properties": {
        "category": "playground",
        "description": "",
        "has_changing_area": false,
        "has_child_seats": false,
        "has_nursing_area": false,
        "has_playground": true,
        "id": "B39705F9-8589-4BE4-90A5-D77556BD8EA7",
        "is_wheelchair_accessible": false,
        "name": "Fjärilens lekplats",
        "notes": "",
        "verified": false
      }
    },
    {
      "type": "Feature",
      "geometry": {
        "coordinates": [
          17.900692,
          59.3609893
        ],
        "type": "Point"
      },
      "properties": {
        "category": "playground",
        "description": "",
        "has_changing_area": false,
        "has_child_seats": false,
        "has_nursing_area": false,
        "has_playground": true,
        "id": "C2329926-2B43-40F7-834C-132BA1CE0B02",
        "is_wheelchair_accessible": false,
        "name": "Stenlabyrint",
        "notes": "",
        "verified": false
      }
    },
    {
      "type": "Feature",
      "geometry": {
        "coordinates": [
          13.5494265,
          59.4064224
        ],
        "type": "Point"
      },
      "properties": {
        "category": "playground",
        "description": "",
        "has_changing_area": false,
        "has_child_seats": false,
        "has_nursing_area": false,
        "has_playground": true,
        "id": "2B5181B5-5CE5-4ADF-8C56-A994B40EEE88",
        "is_wheelchair_accessible": false,
        "name": "Sälgdungens lekplats",
        "notes": "",
        "verified": false
      }
    },
    {
      "type": "Feature",
      "geometry": {
        "coordinates": [
          12.2867982,
          59.8856803
        ],
        "type": "Point"
      },
      "properties": {
        "category": "other",
        "description": "",
        "has_changing_area": true,
        "has_child_seats": false,
        "has_nursing_area": false,
        "has_playground": false,
        "id": "815D053D-9283-433D-BB98-2413407CBDD4",
        "is_wheelchair_accessible": false,
        "name": "Public toilets (with changing table)",
        "notes": "",
        "verified": false
      }
    },
    {
      "type": "Feature",
      "geometry": {
        "coordinates": [
          18.1751947,
          58.9198582
        ],
        "type": "Point"
      },
      "properties": {
        "category": "other",
        "description": "",
        "has_changing_area": true,
        "has_child_seats": false,
        "has_nursing_area": false,
        "has_playground": false,
        "id": "FDCF3EE9-8A2F-44C9-979A-0E6E4DAC83D7",
        "is_wheelchair_accessible": true,
        "name": "Public toilets (with changing table)",
        "notes": "",
        "verified": false
      }
    },
    {
      "type": "Feature",
      "geometry": {
        "coordinates": [
          16.0986,
          59.4250981
        ],
        "type": "Point"
      },
      "properties": {
        "category": "playground",
        "description": "",
        "has_changing_area": false,
        "has_child_seats": false,
        "has_nursing_area": false,
        "has_playground": true,
        "id": "C3B227C9-7983-4A39-9593-3233EED6E88E",
        "is_wheelchair_accessible": false,
        "name": "Pinnparken",
        "notes": "",
        "verified": false
      }
    },
    {
      "type": "Feature",
      "geometry": {
        "coordinates": [
          13.4942046,
          59.4032758
        ],
        "type": "Point"
      },
      "properties": {
        "category": "playground",
        "description": "",
        "has_changing_area": false,
        "has_child_seats": false,
        "has_nursing_area": false,
        "has_playground": true,
        "id": "4967225E-DDA0-46C9-97D0-092F7C2A983C",
        "is_wheelchair_accessible": false,
        "name": "Torslundens lekplats",
        "notes": "",
        "verified": false
      }
    },
    {
      "type": "Feature",
      "geometry": {
        "coordinates": [
          17.682182,
          59.8596801
        ],
        "type": "Point"
      },
      "properties": {
        "category": "playground",
        "description": "",
        "has_changing_area": false,
        "has_child_seats": false,
        "has_nursing_area": false,
        "has_playground": true,
        "id": "3D89CDA4-FDE0-4723-BE9D-FBF93447C2B4",
        "is_wheelchair_accessible": false,
        "name": "Näckrosparkens lekplats",
        "notes": "",
        "verified": false
      }
    },
    {
      "type": "Feature",
      "geometry": {
        "coordinates": [
          18.0421886,
          59.3398643
        ],
        "type": "Point"
      },
      "properties": {
        "category": "playground",
        "description": "",
        "has_changing_area": false,
        "has_child_seats": false,
        "has_nursing_area": false,
        "has_playground": true,
        "id": "1AD45EAC-8F27-4D6B-99FE-C54F32B31AEB",
        "is_wheelchair_accessible": false,
        "name": "Vasaparkens parklek",
        "notes": "",
        "verified": false
      }
    },
    {
      "type": "Feature",
      "geometry": {
        "coordinates": [
          12.0987587,
          59.2905992
        ],
        "type": "Point"
      },
      "properties": {
        "category": "playground",
        "description": "",
        "has_changing_area": false,
        "has_child_seats": false,
        "has_nursing_area": false,
        "has_playground": true,
        "id": "C5899278-F222-4B2D-8F67-895DE92AEE2B",
        "is_wheelchair_accessible": false,
        "name": "Trampolinen",
        "notes": "",
        "verified": false
      }
    },
    {
      "type": "Feature",
      "geometry": {
        "coordinates": [
          19.2165179,
          63.9373346
        ],
        "type": "Point"
      },
      "properties": {
        "category": "playground",
        "description": "",
        "has_changing_area": false,
        "has_child_seats": false,
        "has_nursing_area": false,
        "has_playground": true,
        "id": "8BFC4340-37FD-4686-8D77-B69EC7A55098",
        "is_wheelchair_accessible": false,
        "name": "Grönalundslekparken",
        "notes": "",
        "verified": false
      }
    },
    {
      "type": "Feature",
      "geometry": {
        "coordinates": [
          16.3254025,
          58.4821259
        ],
        "type": "Point"
      },
      "properties": {
        "category": "playground",
        "description": "",
        "has_changing_area": false,
        "has_child_seats": false,
        "has_nursing_area": false,
        "has_playground": true,
        "id": "661EDB96-96DF-4943-A01A-A7E6D467C76C",
        "is_wheelchair_accessible": false,
        "name": "Kanallekplatsen",
        "notes": "",
        "verified": false
      }
    },
    {
      "type": "Feature",
      "geometry": {
        "coordinates": [
          17.6107043,
          59.8046607
        ],
        "type": "Point"
      },
      "properties": {
        "category": "playground",
        "description": "",
        "has_changing_area": false,
        "has_child_seats": false,
        "has_nursing_area": false,
        "has_playground": true,
        "id": "F4554F60-0FAB-4C31-9E7F-9676B7CA7349",
        "is_wheelchair_accessible": false,
        "name": "Anneroparken",
        "notes": "",
        "verified": false
      }
    },
    {
      "type": "Feature",
      "geometry": {
        "coordinates": [
          18.0963902,
          59.2320632
        ],
        "type": "Point"
      },
      "properties": {
        "category": "playground",
        "description": "",
        "has_changing_area": false,
        "has_child_seats": false,
        "has_nursing_area": false,
        "has_playground": true,
        "id": "5A45088E-EBD2-493C-B97C-A002140E5403",
        "is_wheelchair_accessible": false,
        "name": "Skogsgläntans BRF lekplats",
        "notes": "",
        "verified": false
      }
    },
    {
      "type": "Feature",
      "geometry": {
        "coordinates": [
          16.5618784,
          59.6295236
        ],
        "type": "Point"
      },
      "properties": {
        "category": "playground",
        "description": "",
        "has_changing_area": false,
        "has_child_seats": false,
        "has_nursing_area": false,
        "has_playground": true,
        "id": "CDD22004-2B06-41D8-856C-0A30E78F94F7",
        "is_wheelchair_accessible": false,
        "name": "Svärdsliljegatans Stora Lekplats",
        "notes": "",
        "verified": false
      }
    },
    {
      "type": "Feature",
      "geometry": {
        "coordinates": [
          15.2081167,
          60.1323457
        ],
        "type": "Point"
      },
      "properties": {
        "category": "playground",
        "description": "",
        "has_changing_area": false,
        "has_child_seats": false,
        "has_nursing_area": false,
        "has_playground": true,
        "id": "AB295135-8B04-45B1-AB12-3577EB2ADEC6",
        "is_wheelchair_accessible": false,
        "name": "Konvaljstigens Lekpark",
        "notes": "",
        "verified": false
      }
    },
    {
      "type": "Feature",
      "geometry": {
        "coordinates": [
          12.289813,
          59.8810407
        ],
        "type": "Point"
      },
      "properties": {
        "category": "other",
        "description": "",
        "has_changing_area": true,
        "has_child_seats": false,
        "has_nursing_area": false,
        "has_playground": false,
        "id": "162F31BA-1C5E-426B-9A44-33B85C0BFBDB",
        "is_wheelchair_accessible": true,
        "name": "Charlottenbergs Shoppingcenter",
        "notes": "",
        "verified": false
      }
    },
    {
      "type": "Feature",
      "geometry": {
        "coordinates": [
          17.1034481,
          60.6971788
        ],
        "type": "Point"
      },
      "properties": {
        "category": "playground",
        "description": "",
        "has_changing_area": false,
        "has_child_seats": false,
        "has_nursing_area": false,
        "has_playground": true,
        "id": "7DD28A23-7B68-4E1A-A0AC-2483EE0D1292",
        "is_wheelchair_accessible": false,
        "name": "Ängsullsvägen",
        "notes": "",
        "verified": false
      }
    },
    {
      "type": "Feature",
      "geometry": {
        "coordinates": [
          20.9763225,
          64.7585071
        ],
        "type": "Point"
      },
      "properties": {
        "category": "playground",
        "description": "",
        "has_changing_area": false,
        "has_child_seats": false,
        "has_nursing_area": false,
        "has_playground": true,
        "id": "F7F373A1-F490-4DBF-B2A9-0CB767D2FA18",
        "is_wheelchair_accessible": false,
        "name": "Alhems Lekpark",
        "notes": "",
        "verified": false
      }
    },
    {
      "type": "Feature",
      "geometry": {
        "coordinates": [
          17.9858529,
          59.3660291
        ],
        "type": "Point"
      },
      "properties": {
        "category": "playground",
        "description": "",
        "has_changing_area": false,
        "has_child_seats": false,
        "has_nursing_area": false,
        "has_playground": true,
        "id": "3BE368D0-53D3-4F4C-9981-4E64E925780F",
        "is_wheelchair_accessible": false,
        "name": "Krönets lekplats",
        "notes": "",
        "verified": false
      }
    },
    {
      "type": "Feature",
      "geometry": {
        "coordinates": [
          17.9643403,
          60.140581
        ],
        "type": "Point"
      },
      "properties": {
        "category": "playground",
        "description": "",
        "has_changing_area": false,
        "has_child_seats": false,
        "has_nursing_area": false,
        "has_playground": true,
        "id": "D89BC0FE-4F07-4689-989C-B0D104BEADA6",
        "is_wheelchair_accessible": false,
        "name": "Pingavallen",
        "notes": "",
        "verified": false
      }
    },
    {
      "type": "Feature",
      "geometry": {
        "coordinates": [
          20.3750613,
          63.8036017
        ],
        "type": "Point"
      },
      "properties": {
        "category": "playground",
        "description": "",
        "has_changing_area": false,
        "has_child_seats": false,
        "has_nursing_area": false,
        "has_playground": true,
        "id": "C6989B90-13E6-484F-9466-34511A497F96",
        "is_wheelchair_accessible": false,
        "name": "Sagotjärn",
        "notes": "",
        "verified": false
      }
    },
    {
      "type": "Feature",
      "geometry": {
        "coordinates": [
          17.8074391,
          59.4128733
        ],
        "type": "Point"
      },
      "properties": {
        "category": "playground",
        "description": "",
        "has_changing_area": false,
        "has_child_seats": false,
        "has_nursing_area": false,
        "has_playground": true,
        "id": "E24D0BFD-B762-4845-8AC2-FE525769E420",
        "is_wheelchair_accessible": false,
        "name": "Grodparken",
        "notes": "",
        "verified": false
      }
    },
    {
      "type": "Feature",
      "geometry": {
        "coordinates": [
          17.6079979,
          59.8054232
        ],
        "type": "Point"
      },
      "properties": {
        "category": "playground",
        "description": "",
        "has_changing_area": false,
        "has_child_seats": false,
        "has_nursing_area": false,
        "has_playground": true,
        "id": "86EF6246-0939-4DE1-93AB-791D160EE377",
        "is_wheelchair_accessible": false,
        "name": "Kullen",
        "notes": "",
        "verified": false
      }
    },
    {
      "type": "Feature",
      "geometry": {
        "coordinates": [
          17.0332771,
          60.653328
        ],
        "type": "Point"
      },
      "properties": {
        "category": "playground",
        "description": "",
        "has_changing_area": false,
        "has_child_seats": false,
        "has_nursing_area": false,
        "has_playground": true,
        "id": "76ABF67F-EB5A-4236-BCD2-F873BCAF2EA7",
        "is_wheelchair_accessible": false,
        "name": "Krogasvägen",
        "notes": "",
        "verified": false
      }
    },
    {
      "type": "Feature",
      "geometry": {
        "coordinates": [
          18.0020392,
          59.3591884
        ],
        "type": "Point"
      },
      "properties": {
        "category": "playground",
        "description": "",
        "has_changing_area": false,
        "has_child_seats": false,
        "has_nursing_area": false,
        "has_playground": true,
        "id": "0F4AAA78-6A24-4862-A709-FFEC9C4C4C5F",
        "is_wheelchair_accessible": true,
        "name": "Solis och Solrosas värld",
        "notes": "",
        "verified": false
      }
    },
    {
      "type": "Feature",
      "geometry": {
        "coordinates": [
          18.1789117,
          60.1672788
        ],
        "type": "Point"
      },
      "properties": {
        "category": "playground",
        "description": "",
        "has_changing_area": false,
        "has_child_seats": false,
        "has_nursing_area": false,
        "has_playground": true,
        "id": "2C475384-2440-4980-900B-58FEF60DEFBE",
        "is_wheelchair_accessible": false,
        "name": "Lekplats Aspgatan",
        "notes": "",
        "verified": false
      }
    },
    {
      "type": "Feature",
      "geometry": {
        "coordinates": [
          15.2366823,
          59.2574317
        ],
        "type": "Point"
      },
      "properties": {
        "category": "playground",
        "description": "",
        "has_changing_area": false,
        "has_child_seats": false,
        "has_nursing_area": false,
        "has_playground": true,
        "id": "0185F82C-0CEC-4FF0-A0CC-4032A983417E",
        "is_wheelchair_accessible": false,
        "name": "Tarzanparken",
        "notes": "",
        "verified": false
      }
    },
    {
      "type": "Feature",
      "geometry": {
        "coordinates": [
          17.0984484,
          60.7003924
        ],
        "type": "Point"
      },
      "properties": {
        "category": "playground",
        "description": "",
        "has_changing_area": false,
        "has_child_seats": false,
        "has_nursing_area": false,
        "has_playground": true,
        "id": "7DC08B38-E48F-40BE-8632-459DB5E152BB",
        "is_wheelchair_accessible": false,
        "name": "Tussilagoparken",
        "notes": "",
        "verified": false
      }
    },
    {
      "type": "Feature",
      "geometry": {
        "coordinates": [
          18.0376065,
          59.2985849
        ],
        "type": "Point"
      },
      "properties": {
        "category": "playground",
        "description": "",
        "has_changing_area": false,
        "has_child_seats": false,
        "has_nursing_area": false,
        "has_playground": true,
        "id": "015896AE-DFB2-4054-9581-5B3CE68A3CB4",
        "is_wheelchair_accessible": false,
        "name": "Gryckens lekplats",
        "notes": "",
        "verified": false
      }
    },
    {
      "type": "Feature",
      "geometry": {
        "coordinates": [
          14.5645961,
          59.345702
        ],
        "type": "Point"
      },
      "properties": {
        "category": "playground",
        "description": "",
        "has_changing_area": false,
        "has_child_seats": false,
        "has_nursing_area": false,
        "has_playground": true,
        "id": "545E3B1D-8461-4796-B0CE-9C5E80C99D5E",
        "is_wheelchair_accessible": false,
        "name": "Jakthagen",
        "notes": "",
        "verified": false
      }
    },
    {
      "type": "Feature",
      "geometry": {
        "coordinates": [
          17.7791613,
          59.7466498
        ],
        "type": "Point"
      },
      "properties": {
        "category": "playground",
        "description": "",
        "has_changing_area": false,
        "has_child_seats": false,
        "has_nursing_area": false,
        "has_playground": true,
        "id": "65F3A2DC-558D-4DC1-8DE9-5A4C2FFD9E3A",
        "is_wheelchair_accessible": false,
        "name": "Åsen",
        "notes": "",
        "verified": false
      }
    },
    {
      "type": "Feature",
      "geometry": {
        "coordinates": [
          17.9593264,
          59.4537939
        ],
        "type": "Point"
      },
      "properties": {
        "category": "playground",
        "description": "",
        "has_changing_area": false,
        "has_child_seats": false,
        "has_nursing_area": false,
        "has_playground": true,
        "id": "5B42E008-1C31-4259-918C-2B66FFB33CBA",
        "is_wheelchair_accessible": false,
        "name": "Tulpanvägens Lekplats",
        "notes": "",
        "verified": false
      }
    },
    {
      "type": "Feature",
      "geometry": {
        "coordinates": [
          18.1136108,
          59.3137553
        ],
        "type": "Point"
      },
      "properties": {
        "category": "playground",
        "description": "",
        "has_changing_area": false,
        "has_child_seats": false,
        "has_nursing_area": false,
        "has_playground": true,
        "id": "DE33349F-6C1E-426A-9156-5FBA62F30F24",
        "is_wheelchair_accessible": false,
        "name": "Henriksborgs lekpark",
        "notes": "",
        "verified": false
      }
    },
    {
      "type": "Feature",
      "geometry": {
        "coordinates": [
          18.4029485,
          59.1345782
        ],
        "type": "Point"
      },
      "properties": {
        "category": "playground",
        "description": "",
        "has_changing_area": false,
        "has_child_seats": false,
        "has_nursing_area": false,
        "has_playground": true,
        "id": "D0568E1B-80C2-40B1-9AB0-E6B95B915E8A",
        "is_wheelchair_accessible": false,
        "name": "Lekplats",
        "notes": "",
        "verified": false
      }
    },
    {
      "type": "Feature",
      "geometry": {
        "coordinates": [
          16.1514393,
          61.7105776
        ],
        "type": "Point"
      },
      "properties": {
        "category": "playground",
        "description": "",
        "has_changing_area": false,
        "has_child_seats": false,
        "has_nursing_area": false,
        "has_playground": true,
        "id": "E50DABD6-5765-4975-86FA-8FE95916172D",
        "is_wheelchair_accessible": false,
        "name": "Loas lekpark",
        "notes": "",
        "verified": false
      }
    },
    {
      "type": "Feature",
      "geometry": {
        "coordinates": [
          16.5977612,
          59.9209034
        ],
        "type": "Point"
      },
      "properties": {
        "category": "playground",
        "description": "",
        "has_changing_area": false,
        "has_child_seats": false,
        "has_nursing_area": false,
        "has_playground": true,
        "id": "4606CEDF-C4AA-4F3A-8BFD-5132A3ADA908",
        "is_wheelchair_accessible": false,
        "name": "Blåa Lekparken",
        "notes": "",
        "verified": false
      }
    },
    {
      "type": "Feature",
      "geometry": {
        "coordinates": [
          18.0314238,
          59.2887721
        ],
        "type": "Point"
      },
      "properties": {
        "category": "playground",
        "description": "",
        "has_changing_area": false,
        "has_child_seats": false,
        "has_nursing_area": false,
        "has_playground": true,
        "id": "7BFEBBE8-E1A2-460F-8EA5-AE17D4647A3A",
        "is_wheelchair_accessible": false,
        "name": "Parkleken Backen",
        "notes": "",
        "verified": false
      }
    },
    {
      "type": "Feature",
      "geometry": {
        "coordinates": [
          17.5135859,
          60.3394474
        ],
        "type": "Point"
      },
      "properties": {
        "category": "playground",
        "description": "",
        "has_changing_area": false,
        "has_child_seats": false,
        "has_nursing_area": false,
        "has_playground": true,
        "id": "981C1D38-578A-43F5-B230-5074625F7547",
        "is_wheelchair_accessible": false,
        "name": "Lekplats Pyramiden",
        "notes": "",
        "verified": false
      }
    },
    {
      "type": "Feature",
      "geometry": {
        "coordinates": [
          14.0512602,
          59.2761721
        ],
        "type": "Point"
      },
      "properties": {
        "category": "other",
        "description": "",
        "has_changing_area": true,
        "has_child_seats": false,
        "has_nursing_area": false,
        "has_playground": false,
        "id": "3538601C-FB1F-45EA-BCF8-03E76B2DB042",
        "is_wheelchair_accessible": true,
        "name": "Public toilets (with changing table)",
        "notes": "",
        "verified": false
      }
    },
    {
      "type": "Feature",
      "geometry": {
        "coordinates": [
          17.6712896,
          59.8849432
        ],
        "type": "Point"
      },
      "properties": {
        "category": "playground",
        "description": "",
        "has_changing_area": false,
        "has_child_seats": false,
        "has_nursing_area": false,
        "has_playground": true,
        "id": "C162C605-1B30-4489-A75D-B3A4C082E66A",
        "is_wheelchair_accessible": false,
        "name": "Lilla Uppsala",
        "notes": "",
        "verified": false
      }
    },
    {
      "type": "Feature",
      "geometry": {
        "coordinates": [
          18.0330642,
          59.3837388
        ],
        "type": "Point"
      },
      "properties": {
        "category": "playground",
        "description": "",
        "has_changing_area": false,
        "has_child_seats": false,
        "has_nursing_area": false,
        "has_playground": true,
        "id": "35C4E2FD-057A-4C43-A74A-ED03D3B0BB04",
        "is_wheelchair_accessible": false,
        "name": "Parkleken",
        "notes": "",
        "verified": false
      }
    },
    {
      "type": "Feature",
      "geometry": {
        "coordinates": [
          11.8886548,
          58.224036
        ],
        "type": "Point"
      },
      "properties": {
        "category": "cafe",
        "description": "",
        "has_changing_area": false,
        "has_child_seats": true,
        "has_nursing_area": false,
        "has_playground": false,
        "id": "F0EFBEEC-7BC4-414C-9780-45A51AD55DF3",
        "is_wheelchair_accessible": true,
        "name": "Växthuscaféet Ulvesund",
        "notes": "",
        "verified": false
      }
    },
    {
      "type": "Feature",
      "geometry": {
        "coordinates": [
          19.8458208,
          63.9165499
        ],
        "type": "Point"
      },
      "properties": {
        "category": "playground",
        "description": "",
        "has_changing_area": false,
        "has_child_seats": false,
        "has_nursing_area": false,
        "has_playground": true,
        "id": "12662C98-5759-4CC6-B308-CC8A3F875C3F",
        "is_wheelchair_accessible": false,
        "name": "Lekplats Ringgatan",
        "notes": "",
        "verified": false
      }
    },
    {
      "type": "Feature",
      "geometry": {
        "coordinates": [
          17.1669452,
          60.7203023
        ],
        "type": "Point"
      },
      "properties": {
        "category": "playground",
        "description": "",
        "has_changing_area": false,
        "has_child_seats": false,
        "has_nursing_area": false,
        "has_playground": true,
        "id": "5AB743FB-4D30-4218-8755-22BE3A8668B3",
        "is_wheelchair_accessible": false,
        "name": "Arentvägen",
        "notes": "",
        "verified": false
      }
    },
    {
      "type": "Feature",
      "geometry": {
        "coordinates": [
          14.472658,
          59.3097631
        ],
        "type": "Point"
      },
      "properties": {
        "category": "playground",
        "description": "",
        "has_changing_area": false,
        "has_child_seats": false,
        "has_nursing_area": false,
        "has_playground": true,
        "id": "342B473E-5F73-442C-9463-9923A51AE146",
        "is_wheelchair_accessible": false,
        "name": "Slörparken",
        "notes": "",
        "verified": false
      }
    },
    {
      "type": "Feature",
      "geometry": {
        "coordinates": [
          14.5078055,
          58.0523685
        ],
        "type": "Point"
      },
      "properties": {
        "category": "other",
        "description": "",
        "has_changing_area": true,
        "has_child_seats": false,
        "has_nursing_area": false,
        "has_playground": false,
        "id": "EA05D8FF-F7BA-4B6D-8ABA-CE76B9E94B79",
        "is_wheelchair_accessible": true,
        "name": "Public toilets (with changing table)",
        "notes": "",
        "verified": false
      }
    },
    {
      "type": "Feature",
      "geometry": {
        "coordinates": [
          16.4925726,
          59.319608
        ],
        "type": "Point"
      },
      "properties": {
        "category": "playground",
        "description": "",
        "has_changing_area": false,
        "has_child_seats": false,
        "has_nursing_area": false,
        "has_playground": true,
        "id": "21F00E54-836B-44B9-A905-69F07FEE55A2",
        "is_wheelchair_accessible": false,
        "name": "Lekplats Valsäng",
        "notes": "",
        "verified": false
      }
    },
    {
      "type": "Feature",
      "geometry": {
        "coordinates": [
          17.9504261,
          59.4619788
        ],
        "type": "Point"
      },
      "properties": {
        "category": "playground",
        "description": "",
        "has_changing_area": false,
        "has_child_seats": false,
        "has_nursing_area": false,
        "has_playground": true,
        "id": "2D7724BD-6942-4706-A4AA-9167EDCC42C7",
        "is_wheelchair_accessible": false,
        "name": "Runbovägens Lekplats",
        "notes": "",
        "verified": false
      }
    },
    {
      "type": "Feature",
      "geometry": {
        "coordinates": [
          17.9035153,
          59.4606012
        ],
        "type": "Point"
      },
      "properties": {
        "category": "playground",
        "description": "",
        "has_changing_area": false,
        "has_child_seats": false,
        "has_nursing_area": false,
        "has_playground": true,
        "id": "101DB5FC-B02B-4064-BF9D-B2D25FD9C254",
        "is_wheelchair_accessible": false,
        "name": "Lekområde 9",
        "notes": "",
        "verified": false
      }
    },
    {
      "type": "Feature",
      "geometry": {
        "coordinates": [
          15.6613366,
          58.3714451
        ],
        "type": "Point"
      },
      "properties": {
        "category": "playground",
        "description": "",
        "has_changing_area": false,
        "has_child_seats": false,
        "has_nursing_area": false,
        "has_playground": true,
        "id": "8865F213-84ED-4E83-B11F-F9E7D062F3EA",
        "is_wheelchair_accessible": false,
        "name": "Lekplats Middagsgatan 106",
        "notes": "",
        "verified": false
      }
    },
    {
      "type": "Feature",
      "geometry": {
        "coordinates": [
          15.2474199,
          59.2630136
        ],
        "type": "Point"
      },
      "properties": {
        "category": "playground",
        "description": "",
        "has_changing_area": false,
        "has_child_seats": false,
        "has_nursing_area": false,
        "has_playground": true,
        "id": "E1A369DB-D1FC-4CF2-A526-2C31E8FB0010",
        "is_wheelchair_accessible": false,
        "name": "Grisparken lekplats",
        "notes": "",
        "verified": false
      }
    },
    {
      "type": "Feature",
      "geometry": {
        "coordinates": [
          21.2389742,
          64.9472639
        ],
        "type": "Point"
      },
      "properties": {
        "category": "playground",
        "description": "",
        "has_changing_area": false,
        "has_child_seats": false,
        "has_nursing_area": false,
        "has_playground": true,
        "id": "4441BB94-2C47-4F92-AF9A-AE08F680098D",
        "is_wheelchair_accessible": false,
        "name": "Gungor",
        "notes": "",
        "verified": false
      }
    },
    {
      "type": "Feature",
      "geometry": {
        "coordinates": [
          18.0775376,
          59.3357949
        ],
        "type": "Point"
      },
      "properties": {
        "category": "other",
        "description": "",
        "has_changing_area": true,
        "has_child_seats": false,
        "has_nursing_area": false,
        "has_playground": false,
        "id": "6873BFF2-DBF8-477E-B212-ECC164D667AB",
        "is_wheelchair_accessible": true,
        "name": "Public toilets (with changing table)",
        "notes": "",
        "verified": false
      }
    },
    {
      "type": "Feature",
      "geometry": {
        "coordinates": [
          13.8487326,
          58.3891651
        ],
        "type": "Point"
      },
      "properties": {
        "category": "playground",
        "description": "",
        "has_changing_area": false,
        "has_child_seats": false,
        "has_nursing_area": false,
        "has_playground": true,
        "id": "622FD9DF-AB77-40C5-8FC3-B08D51734EDE",
        "is_wheelchair_accessible": false,
        "name": "Växtkraften",
        "notes": "",
        "verified": false
      }
    },
    {
      "type": "Feature",
      "geometry": {
        "coordinates": [
          13.1436576,
          59.8372833
        ],
        "type": "Point"
      },
      "properties": {
        "category": "other",
        "description": "",
        "has_changing_area": true,
        "has_child_seats": false,
        "has_nursing_area": false,
        "has_playground": false,
        "id": "76085F15-D57B-456D-9699-BCAFED79B53A",
        "is_wheelchair_accessible": true,
        "name": "Public toilets (with changing table)",
        "notes": "",
        "verified": false
      }
    },
    {
      "type": "Feature",
      "geometry": {
        "coordinates": [
          17.9466878,
          59.3752105
        ],
        "type": "Point"
      },
      "properties": {
        "category": "playground",
        "description": "",
        "has_changing_area": false,
        "has_child_seats": false,
        "has_nursing_area": false,
        "has_playground": true,
        "id": "63213352-8B01-4C1D-AEFC-EF4F25559F7C",
        "is_wheelchair_accessible": false,
        "name": "Tågparken",
        "notes": "",
        "verified": false
      }
    },
    {
      "type": "Feature",
      "geometry": {
        "coordinates": [
          15.6001602,
          58.4112922
        ],
        "type": "Point"
      },
      "properties": {
        "category": "playground",
        "description": "",
        "has_changing_area": false,
        "has_child_seats": false,
        "has_nursing_area": false,
        "has_playground": true,
        "id": "359175A6-49E7-46EF-9A7E-3397D44F3736",
        "is_wheelchair_accessible": false,
        "name": "Lekplats Lektorshagen Västanågatan",
        "notes": "",
        "verified": false
      }
    },
    {
      "type": "Feature",
      "geometry": {
        "coordinates": [
          18.481556,
          63.0856062
        ],
        "type": "Point"
      },
      "properties": {
        "category": "other",
        "description": "",
        "has_changing_area": true,
        "has_child_seats": false,
        "has_nursing_area": false,
        "has_playground": false,
        "id": "856132FC-41BF-4B0B-9DB4-D4E3189ABAF5",
        "is_wheelchair_accessible": true,
        "name": "Public toilets (with changing table)",
        "notes": "",
        "verified": false
      }
    },
    {
      "type": "Feature",
      "geometry": {
        "coordinates": [
          17.585673,
          59.8493741
        ],
        "type": "Point"
      },
      "properties": {
        "category": "playground",
        "description": "",
        "has_changing_area": false,
        "has_child_seats": false,
        "has_nursing_area": false,
        "has_playground": true,
        "id": "2852B233-119C-4FF7-93A8-A89A60A8FF55",
        "is_wheelchair_accessible": false,
        "name": "Flogstaparken Norra",
        "notes": "",
        "verified": false
      }
    },
    {
      "type": "Feature",
      "geometry": {
        "coordinates": [
          18.0854935,
          59.3558785
        ],
        "type": "Point"
      },
      "properties": {
        "category": "playground",
        "description": "",
        "has_changing_area": false,
        "has_child_seats": false,
        "has_nursing_area": false,
        "has_playground": true,
        "id": "7D5FE4CF-5355-4A56-8CD3-E8A8FA77EA17",
        "is_wheelchair_accessible": true,
        "name": "Ekorrparken",
        "notes": "",
        "verified": false
      }
    },
    {
      "type": "Feature",
      "geometry": {
        "coordinates": [
          17.1625892,
          60.7234745
        ],
        "type": "Point"
      },
      "properties": {
        "category": "playground",
        "description": "",
        "has_changing_area": false,
        "has_child_seats": false,
        "has_nursing_area": false,
        "has_playground": true,
        "id": "82E7E944-26E0-46FE-8B30-0F96888E5E76",
        "is_wheelchair_accessible": false,
        "name": "Odalvägen",
        "notes": "",
        "verified": false
      }
    },
    {
      "type": "Feature",
      "geometry": {
        "coordinates": [
          17.924877,
          59.2669314
        ],
        "type": "Point"
      },
      "properties": {
        "category": "playground",
        "description": "",
        "has_changing_area": false,
        "has_child_seats": false,
        "has_nursing_area": false,
        "has_playground": true,
        "id": "796B33FB-ACE1-45CE-BDCB-0184C3EA2D43",
        "is_wheelchair_accessible": false,
        "name": "Leos lekland",
        "notes": "",
        "verified": false
      }
    },
    {
      "type": "Feature",
      "geometry": {
        "coordinates": [
          17.9760799,
          59.3753617
        ],
        "type": "Point"
      },
      "properties": {
        "category": "playground",
        "description": "",
        "has_changing_area": false,
        "has_child_seats": false,
        "has_nursing_area": false,
        "has_playground": true,
        "id": "29B6115B-3D29-4458-B7FA-938B2E5C5CB0",
        "is_wheelchair_accessible": false,
        "name": "Malins park",
        "notes": "",
        "verified": false
      }
    },
    {
      "type": "Feature",
      "geometry": {
        "coordinates": [
          13.4258844,
          59.3777421
        ],
        "type": "Point"
      },
      "properties": {
        "category": "other",
        "description": "",
        "has_changing_area": true,
        "has_child_seats": false,
        "has_nursing_area": false,
        "has_playground": false,
        "id": "1344925A-D81D-443B-A8BA-4724B0525AF7",
        "is_wheelchair_accessible": true,
        "name": "Public toilets (with changing table)",
        "notes": "",
        "verified": false
      }
    },
    {
      "type": "Feature",
      "geometry": {
        "coordinates": [
          15.1995682,
          60.124908
        ],
        "type": "Point"
      },
      "properties": {
        "category": "playground",
        "description": "",
        "has_changing_area": false,
        "has_child_seats": false,
        "has_nursing_area": false,
        "has_playground": true,
        "id": "622E4CDD-4C46-41E4-9453-6E28BB3BD97E",
        "is_wheelchair_accessible": false,
        "name": "Päronstigens Lekpark",
        "notes": "",
        "verified": false
      }
    },
    {
      "type": "Feature",
      "geometry": {
        "coordinates": [
          13.8468344,
          58.3912906
        ],
        "type": "Point"
      },
      "properties": {
        "category": "other",
        "description": "",
        "has_changing_area": true,
        "has_child_seats": false,
        "has_nursing_area": false,
        "has_playground": false,
        "id": "6B29D66A-F7DF-411D-BA00-21F27DCBD1CC",
        "is_wheelchair_accessible": true,
        "name": "Public toilets (with changing table)",
        "notes": "",
        "verified": false
      }
    },
    {
      "type": "Feature",
      "geometry": {
        "coordinates": [
          18.0964599,
          59.238349
        ],
        "type": "Point"
      },
      "properties": {
        "category": "playground",
        "description": "",
        "has_changing_area": false,
        "has_child_seats": false,
        "has_nursing_area": false,
        "has_playground": true,
        "id": "0A6B8365-F2B6-4F37-8B35-96141498E46E",
        "is_wheelchair_accessible": false,
        "name": "Klyftan",
        "notes": "",
        "verified": false
      }
    },
    {
      "type": "Feature",
      "geometry": {
        "coordinates": [
          13.5613921,
          59.2970659
        ],
        "type": "Point"
      },
      "properties": {
        "category": "other",
        "description": "",
        "has_changing_area": true,
        "has_child_seats": false,
        "has_nursing_area": false,
        "has_playground": false,
        "id": "2F715B88-F306-4E2C-BBBC-97C08917B850",
        "is_wheelchair_accessible": true,
        "name": "Public toilets (with changing table)",
        "notes": "",
        "verified": false
      }
    },
    {
      "type": "Feature",
      "geometry": {
        "coordinates": [
          15.6747637,
          58.3812369
        ],
        "type": "Point"
      },
      "properties": {
        "category": "other",
        "description": "",
        "has_changing_area": true,
        "has_child_seats": false,
        "has_nursing_area": false,
        "has_playground": false,
        "id": "A673BECF-3930-44EB-9A7C-E19224920FAC",
        "is_wheelchair_accessible": true,
        "name": "Public toilets (with changing table)",
        "notes": "",
        "verified": false
      }
    },
    {
      "type": "Feature",
      "geometry": {
        "coordinates": [
          15.6283799,
          60.6071538
        ],
        "type": "Point"
      },
      "properties": {
        "category": "other",
        "description": "",
        "has_changing_area": true,
        "has_child_seats": false,
        "has_nursing_area": false,
        "has_playground": false,
        "id": "98E82390-2DC5-4E9E-989C-A984A158E5A0",
        "is_wheelchair_accessible": true,
        "name": "Falu stadsbibliotek",
        "notes": "",
        "verified": false
      }
    },
    {
      "type": "Feature",
      "geometry": {
        "coordinates": [
          17.2198669,
          59.2560719
        ],
        "type": "Point"
      },
      "properties": {
        "category": "other",
        "description": "",
        "has_changing_area": true,
        "has_child_seats": false,
        "has_nursing_area": false,
        "has_playground": false,
        "id": "74D25175-6E18-44E2-B363-671D1CE4DC6F",
        "is_wheelchair_accessible": true,
        "name": "Public toilets (with changing table)",
        "notes": "",
        "verified": false
      }
    },
    {
      "type": "Feature",
      "geometry": {
        "coordinates": [
          20.5631298,
          63.9065596
        ],
        "type": "Point"
      },
      "properties": {
        "category": "playground",
        "description": "",
        "has_changing_area": false,
        "has_child_seats": false,
        "has_nursing_area": false,
        "has_playground": true,
        "id": "E818BA3B-87D3-4DD2-8012-1CDF41D63822",
        "is_wheelchair_accessible": false,
        "name": "Rymdparken",
        "notes": "",
        "verified": false
      }
    },
    {
      "type": "Feature",
      "geometry": {
        "coordinates": [
          18.0906389,
          59.5013819
        ],
        "type": "Point"
      },
      "properties": {
        "category": "playground",
        "description": "",
        "has_changing_area": false,
        "has_child_seats": false,
        "has_nursing_area": false,
        "has_playground": true,
        "id": "92FD25FD-CEC3-4F91-BCF7-BF52F5DCE0F7",
        "is_wheelchair_accessible": false,
        "name": "Skogsleken",
        "notes": "",
        "verified": false
      }
    },
    {
      "type": "Feature",
      "geometry": {
        "coordinates": [
          21.3975743,
          65.3452686
        ],
        "type": "Point"
      },
      "properties": {
        "category": "cafe",
        "description": "",
        "has_changing_area": true,
        "has_child_seats": false,
        "has_nursing_area": false,
        "has_playground": false,
        "id": "800CE707-9BCD-4322-8E67-F7331E1225ED",
        "is_wheelchair_accessible": false,
        "name": "S:t Mary kyrkstadscafé",
        "notes": "",
        "verified": false
      }
    },
    {
      "type": "Feature",
      "geometry": {
        "coordinates": [
          15.5578267,
          58.2909915
        ],
        "type": "Point"
      },
      "properties": {
        "category": "playground",
        "description": "",
        "has_changing_area": false,
        "has_child_seats": false,
        "has_nursing_area": false,
        "has_playground": true,
        "id": "63C2F8E7-F4A9-4790-92A4-EF8A885A99A3",
        "is_wheelchair_accessible": false,
        "name": "Ängdalsvägen",
        "notes": "",
        "verified": false
      }
    },
    {
      "type": "Feature",
      "geometry": {
        "coordinates": [
          21.2340399,
          65.3433149
        ],
        "type": "Point"
      },
      "properties": {
        "category": "playground",
        "description": "",
        "has_changing_area": false,
        "has_child_seats": false,
        "has_nursing_area": false,
        "has_playground": true,
        "id": "85DFAF97-DFF8-4D3C-8428-094169D913DF",
        "is_wheelchair_accessible": false,
        "name": "Lekplats Sporrevägen",
        "notes": "",
        "verified": false
      }
    },
    {
      "type": "Feature",
      "geometry": {
        "coordinates": [
          18.0926082,
          59.2540372
        ],
        "type": "Point"
      },
      "properties": {
        "category": "playground",
        "description": "",
        "has_changing_area": false,
        "has_child_seats": false,
        "has_nursing_area": false,
        "has_playground": true,
        "id": "61270A41-55F2-44AD-9D2A-2CC01F242BB7",
        "is_wheelchair_accessible": false,
        "name": "Kryddboden",
        "notes": "",
        "verified": false
      }
    },
    {
      "type": "Feature",
      "geometry": {
        "coordinates": [
          13.5364029,
          59.4039379
        ],
        "type": "Point"
      },
      "properties": {
        "category": "playground",
        "description": "",
        "has_changing_area": false,
        "has_child_seats": false,
        "has_nursing_area": false,
        "has_playground": true,
        "id": "EF4DCEB1-8015-4177-8999-78EDB9BC93C2",
        "is_wheelchair_accessible": false,
        "name": "Lorensbergsparkens lekplats",
        "notes": "",
        "verified": false
      }
    },
    {
      "type": "Feature",
      "geometry": {
        "coordinates": [
          13.4875992,
          59.3684324
        ],
        "type": "Point"
      },
      "properties": {
        "category": "other",
        "description": "",
        "has_changing_area": true,
        "has_child_seats": false,
        "has_nursing_area": false,
        "has_playground": false,
        "id": "A5756593-CC60-4C2D-B29C-24F015FD42EC",
        "is_wheelchair_accessible": true,
        "name": "Public toilets (with changing table)",
        "notes": "",
        "verified": false
      }
    },
    {
      "type": "Feature",
      "geometry": {
        "coordinates": [
          16.1813588,
          58.5926702
        ],
        "type": "Point"
      },
      "properties": {
        "category": "playground",
        "description": "",
        "has_changing_area": false,
        "has_child_seats": false,
        "has_nursing_area": false,
        "has_playground": true,
        "id": "C8656071-1073-4D34-A3A1-98CA513C30DE",
        "is_wheelchair_accessible": false,
        "name": "Tuppenparken",
        "notes": "",
        "verified": false
      }
    },
    {
      "type": "Feature",
      "geometry": {
        "coordinates": [
          13.5418505,
          59.4215774
        ],
        "type": "Point"
      },
      "properties": {
        "category": "playground",
        "description": "",
        "has_changing_area": false,
        "has_child_seats": false,
        "has_nursing_area": false,
        "has_playground": true,
        "id": "4E7720EA-DF46-4E25-9A6C-2F02A5EF7AD9",
        "is_wheelchair_accessible": false,
        "name": "Kolarens lekplats",
        "notes": "",
        "verified": false
      }
    },
    {
      "type": "Feature",
      "geometry": {
        "coordinates": [
          18.0535573,
          59.3380519
        ],
        "type": "Point"
      },
      "properties": {
        "category": "playground",
        "description": "",
        "has_changing_area": false,
        "has_child_seats": false,
        "has_nursing_area": false,
        "has_playground": true,
        "id": "4F1D97C7-31B7-46FA-9CAD-A114027E0B59",
        "is_wheelchair_accessible": false,
        "name": "Tegnérlundens lekplats",
        "notes": "",
        "verified": false
      }
    },
    {
      "type": "Feature",
      "geometry": {
        "coordinates": [
          18.1525241,
          59.3744274
        ],
        "type": "Point"
      },
      "properties": {
        "category": "playground",
        "description": "",
        "has_changing_area": false,
        "has_child_seats": false,
        "has_nursing_area": false,
        "has_playground": true,
        "id": "B734A3C8-76A4-4B0B-A186-F26840A12F28",
        "is_wheelchair_accessible": false,
        "name": "Boparken",
        "notes": "",
        "verified": false
      }
    },
    {
      "type": "Feature",
      "geometry": {
        "coordinates": [
          15.8237394,
          59.9859069
        ],
        "type": "Point"
      },
      "properties": {
        "category": "playground",
        "description": "",
        "has_changing_area": false,
        "has_child_seats": false,
        "has_nursing_area": false,
        "has_playground": true,
        "id": "CA6C32E1-FECC-460F-BCDC-28A72F51D652",
        "is_wheelchair_accessible": false,
        "name": "Gröndalslekparken",
        "notes": "",
        "verified": false
      }
    },
    {
      "type": "Feature",
      "geometry": {
        "coordinates": [
          17.8301952,
          59.2202353
        ],
        "type": "Point"
      },
      "properties": {
        "category": "playground",
        "description": "",
        "has_changing_area": false,
        "has_child_seats": false,
        "has_nursing_area": false,
        "has_playground": true,
        "id": "7AC2B881-681E-43FF-9B05-B5C35A5305DD",
        "is_wheelchair_accessible": false,
        "name": "Trafiklek",
        "notes": "",
        "verified": false
      }
    },
    {
      "type": "Feature",
      "geometry": {
        "coordinates": [
          17.9033486,
          59.4617173
        ],
        "type": "Point"
      },
      "properties": {
        "category": "playground",
        "description": "",
        "has_changing_area": false,
        "has_child_seats": false,
        "has_nursing_area": false,
        "has_playground": true,
        "id": "36D4863B-9AED-49CE-AA5C-418EE0E8FF1B",
        "is_wheelchair_accessible": false,
        "name": "Lekområde 10",
        "notes": "",
        "verified": false
      }
    },
    {
      "type": "Feature",
      "geometry": {
        "coordinates": [
          22.1386658,
          65.5857156
        ],
        "type": "Point"
      },
      "properties": {
        "category": "playground",
        "description": "",
        "has_changing_area": false,
        "has_child_seats": false,
        "has_nursing_area": false,
        "has_playground": true,
        "id": "030034C0-D843-46F5-9FBF-64CE93D53450",
        "is_wheelchair_accessible": false,
        "name": "Koltrastens lekplats",
        "notes": "",
        "verified": false
      }
    },
    {
      "type": "Feature",
      "geometry": {
        "coordinates": [
          16.5983734,
          59.9201501
        ],
        "type": "Point"
      },
      "properties": {
        "category": "playground",
        "description": "",
        "has_changing_area": false,
        "has_child_seats": false,
        "has_nursing_area": false,
        "has_playground": true,
        "id": "322CB7A4-C011-4DCC-84A9-892DFDD4BFC7",
        "is_wheelchair_accessible": false,
        "name": "Lekparken",
        "notes": "",
        "verified": false
      }
    },
    {
      "type": "Feature",
      "geometry": {
        "coordinates": [
          13.5403856,
          59.3995977
        ],
        "type": "Point"
      },
      "properties": {
        "category": "playground",
        "description": "",
        "has_changing_area": false,
        "has_child_seats": false,
        "has_nursing_area": false,
        "has_playground": true,
        "id": "05E79BA6-84B2-44F2-B804-2E1ED381AE9D",
        "is_wheelchair_accessible": false,
        "name": "Gröna plans lekplats",
        "notes": "",
        "verified": false
      }
    },
    {
      "type": "Feature",
      "geometry": {
        "coordinates": [
          12.3240967,
          58.3811573
        ],
        "type": "Point"
      },
      "properties": {
        "category": "playground",
        "description": "",
        "has_changing_area": false,
        "has_child_seats": false,
        "has_nursing_area": false,
        "has_playground": true,
        "id": "47B10CBE-8667-41C6-8024-3B0ECBC6FF2F",
        "is_wheelchair_accessible": false,
        "name": "Musiklekplats",
        "notes": "",
        "verified": false
      }
    },
    {
      "type": "Feature",
      "geometry": {
        "coordinates": [
          18.1046687,
          59.3115437
        ],
        "type": "Point"
      },
      "properties": {
        "category": "playground",
        "description": "",
        "has_changing_area": false,
        "has_child_seats": false,
        "has_nursing_area": false,
        "has_playground": true,
        "id": "9763D783-77EE-45E6-90B3-6EF5352D0F7B",
        "is_wheelchair_accessible": false,
        "name": "Anders Franzens Varv",
        "notes": "",
        "verified": false
      }
    },
    {
      "type": "Feature",
      "geometry": {
        "coordinates": [
          12.2759354,
          58.2659983
        ],
        "type": "Point"
      },
      "properties": {
        "category": "playground",
        "description": "",
        "has_changing_area": false,
        "has_child_seats": false,
        "has_nursing_area": false,
        "has_playground": true,
        "id": "D0323322-4497-44C1-863B-3E0570260535",
        "is_wheelchair_accessible": false,
        "name": "Skofteby torg",
        "notes": "",
        "verified": false
      }
    },
    {
      "type": "Feature",
      "geometry": {
        "coordinates": [
          18.4077063,
          59.3203775
        ],
        "type": "Point"
      },
      "properties": {
        "category": "playground",
        "description": "",
        "has_changing_area": false,
        "has_child_seats": false,
        "has_nursing_area": false,
        "has_playground": true,
        "id": "F167B691-4DB4-4083-8074-6DEAB9CE1534",
        "is_wheelchair_accessible": false,
        "name": "Lekplats",
        "notes": "",
        "verified": false
      }
    },
    {
      "type": "Feature",
      "geometry": {
        "coordinates": [
          15.6654008,
          58.3903487
        ],
        "type": "Point"
      },
      "properties": {
        "category": "playground",
        "description": "",
        "has_changing_area": false,
        "has_child_seats": false,
        "has_nursing_area": false,
        "has_playground": true,
        "id": "F9376347-E150-4270-9B92-408D1B43B3DA",
        "is_wheelchair_accessible": false,
        "name": "Grodan",
        "notes": "",
        "verified": false
      }
    },
    {
      "type": "Feature",
      "geometry": {
        "coordinates": [
          18.021707,
          59.2011171
        ],
        "type": "Point"
      },
      "properties": {
        "category": "other",
        "description": "",
        "has_changing_area": true,
        "has_child_seats": false,
        "has_nursing_area": false,
        "has_playground": false,
        "id": "8E69ECC5-C5FB-4BFD-A61A-0AE5E4CEDB17",
        "is_wheelchair_accessible": true,
        "name": "Public toilets (with changing table)",
        "notes": "",
        "verified": false
      }
    },
    {
      "type": "Feature",
      "geometry": {
        "coordinates": [
          17.9469614,
          59.3402899
        ],
        "type": "Point"
      },
      "properties": {
        "category": "playground",
        "description": "",
        "has_changing_area": false,
        "has_child_seats": false,
        "has_nursing_area": false,
        "has_playground": true,
        "id": "60FA31E3-B134-49D8-B0DA-C6DA8160299B",
        "is_wheelchair_accessible": false,
        "name": "Galonparken",
        "notes": "",
        "verified": false
      }
    },
    {
      "type": "Feature",
      "geometry": {
        "coordinates": [
          18.0034399,
          59.3334682
        ],
        "type": "Point"
      },
      "properties": {
        "category": "other",
        "description": "",
        "has_changing_area": true,
        "has_child_seats": false,
        "has_nursing_area": false,
        "has_playground": false,
        "id": "42783348-5646-492D-8618-DCFA3AA1F50E",
        "is_wheelchair_accessible": true,
        "name": "Public toilets (with changing table)",
        "notes": "",
        "verified": false
      }
    },
    {
      "type": "Feature",
      "geometry": {
        "coordinates": [
          17.6631482,
          59.8755786
        ],
        "type": "Point"
      },
      "properties": {
        "category": "other",
        "description": "",
        "has_changing_area": true,
        "has_child_seats": false,
        "has_nursing_area": false,
        "has_playground": false,
        "id": "E7DD08F9-389F-4221-93FD-EFD1A6DEA04C",
        "is_wheelchair_accessible": true,
        "name": "Public toilets (with changing table)",
        "notes": "",
        "verified": false
      }
    },
    {
      "type": "Feature",
      "geometry": {
        "coordinates": [
          15.1184135,
          60.8853851
        ],
        "type": "Point"
      },
      "properties": {
        "category": "playground",
        "description": "",
        "has_changing_area": false,
        "has_child_seats": false,
        "has_nursing_area": false,
        "has_playground": true,
        "id": "EB16E611-64ED-4240-9FEB-9BCF934BB211",
        "is_wheelchair_accessible": false,
        "name": "Lekparken",
        "notes": "",
        "verified": false
      }
    },
    {
      "type": "Feature",
      "geometry": {
        "coordinates": [
          21.2391096,
          64.947179
        ],
        "type": "Point"
      },
      "properties": {
        "category": "playground",
        "description": "",
        "has_changing_area": false,
        "has_child_seats": false,
        "has_nursing_area": false,
        "has_playground": true,
        "id": "4FA847FC-93E4-4422-B404-99604D99F8B5",
        "is_wheelchair_accessible": false,
        "name": "Piratskepp",
        "notes": "",
        "verified": false
      }
    },
    {
      "type": "Feature",
      "geometry": {
        "coordinates": [
          15.2023886,
          59.2647527
        ],
        "type": "Point"
      },
      "properties": {
        "category": "playground",
        "description": "",
        "has_changing_area": false,
        "has_child_seats": false,
        "has_nursing_area": false,
        "has_playground": true,
        "id": "F58003DD-7107-487D-8C2C-253F41F15F94",
        "is_wheelchair_accessible": false,
        "name": "Södermalmsparken",
        "notes": "",
        "verified": false
      }
    },
    {
      "type": "Feature",
      "geometry": {
        "coordinates": [
          17.2529495,
          60.6774062
        ],
        "type": "Point"
      },
      "properties": {
        "category": "playground",
        "description": "",
        "has_changing_area": false,
        "has_child_seats": false,
        "has_nursing_area": false,
        "has_playground": true,
        "id": "593D466A-7057-4CB9-A313-99826A83B1EE",
        "is_wheelchair_accessible": false,
        "name": "Siriusplan",
        "notes": "",
        "verified": false
      }
    },
    {
      "type": "Feature",
      "geometry": {
        "coordinates": [
          18.0411335,
          59.4526038
        ],
        "type": "Point"
      },
      "properties": {
        "category": "playground",
        "description": "",
        "has_changing_area": false,
        "has_child_seats": false,
        "has_nursing_area": false,
        "has_playground": true,
        "id": "0B626DA6-492A-404B-A239-4379195DA6B0",
        "is_wheelchair_accessible": false,
        "name": "Sopranleken",
        "notes": "",
        "verified": false
      }
    },
    {
      "type": "Feature",
      "geometry": {
        "coordinates": [
          18.779099,
          63.2626316
        ],
        "type": "Point"
      },
      "properties": {
        "category": "playground",
        "description": "",
        "has_changing_area": false,
        "has_child_seats": false,
        "has_nursing_area": false,
        "has_playground": true,
        "id": "4EBC3FA6-7824-4F32-BF87-7B91EFB24D30",
        "is_wheelchair_accessible": false,
        "name": "Kompassvägens lekplats",
        "notes": "",
        "verified": false
      }
    },
    {
      "type": "Feature",
      "geometry": {
        "coordinates": [
          14.4718909,
          59.3140889
        ],
        "type": "Point"
      },
      "properties": {
        "category": "playground",
        "description": "",
        "has_changing_area": false,
        "has_child_seats": false,
        "has_nursing_area": false,
        "has_playground": true,
        "id": "168A0B32-A055-49BB-99B8-6431FF6FE70B",
        "is_wheelchair_accessible": false,
        "name": "Fröparken",
        "notes": "",
        "verified": false
      }
    },
    {
      "type": "Feature",
      "geometry": {
        "coordinates": [
          17.7553578,
          59.2019663
        ],
        "type": "Point"
      },
      "properties": {
        "category": "playground",
        "description": "",
        "has_changing_area": false,
        "has_child_seats": false,
        "has_nursing_area": false,
        "has_playground": true,
        "id": "7867EA45-78CC-4F0D-BF6F-48730F44738A",
        "is_wheelchair_accessible": false,
        "name": "Gungor",
        "notes": "",
        "verified": false
      }
    },
    {
      "type": "Feature",
      "geometry": {
        "coordinates": [
          13.425674,
          59.3781943
        ],
        "type": "Point"
      },
      "properties": {
        "category": "cafe",
        "description": "",
        "has_changing_area": false,
        "has_child_seats": true,
        "has_nursing_area": false,
        "has_playground": false,
        "id": "BD8D5B72-8A73-46B7-98CD-9629F09B5A9D",
        "is_wheelchair_accessible": true,
        "name": "Wayne's Coffee",
        "notes": "",
        "verified": false
      }
    },
    {
      "type": "Feature",
      "geometry": {
        "coordinates": [
          17.9255372,
          59.4245168
        ],
        "type": "Point"
      },
      "properties": {
        "category": "playground",
        "description": "",
        "has_changing_area": false,
        "has_child_seats": false,
        "has_nursing_area": false,
        "has_playground": true,
        "id": "A67EB268-8E85-42C6-A126-EE6BD515BC31",
        "is_wheelchair_accessible": false,
        "name": "Lundens Lekpark",
        "notes": "",
        "verified": false
      }
    },
    {
      "type": "Feature",
      "geometry": {
        "coordinates": [
          16.5335153,
          59.6112902
        ],
        "type": "Point"
      },
      "properties": {
        "category": "other",
        "description": "",
        "has_changing_area": true,
        "has_child_seats": false,
        "has_nursing_area": false,
        "has_playground": false,
        "id": "F50BEBFF-C0E3-4706-AC64-06D51D0C2444",
        "is_wheelchair_accessible": false,
        "name": "Public toilets (with changing table)",
        "notes": "",
        "verified": false
      }
    },
    {
      "type": "Feature",
      "geometry": {
        "coordinates": [
          20.5557553,
          63.9036852
        ],
        "type": "Point"
      },
      "properties": {
        "category": "playground",
        "description": "",
        "has_changing_area": false,
        "has_child_seats": false,
        "has_nursing_area": false,
        "has_playground": true,
        "id": "FB0EF4B6-650C-406F-B29B-92679ED7BE8A",
        "is_wheelchair_accessible": false,
        "name": "Älvsbackaparken",
        "notes": "",
        "verified": false
      }
    },
    {
      "type": "Feature",
      "geometry": {
        "coordinates": [
          15.2156594,
          59.5873947
        ],
        "type": "Point"
      },
      "properties": {
        "category": "other",
        "description": "",
        "has_changing_area": true,
        "has_child_seats": false,
        "has_nursing_area": false,
        "has_playground": false,
        "id": "AB70A647-FE26-44DE-A906-54B536A2698F",
        "is_wheelchair_accessible": false,
        "name": "Public toilets (with changing table)",
        "notes": "",
        "verified": false
      }
    },
    {
      "type": "Feature",
      "geometry": {
        "coordinates": [
          18.054291,
          59.3177165
        ],
        "type": "Point"
      },
      "properties": {
        "category": "cafe",
        "description": "",
        "has_changing_area": true,
        "has_child_seats": false,
        "has_nursing_area": false,
        "has_playground": false,
        "id": "2875A7E5-1504-4F0B-BE32-BCF492E46549",
        "is_wheelchair_accessible": true,
        "name": "Mahalo",
        "notes": "",
        "verified": false
      }
    },
    {
      "type": "Feature",
      "geometry": {
        "coordinates": [
          17.9558366,
          59.451809
        ],
        "type": "Point"
      },
      "properties": {
        "category": "playground",
        "description": "",
        "has_changing_area": false,
        "has_child_seats": false,
        "has_nursing_area": false,
        "has_playground": true,
        "id": "A638911F-3AA5-4652-9040-0F883D967137",
        "is_wheelchair_accessible": false,
        "name": "Malvastigens Lekplats",
        "notes": "",
        "verified": false
      }
    },
    {
      "type": "Feature",
      "geometry": {
        "coordinates": [
          17.6212921,
          59.7032955
        ],
        "type": "Point"
      },
      "properties": {
        "category": "other",
        "description": "",
        "has_changing_area": true,
        "has_child_seats": false,
        "has_nursing_area": false,
        "has_playground": false,
        "id": "E22BA0B2-687F-427F-91CD-3E812DF7E509",
        "is_wheelchair_accessible": true,
        "name": "Public toilets (with changing table)",
        "notes": "",
        "verified": false
      }
    },
    {
      "type": "Feature",
      "geometry": {
        "coordinates": [
          18.0407703,
          59.3358798
        ],
        "type": "Point"
      },
      "properties": {
        "category": "playground",
        "description": "",
        "has_changing_area": false,
        "has_child_seats": false,
        "has_nursing_area": false,
        "has_playground": true,
        "id": "DD692294-B79F-414F-8806-9A66EFE399A2",
        "is_wheelchair_accessible": false,
        "name": "Båtparken",
        "notes": "",
        "verified": false
      }
    },
    {
      "type": "Feature",
      "geometry": {
        "coordinates": [
          17.2327443,
          59.2633378
        ],
        "type": "Point"
      },
      "properties": {
        "category": "playground",
        "description": "",
        "has_changing_area": false,
        "has_child_seats": false,
        "has_nursing_area": false,
        "has_playground": true,
        "id": "A4B41173-1291-47E8-B9FC-A0156BDBC425",
        "is_wheelchair_accessible": false,
        "name": "Bananparken",
        "notes": "",
        "verified": false
      }
    },
    {
      "type": "Feature",
      "geometry": {
        "coordinates": [
          17.9630647,
          59.3828226
        ],
        "type": "Point"
      },
      "properties": {
        "category": "playground",
        "description": "",
        "has_changing_area": false,
        "has_child_seats": false,
        "has_nursing_area": false,
        "has_playground": true,
        "id": "B5A2289B-2267-46B3-9F83-296190720062",
        "is_wheelchair_accessible": false,
        "name": "Lilla Ursviks Lekplats",
        "notes": "",
        "verified": false
      }
    },
    {
      "type": "Feature",
      "geometry": {
        "coordinates": [
          17.1395346,
          60.6792356
        ],
        "type": "Point"
      },
      "properties": {
        "category": "playground",
        "description": "",
        "has_changing_area": false,
        "has_child_seats": false,
        "has_nursing_area": false,
        "has_playground": true,
        "id": "03763747-6689-4D9F-8FC0-3033794D765B",
        "is_wheelchair_accessible": false,
        "name": "Esplanaden",
        "notes": "",
        "verified": false
      }
    },
    {
      "type": "Feature",
      "geometry": {
        "coordinates": [
          13.1791252,
          59.3780193
        ],
        "type": "Point"
      },
      "properties": {
        "category": "playground",
        "description": "",
        "has_changing_area": false,
        "has_child_seats": false,
        "has_nursing_area": false,
        "has_playground": true,
        "id": "7EAF8C8F-5085-4D42-9B0C-B77853F71E0F",
        "is_wheelchair_accessible": false,
        "name": "Cordvägens lekplats",
        "notes": "",
        "verified": false
      }
    },
    {
      "type": "Feature",
      "geometry": {
        "coordinates": [
          13.427192,
          59.376481
        ],
        "type": "Point"
      },
      "properties": {
        "category": "other",
        "description": "",
        "has_changing_area": true,
        "has_child_seats": false,
        "has_nursing_area": false,
        "has_playground": false,
        "id": "0197AEEB-D4A0-4BBB-94E5-4201919F1894",
        "is_wheelchair_accessible": true,
        "name": "Public toilets (with changing table)",
        "notes": "",
        "verified": false
      }
    },
    {
      "type": "Feature",
      "geometry": {
        "coordinates": [
          13.6971827,
          59.5951379
        ],
        "type": "Point"
      },
      "properties": {
        "category": "playground",
        "description": "",
        "has_changing_area": false,
        "has_child_seats": false,
        "has_nursing_area": false,
        "has_playground": true,
        "id": "F4D69A7E-040D-4F60-B12B-69FD293AF742",
        "is_wheelchair_accessible": false,
        "name": "Krakeruds lekplats",
        "notes": "",
        "verified": false
      }
    },
    {
      "type": "Feature",
      "geometry": {
        "coordinates": [
          17.9840472,
          59.2356915
        ],
        "type": "Point"
      },
      "properties": {
        "category": "playground",
        "description": "",
        "has_changing_area": false,
        "has_child_seats": false,
        "has_nursing_area": false,
        "has_playground": true,
        "id": "8473DC1D-DAC9-4BE6-941C-A9B3DEC8E0AC",
        "is_wheelchair_accessible": false,
        "name": "Sjödalsparken",
        "notes": "",
        "verified": false
      }
    },
    {
      "type": "Feature",
      "geometry": {
        "coordinates": [
          18.0028859,
          59.3715469
        ],
        "type": "Point"
      },
      "properties": {
        "category": "other",
        "description": "",
        "has_changing_area": true,
        "has_child_seats": false,
        "has_nursing_area": false,
        "has_playground": false,
        "id": "6E47B38E-2B2F-4489-9C53-87D54D57E373",
        "is_wheelchair_accessible": true,
        "name": "Public toilets (with changing table)",
        "notes": "",
        "verified": false
      }
    },
    {
      "type": "Feature",
      "geometry": {
        "coordinates": [
          17.0945597,
          60.6781046
        ],
        "type": "Point"
      },
      "properties": {
        "category": "playground",
        "description": "",
        "has_changing_area": false,
        "has_child_seats": false,
        "has_nursing_area": false,
        "has_playground": true,
        "id": "04D66274-3059-4CF5-A8D6-2D100C355819",
        "is_wheelchair_accessible": false,
        "name": "Lexe",
        "notes": "",
        "verified": false
      }
    },
    {
      "type": "Feature",
      "geometry": {
        "coordinates": [
          17.1377994,
          60.665756
        ],
        "type": "Point"
      },
      "properties": {
        "category": "playground",
        "description": "",
        "has_changing_area": false,
        "has_child_seats": false,
        "has_nursing_area": false,
        "has_playground": true,
        "id": "5DE3052F-C130-4EBE-84A2-C8561903500B",
        "is_wheelchair_accessible": false,
        "name": "Oskarsparken",
        "notes": "",
        "verified": false
      }
    },
    {
      "type": "Feature",
      "geometry": {
        "coordinates": [
          12.6007115,
          59.658683
        ],
        "type": "Point"
      },
      "properties": {
        "category": "playground",
        "description": "",
        "has_changing_area": false,
        "has_child_seats": false,
        "has_nursing_area": false,
        "has_playground": true,
        "id": "3699B7E9-FCC4-4E91-A1D5-C3BA97567FBF",
        "is_wheelchair_accessible": false,
        "name": "Förskolan Nyckeln",
        "notes": "",
        "verified": false
      }
    },
    {
      "type": "Feature",
      "geometry": {
        "coordinates": [
          13.445721,
          59.3809412
        ],
        "type": "Point"
      },
      "properties": {
        "category": "playground",
        "description": "",
        "has_changing_area": false,
        "has_child_seats": false,
        "has_nursing_area": false,
        "has_playground": true,
        "id": "28175BDF-81FE-4FB7-8602-9F5CD973B9AE",
        "is_wheelchair_accessible": false,
        "name": "Duvkullens lekplats",
        "notes": "",
        "verified": false
      }
    },
    {
      "type": "Feature",
      "geometry": {
        "coordinates": [
          16.5186538,
          59.5990957
        ],
        "type": "Point"
      },
      "properties": {
        "category": "playground",
        "description": "",
        "has_changing_area": false,
        "has_child_seats": false,
        "has_nursing_area": false,
        "has_playground": true,
        "id": "E333A2FC-0A95-4006-A6D5-08A3A123C3A5",
        "is_wheelchair_accessible": false,
        "name": "Spantparken lekplats",
        "notes": "",
        "verified": false
      }
    },
    {
      "type": "Feature",
      "geometry": {
        "coordinates": [
          17.6857369,
          59.3323256
        ],
        "type": "Point"
      },
      "properties": {
        "category": "playground",
        "description": "",
        "has_changing_area": false,
        "has_child_seats": false,
        "has_nursing_area": false,
        "has_playground": true,
        "id": "D07A6489-A469-44E1-BA51-23553352E44B",
        "is_wheelchair_accessible": false,
        "name": "Borgenparken",
        "notes": "",
        "verified": false
      }
    },
    {
      "type": "Feature",
      "geometry": {
        "coordinates": [
          13.5223416,
          59.3785955
        ],
        "type": "Point"
      },
      "properties": {
        "category": "playground",
        "description": "",
        "has_changing_area": false,
        "has_child_seats": false,
        "has_nursing_area": false,
        "has_playground": true,
        "id": "05F69140-1E95-46C6-8816-8BDD1CCEF6DC",
        "is_wheelchair_accessible": false,
        "name": "Norra axets lekplats",
        "notes": "",
        "verified": false
      }
    },
    {
      "type": "Feature",
      "geometry": {
        "coordinates": [
          17.9697112,
          59.3635188
        ],
        "type": "Point"
      },
      "properties": {
        "category": "playground",
        "description": "",
        "has_changing_area": false,
        "has_child_seats": false,
        "has_nursing_area": false,
        "has_playground": true,
        "id": "5E420C51-3A57-40BB-8C9B-4D1165AA4968",
        "is_wheelchair_accessible": false,
        "name": "Förskolan Hagabergsgården",
        "notes": "",
        "verified": false
      }
    },
    {
      "type": "Feature",
      "geometry": {
        "coordinates": [
          17.69578,
          59.8451456
        ],
        "type": "Point"
      },
      "properties": {
        "category": "playground",
        "description": "",
        "has_changing_area": false,
        "has_child_seats": false,
        "has_nursing_area": false,
        "has_playground": true,
        "id": "941C2D9F-9FCC-49ED-99EB-FCEEC212E171",
        "is_wheelchair_accessible": false,
        "name": "Leo's Lekland",
        "notes": "",
        "verified": false
      }
    },
    {
      "type": "Feature",
      "geometry": {
        "coordinates": [
          17.2589467,
          60.6735676
        ],
        "type": "Point"
      },
      "properties": {
        "category": "playground",
        "description": "",
        "has_changing_area": false,
        "has_child_seats": false,
        "has_nursing_area": false,
        "has_playground": true,
        "id": "D8C21049-A6C7-464B-94C8-30F46D6C3AA8",
        "is_wheelchair_accessible": false,
        "name": "Vretlindan",
        "notes": "",
        "verified": false
      }
    },
    {
      "type": "Feature",
      "geometry": {
        "coordinates": [
          17.8912089,
          59.4663829
        ],
        "type": "Point"
      },
      "properties": {
        "category": "playground",
        "description": "",
        "has_changing_area": false,
        "has_child_seats": false,
        "has_nursing_area": false,
        "has_playground": true,
        "id": "F975E413-0804-49FF-94FD-5B871484E483",
        "is_wheelchair_accessible": false,
        "name": "Lilla Viby",
        "notes": "",
        "verified": false
      }
    },
    {
      "type": "Feature",
      "geometry": {
        "coordinates": [
          13.4550494,
          59.3819048
        ],
        "type": "Point"
      },
      "properties": {
        "category": "playground",
        "description": "",
        "has_changing_area": false,
        "has_child_seats": false,
        "has_nursing_area": false,
        "has_playground": true,
        "id": "0C39AD4A-35F9-4E3E-8350-D2C04E69EA2B",
        "is_wheelchair_accessible": false,
        "name": "Lekhagens lekplats",
        "notes": "",
        "verified": false
      }
    },
    {
      "type": "Feature",
      "geometry": {
        "coordinates": [
          18.0067246,
          59.3618806
        ],
        "type": "Point"
      },
      "properties": {
        "category": "playground",
        "description": "",
        "has_changing_area": false,
        "has_child_seats": false,
        "has_nursing_area": false,
        "has_playground": true,
        "id": "E6085449-B3D0-4C5A-BFE2-D5D3D632D966",
        "is_wheelchair_accessible": false,
        "name": "Lekplats Kyrkbacken 4-26",
        "notes": "",
        "verified": false
      }
    },
    {
      "type": "Feature",
      "geometry": {
        "coordinates": [
          18.0824075,
          59.5114531
        ],
        "type": "Point"
      },
      "properties": {
        "category": "playground",
        "description": "",
        "has_changing_area": false,
        "has_child_seats": false,
        "has_nursing_area": false,
        "has_playground": true,
        "id": "D30813EC-AAAC-4A75-A00E-AD2A96198B16",
        "is_wheelchair_accessible": false,
        "name": "Svampskogsvägen 19C",
        "notes": "",
        "verified": false
      }
    },
    {
      "type": "Feature",
      "geometry": {
        "coordinates": [
          20.3323751,
          63.8584047
        ],
        "type": "Point"
      },
      "properties": {
        "category": "playground",
        "description": "",
        "has_changing_area": false,
        "has_child_seats": false,
        "has_nursing_area": false,
        "has_playground": true,
        "id": "F19C758E-FF22-4217-B04E-96A7B254A042",
        "is_wheelchair_accessible": false,
        "name": "Östra Ersboda Häng",
        "notes": "",
        "verified": false
      }
    },
    {
      "type": "Feature",
      "geometry": {
        "coordinates": [
          18.2547813,
          59.3293086
        ],
        "type": "Point"
      },
      "properties": {
        "category": "playground",
        "description": "",
        "has_changing_area": false,
        "has_child_seats": false,
        "has_nursing_area": false,
        "has_playground": true,
        "id": "3A80E5BB-7BEB-40D6-AA5B-E770A6E58A33",
        "is_wheelchair_accessible": false,
        "name": "Sagopark",
        "notes": "",
        "verified": false
      }
    },
    {
      "type": "Feature",
      "geometry": {
        "coordinates": [
          17.0727003,
          59.6455145
        ],
        "type": "Point"
      },
      "properties": {
        "category": "playground",
        "description": "",
        "has_changing_area": false,
        "has_child_seats": false,
        "has_nursing_area": false,
        "has_playground": true,
        "id": "6C244132-60B6-48B3-A051-E32D2D797121",
        "is_wheelchair_accessible": false,
        "name": "Linbaneparken",
        "notes": "",
        "verified": false
      }
    },
    {
      "type": "Feature",
      "geometry": {
        "coordinates": [
          17.5387688,
          59.560278
        ],
        "type": "Point"
      },
      "properties": {
        "category": "cafe",
        "description": "",
        "has_changing_area": false,
        "has_child_seats": true,
        "has_nursing_area": false,
        "has_playground": false,
        "id": "FF9CEA33-D8F1-4880-91EE-5AF43F3E11D4",
        "is_wheelchair_accessible": false,
        "name": "Kafé Lilly",
        "notes": "",
        "verified": false
      }
    },
    {
      "type": "Feature",
      "geometry": {
        "coordinates": [
          17.9330928,
          59.6518134
        ],
        "type": "Point"
      },
      "properties": {
        "category": "other",
        "description": "",
        "has_changing_area": true,
        "has_child_seats": false,
        "has_nursing_area": false,
        "has_playground": false,
        "id": "75BDBAC4-4983-4DFB-84CF-C08CE49AD638",
        "is_wheelchair_accessible": false,
        "name": "Public toilets (with changing table)",
        "notes": "",
        "verified": false
      }
    },
    {
      "type": "Feature",
      "geometry": {
        "coordinates": [
          18.0614987,
          59.3323383
        ],
        "type": "Point"
      },
      "properties": {
        "category": "other",
        "description": "",
        "has_changing_area": true,
        "has_child_seats": false,
        "has_nursing_area": false,
        "has_playground": false,
        "id": "6056DF41-9EBB-4FE9-AFB2-33DE2AC33D86",
        "is_wheelchair_accessible": true,
        "name": "Åhléns",
        "notes": "",
        "verified": false
      }
    },
    {
      "type": "Feature",
      "geometry": {
        "coordinates": [
          18.1347203,
          59.2789172
        ],
        "type": "Point"
      },
      "properties": {
        "category": "playground",
        "description": "",
        "has_changing_area": false,
        "has_child_seats": false,
        "has_nursing_area": false,
        "has_playground": true,
        "id": "A1B5EE79-9BEB-4082-8AC0-77889399EC01",
        "is_wheelchair_accessible": false,
        "name": "Linbanan",
        "notes": "",
        "verified": false
      }
    },
    {
      "type": "Feature",
      "geometry": {
        "coordinates": [
          14.8729477,
          59.1745962
        ],
        "type": "Point"
      },
      "properties": {
        "category": "playground",
        "description": "",
        "has_changing_area": false,
        "has_child_seats": false,
        "has_nursing_area": false,
        "has_playground": true,
        "id": "7FCD1A8E-CB61-4674-A59F-AC456C32AEA4",
        "is_wheelchair_accessible": false,
        "name": "Sandlåda",
        "notes": "",
        "verified": false
      }
    },
    {
      "type": "Feature",
      "geometry": {
        "coordinates": [
          15.665779,
          60.62114
        ],
        "type": "Point"
      },
      "properties": {
        "category": "other",
        "description": "",
        "has_changing_area": true,
        "has_child_seats": false,
        "has_nursing_area": false,
        "has_playground": false,
        "id": "52181988-1ECC-4D70-8416-493769113EA4",
        "is_wheelchair_accessible": true,
        "name": "Public toilets (with changing table)",
        "notes": "",
        "verified": false
      }
    },
    {
      "type": "Feature",
      "geometry": {
        "coordinates": [
          18.1095399,
          59.5239263
        ],
        "type": "Point"
      },
      "properties": {
        "category": "playground",
        "description": "",
        "has_changing_area": false,
        "has_child_seats": false,
        "has_nursing_area": false,
        "has_playground": true,
        "id": "0D5877AC-8D12-4778-A067-A73166275F21",
        "is_wheelchair_accessible": false,
        "name": "Skoggläntanslekplats",
        "notes": "",
        "verified": false
      }
    },
    {
      "type": "Feature",
      "geometry": {
        "coordinates": [
          13.4520957,
          59.4228552
        ],
        "type": "Point"
      },
      "properties": {
        "category": "playground",
        "description": "",
        "has_changing_area": false,
        "has_child_seats": false,
        "has_nursing_area": false,
        "has_playground": true,
        "id": "72163385-7516-4F46-80CE-7E6E95860996",
        "is_wheelchair_accessible": false,
        "name": "Liftvägens lekplats",
        "notes": "",
        "verified": false
      }
    },
    {
      "type": "Feature",
      "geometry": {
        "coordinates": [
          18.0879968,
          59.3354232
        ],
        "type": "Point"
      },
      "properties": {
        "category": "playground",
        "description": "",
        "has_changing_area": false,
        "has_child_seats": false,
        "has_nursing_area": false,
        "has_playground": true,
        "id": "82A3E2C4-DFAD-4EFE-808B-8B4BB32F8B25",
        "is_wheelchair_accessible": false,
        "name": "Krubbans lekplats",
        "notes": "",
        "verified": false
      }
    },
    {
      "type": "Feature",
      "geometry": {
        "coordinates": [
          17.9989698,
          59.3606754
        ],
        "type": "Point"
      },
      "properties": {
        "category": "playground",
        "description": "",
        "has_changing_area": false,
        "has_child_seats": false,
        "has_nursing_area": false,
        "has_playground": true,
        "id": "48760407-9DB7-4CAF-B32E-0BB96F4713AF",
        "is_wheelchair_accessible": false,
        "name": "Kojan",
        "notes": "",
        "verified": false
      }
    },
    {
      "type": "Feature",
      "geometry": {
        "coordinates": [
          17.6656091,
          59.8611894
        ],
        "type": "Point"
      },
      "properties": {
        "category": "playground",
        "description": "",
        "has_changing_area": false,
        "has_child_seats": false,
        "has_nursing_area": false,
        "has_playground": true,
        "id": "BD5137D0-2DB8-47D0-9CE1-54EDCF344A38",
        "is_wheelchair_accessible": false,
        "name": "Cirkusparken",
        "notes": "",
        "verified": false
      }
    },
    {
      "type": "Feature",
      "geometry": {
        "coordinates": [
          18.610476,
          60.0305079
        ],
        "type": "Point"
      },
      "properties": {
        "category": "playground",
        "description": "",
        "has_changing_area": false,
        "has_child_seats": false,
        "has_nursing_area": false,
        "has_playground": true,
        "id": "F15AAB63-4C00-4832-A4EC-19A6636CDD77",
        "is_wheelchair_accessible": false,
        "name": "Sjölundshagens lekplats",
        "notes": "",
        "verified": false
      }
    },
    {
      "type": "Feature",
      "geometry": {
        "coordinates": [
          13.7111723,
          59.5969662
        ],
        "type": "Point"
      },
      "properties": {
        "category": "playground",
        "description": "",
        "has_changing_area": false,
        "has_child_seats": false,
        "has_nursing_area": false,
        "has_playground": true,
        "id": "B7186781-B327-4977-9805-13E5961116F3",
        "is_wheelchair_accessible": false,
        "name": "Graninge lekplats",
        "notes": "",
        "verified": false
      }
    },
    {
      "type": "Feature",
      "geometry": {
        "coordinates": [
          18.0392656,
          59.2847483
        ],
        "type": "Point"
      },
      "properties": {
        "category": "playground",
        "description": "",
        "has_changing_area": false,
        "has_child_seats": false,
        "has_nursing_area": false,
        "has_playground": true,
        "id": "6804624A-9E04-48DF-8879-6FF445C0FC28",
        "is_wheelchair_accessible": false,
        "name": "Stamparkens parklek",
        "notes": "",
        "verified": false
      }
    },
    {
      "type": "Feature",
      "geometry": {
        "coordinates": [
          18.0029482,
          59.3715891
        ],
        "type": "Point"
      },
      "properties": {
        "category": "other",
        "description": "",
        "has_changing_area": true,
        "has_child_seats": false,
        "has_nursing_area": false,
        "has_playground": false,
        "id": "7EF0E67B-5242-4F67-9FE7-B276806A81C4",
        "is_wheelchair_accessible": false,
        "name": "Facility (with changing table)",
        "notes": "",
        "verified": false
      }
    },
    {
      "type": "Feature",
      "geometry": {
        "coordinates": [
          20.327565,
          63.8353318
        ],
        "type": "Point"
      },
      "properties": {
        "category": "playground",
        "description": "",
        "has_changing_area": false,
        "has_child_seats": false,
        "has_nursing_area": false,
        "has_playground": true,
        "id": "BA27220F-0705-49E9-B685-3B7159CA932C",
        "is_wheelchair_accessible": false,
        "name": "Marie skolpark",
        "notes": "",
        "verified": false
      }
    },
    {
      "type": "Feature",
      "geometry": {
        "coordinates": [
          16.6358569,
          60.4411084
        ],
        "type": "Point"
      },
      "properties": {
        "category": "cafe",
        "description": "",
        "has_changing_area": true,
        "has_child_seats": false,
        "has_nursing_area": false,
        "has_playground": false,
        "id": "B81EC527-4D2B-428E-AE4B-A7D637ACE69F",
        "is_wheelchair_accessible": false,
        "name": "Gammelstilla Café",
        "notes": "",
        "verified": false
      }
    },
    {
      "type": "Feature",
      "geometry": {
        "coordinates": [
          18.0510002,
          59.2497841
        ],
        "type": "Point"
      },
      "properties": {
        "category": "playground",
        "description": "",
        "has_changing_area": false,
        "has_child_seats": false,
        "has_nursing_area": false,
        "has_playground": true,
        "id": "A173BA2D-6E9D-45E5-8D1D-8AA7A92480F7",
        "is_wheelchair_accessible": false,
        "name": "Lekplatsen Skrattmåsv. 21",
        "notes": "",
        "verified": false
      }
    },
    {
      "type": "Feature",
      "geometry": {
        "coordinates": [
          17.9766677,
          59.3823891
        ],
        "type": "Point"
      },
      "properties": {
        "category": "playground",
        "description": "",
        "has_changing_area": false,
        "has_child_seats": false,
        "has_nursing_area": false,
        "has_playground": true,
        "id": "014A7C78-6B7E-40A9-85D5-30F63B3A5027",
        "is_wheelchair_accessible": false,
        "name": "Brotorps lekplats",
        "notes": "",
        "verified": false
      }
    },
    {
      "type": "Feature",
      "geometry": {
        "coordinates": [
          17.5729101,
          59.9570085
        ],
        "type": "Point"
      },
      "properties": {
        "category": "playground",
        "description": "",
        "has_changing_area": false,
        "has_child_seats": false,
        "has_nursing_area": false,
        "has_playground": true,
        "id": "DA9D40DE-CD77-4B00-9CF1-2EA6892180C2",
        "is_wheelchair_accessible": false,
        "name": "Blåtistelvägens lekplats",
        "notes": "",
        "verified": false
      }
    },
    {
      "type": "Feature",
      "geometry": {
        "coordinates": [
          20.9736235,
          64.7627347
        ],
        "type": "Point"
      },
      "properties": {
        "category": "other",
        "description": "",
        "has_changing_area": true,
        "has_child_seats": false,
        "has_nursing_area": false,
        "has_playground": false,
        "id": "FE3F82A9-AED0-4462-95D0-9FE70C0B09E5",
        "is_wheelchair_accessible": true,
        "name": "Public toilets (with changing table)",
        "notes": "",
        "verified": false
      }
    },
    {
      "type": "Feature",
      "geometry": {
        "coordinates": [
          20.3233741,
          63.8375068
        ],
        "type": "Point"
      },
      "properties": {
        "category": "playground",
        "description": "",
        "has_changing_area": false,
        "has_child_seats": false,
        "has_nursing_area": false,
        "has_playground": true,
        "id": "E63A3475-CDD6-42DA-AAA4-E928F3B59BB4",
        "is_wheelchair_accessible": false,
        "name": "Duvslagsparken",
        "notes": "",
        "verified": false
      }
    },
    {
      "type": "Feature",
      "geometry": {
        "coordinates": [
          13.4995826,
          59.3780147
        ],
        "type": "Point"
      },
      "properties": {
        "category": "other",
        "description": "",
        "has_changing_area": true,
        "has_child_seats": false,
        "has_nursing_area": false,
        "has_playground": false,
        "id": "20FB46B1-AFC7-4008-89E0-D2CCFACE67F0",
        "is_wheelchair_accessible": false,
        "name": "Public toilets (with changing table)",
        "notes": "",
        "verified": false
      }
    },
    {
      "type": "Feature",
      "geometry": {
        "coordinates": [
          13.4315907,
          59.431723
        ],
        "type": "Point"
      },
      "properties": {
        "category": "playground",
        "description": "",
        "has_changing_area": false,
        "has_child_seats": false,
        "has_nursing_area": false,
        "has_playground": true,
        "id": "73B08048-E186-4056-8B6D-5EE25EE3B3EE",
        "is_wheelchair_accessible": false,
        "name": "Granvikens lekplats",
        "notes": "",
        "verified": false
      }
    },
    {
      "type": "Feature",
      "geometry": {
        "coordinates": [
          15.5286086,
          58.4171304
        ],
        "type": "Point"
      },
      "properties": {
        "category": "other",
        "description": "",
        "has_changing_area": true,
        "has_child_seats": false,
        "has_nursing_area": false,
        "has_playground": false,
        "id": "667E9E8A-5E05-4C58-BA55-7F0235D0B0DE",
        "is_wheelchair_accessible": true,
        "name": "Public toilets (with changing table)",
        "notes": "",
        "verified": false
      }
    },
    {
      "type": "Feature",
      "geometry": {
        "coordinates": [
          18.0879199,
          59.5374089
        ],
        "type": "Point"
      },
      "properties": {
        "category": "playground",
        "description": "",
        "has_changing_area": false,
        "has_child_seats": false,
        "has_nursing_area": false,
        "has_playground": true,
        "id": "7821DD18-A6FC-437E-82D7-42C74EE92D13",
        "is_wheelchair_accessible": false,
        "name": "Lekplats",
        "notes": "",
        "verified": false
      }
    },
    {
      "type": "Feature",
      "geometry": {
        "coordinates": [
          16.9617685,
          59.9375687
        ],
        "type": "Point"
      },
      "properties": {
        "category": "playground",
        "description": "",
        "has_changing_area": false,
        "has_child_seats": false,
        "has_nursing_area": false,
        "has_playground": true,
        "id": "43A1186E-667D-4BF2-98AF-77B17975E3F6",
        "is_wheelchair_accessible": false,
        "name": "Play and green area for all ages",
        "notes": "",
        "verified": false
      }
    },
    {
      "type": "Feature",
      "geometry": {
        "coordinates": [
          20.3482296,
          63.8077026
        ],
        "type": "Point"
      },
      "properties": {
        "category": "playground",
        "description": "",
        "has_changing_area": false,
        "has_child_seats": false,
        "has_nursing_area": false,
        "has_playground": true,
        "id": "3C3A3AF7-1469-4FC2-A791-8F4B30531B54",
        "is_wheelchair_accessible": false,
        "name": "Äventyrslekplats",
        "notes": "",
        "verified": false
      }
    },
    {
      "type": "Feature",
      "geometry": {
        "coordinates": [
          17.6003174,
          59.7727319
        ],
        "type": "Point"
      },
      "properties": {
        "category": "playground",
        "description": "",
        "has_changing_area": false,
        "has_child_seats": false,
        "has_nursing_area": false,
        "has_playground": true,
        "id": "553BEB62-4509-4202-9850-56DBD21B2EC8",
        "is_wheelchair_accessible": false,
        "name": "Midsommarängen",
        "notes": "",
        "verified": false
      }
    },
    {
      "type": "Feature",
      "geometry": {
        "coordinates": [
          17.5507278,
          59.8501985
        ],
        "type": "Point"
      },
      "properties": {
        "category": "playground",
        "description": "",
        "has_changing_area": false,
        "has_child_seats": false,
        "has_nursing_area": false,
        "has_playground": true,
        "id": "C9FB5392-1CB7-48B3-B9E3-B4863BEDD8F3",
        "is_wheelchair_accessible": false,
        "name": "Naturstensparkens lekplats",
        "notes": "",
        "verified": false
      }
    },
    {
      "type": "Feature",
      "geometry": {
        "coordinates": [
          18.6882701,
          59.7749849
        ],
        "type": "Point"
      },
      "properties": {
        "category": "playground",
        "description": "",
        "has_changing_area": false,
        "has_child_seats": false,
        "has_nursing_area": false,
        "has_playground": true,
        "id": "E37A66AF-9B7D-43AE-863F-B714855DED35",
        "is_wheelchair_accessible": false,
        "name": "Barnens Färsna",
        "notes": "",
        "verified": false
      }
    },
    {
      "type": "Feature",
      "geometry": {
        "coordinates": [
          19.8308793,
          63.9152004
        ],
        "type": "Point"
      },
      "properties": {
        "category": "playground",
        "description": "",
        "has_changing_area": false,
        "has_child_seats": false,
        "has_nursing_area": false,
        "has_playground": true,
        "id": "28160E10-9290-4D72-B15E-6A6D95B8B57A",
        "is_wheelchair_accessible": false,
        "name": "Lekplats Kvarnstigen",
        "notes": "",
        "verified": false
      }
    },
    {
      "type": "Feature",
      "geometry": {
        "coordinates": [
          13.6796627,
          59.4136154
        ],
        "type": "Point"
      },
      "properties": {
        "category": "playground",
        "description": "",
        "has_changing_area": false,
        "has_child_seats": false,
        "has_nursing_area": false,
        "has_playground": true,
        "id": "290B6B12-F79D-4022-BD75-186620CA4EF9",
        "is_wheelchair_accessible": false,
        "name": "Wilhelm Ostermans lekplats",
        "notes": "",
        "verified": false
      }
    },
    {
      "type": "Feature",
      "geometry": {
        "coordinates": [
          18.8669255,
          63.6900419
        ],
        "type": "Point"
      },
      "properties": {
        "category": "playground",
        "description": "",
        "has_changing_area": false,
        "has_child_seats": false,
        "has_nursing_area": false,
        "has_playground": true,
        "id": "65831531-2F9B-4635-8E64-51A2E9BDCA3B",
        "is_wheelchair_accessible": false,
        "name": "Lekstuga",
        "notes": "",
        "verified": false
      }
    },
    {
      "type": "Feature",
      "geometry": {
        "coordinates": [
          17.1226097,
          60.6578756
        ],
        "type": "Point"
      },
      "properties": {
        "category": "playground",
        "description": "",
        "has_changing_area": false,
        "has_child_seats": false,
        "has_nursing_area": false,
        "has_playground": true,
        "id": "707D3707-FF2E-4B83-A94F-FCAA5DD1D8A4",
        "is_wheelchair_accessible": false,
        "name": "Almvägen",
        "notes": "",
        "verified": false
      }
    },
    {
      "type": "Feature",
      "geometry": {
        "coordinates": [
          18.0623335,
          59.3184435
        ],
        "type": "Point"
      },
      "properties": {
        "category": "other",
        "description": "",
        "has_changing_area": true,
        "has_child_seats": false,
        "has_nursing_area": false,
        "has_playground": false,
        "id": "10B2ABC5-D2E6-44C7-8D94-4E14FD985BD4",
        "is_wheelchair_accessible": true,
        "name": "Public toilets (with changing table)",
        "notes": "",
        "verified": false
      }
    },
    {
      "type": "Feature",
      "geometry": {
        "coordinates": [
          17.9013789,
          59.464273
        ],
        "type": "Point"
      },
      "properties": {
        "category": "playground",
        "description": "",
        "has_changing_area": false,
        "has_child_seats": false,
        "has_nursing_area": false,
        "has_playground": true,
        "id": "7E6175EC-4030-41CF-82BA-C46AA6E51336",
        "is_wheelchair_accessible": false,
        "name": "Lekområde 14",
        "notes": "",
        "verified": false
      }
    },
    {
      "type": "Feature",
      "geometry": {
        "coordinates": [
          11.170547,
          58.9352833
        ],
        "type": "Point"
      },
      "properties": {
        "category": "other",
        "description": "",
        "has_changing_area": true,
        "has_child_seats": false,
        "has_nursing_area": false,
        "has_playground": false,
        "id": "4AA121CF-0B54-42D9-9A91-0105297FF6CB",
        "is_wheelchair_accessible": true,
        "name": "Public toilets (with changing table)",
        "notes": "",
        "verified": false
      }
    },
    {
      "type": "Feature",
      "geometry": {
        "coordinates": [
          18.046408,
          59.3276357
        ],
        "type": "Point"
      },
      "properties": {
        "category": "playground",
        "description": "",
        "has_changing_area": false,
        "has_child_seats": false,
        "has_nursing_area": false,
        "has_playground": true,
        "id": "CA95C4FC-577F-44F1-BBB0-31542D90B26F",
        "is_wheelchair_accessible": false,
        "name": "Kungsholms hamnplan",
        "notes": "",
        "verified": false
      }
    },
    {
      "type": "Feature",
      "geometry": {
        "coordinates": [
          12.6818715,
          58.3372594
        ],
        "type": "Point"
      },
      "properties": {
        "category": "playground",
        "description": "",
        "has_changing_area": false,
        "has_child_seats": false,
        "has_nursing_area": false,
        "has_playground": true,
        "id": "FC0E362E-30C3-4600-AC00-0982F0CE5509",
        "is_wheelchair_accessible": false,
        "name": "Big Playground",
        "notes": "",
        "verified": false
      }
    },
    {
      "type": "Feature",
      "geometry": {
        "coordinates": [
          17.8110415,
          59.428172
        ],
        "type": "Point"
      },
      "properties": {
        "category": "playground",
        "description": "",
        "has_changing_area": false,
        "has_child_seats": false,
        "has_nursing_area": false,
        "has_playground": true,
        "id": "49C2C410-D904-4386-B41C-B3B6E80E1968",
        "is_wheelchair_accessible": false,
        "name": "Semesterparken",
        "notes": "",
        "verified": false
      }
    },
    {
      "type": "Feature",
      "geometry": {
        "coordinates": [
          15.0667385,
          58.9966882
        ],
        "type": "Point"
      },
      "properties": {
        "category": "playground",
        "description": "",
        "has_changing_area": false,
        "has_child_seats": false,
        "has_nursing_area": false,
        "has_playground": true,
        "id": "0B704B26-109B-42D1-AFB6-C424BC482E36",
        "is_wheelchair_accessible": false,
        "name": "Spontanlekplats",
        "notes": "",
        "verified": false
      }
    },
    {
      "type": "Feature",
      "geometry": {
        "coordinates": [
          13.1420708,
          59.3671586
        ],
        "type": "Point"
      },
      "properties": {
        "category": "other",
        "description": "",
        "has_changing_area": true,
        "has_child_seats": false,
        "has_nursing_area": false,
        "has_playground": false,
        "id": "3BCA78E1-0BC5-4D64-AD39-9B5548215B5A",
        "is_wheelchair_accessible": true,
        "name": "Public toilets (with changing table)",
        "notes": "",
        "verified": false
      }
    },
    {
      "type": "Feature",
      "geometry": {
        "coordinates": [
          17.9067751,
          59.4629195
        ],
        "type": "Point"
      },
      "properties": {
        "category": "playground",
        "description": "",
        "has_changing_area": false,
        "has_child_seats": false,
        "has_nursing_area": false,
        "has_playground": true,
        "id": "0D79B431-33DB-4A3F-9273-5C4B9E6B2AA2",
        "is_wheelchair_accessible": false,
        "name": "Lekområde 4",
        "notes": "",
        "verified": false
      }
    },
    {
      "type": "Feature",
      "geometry": {
        "coordinates": [
          16.5871849,
          59.0554585
        ],
        "type": "Point"
      },
      "properties": {
        "category": "playground",
        "description": "",
        "has_changing_area": false,
        "has_child_seats": false,
        "has_nursing_area": false,
        "has_playground": true,
        "id": "84E7069A-E4D8-4E89-8DDF-ADE0BE6582DE",
        "is_wheelchair_accessible": false,
        "name": "Sveaparkens lekplats",
        "notes": "",
        "verified": false
      }
    },
    {
      "type": "Feature",
      "geometry": {
        "coordinates": [
          15.5884493,
          60.4079174
        ],
        "type": "Point"
      },
      "properties": {
        "category": "playground",
        "description": "",
        "has_changing_area": false,
        "has_child_seats": false,
        "has_nursing_area": false,
        "has_playground": true,
        "id": "CDC8BDBC-7DA4-4F86-B0E7-5CF5C8E9209C",
        "is_wheelchair_accessible": false,
        "name": "Kittvägen",
        "notes": "",
        "verified": false
      }
    },
    {
      "type": "Feature",
      "geometry": {
        "coordinates": [
          22.2476548,
          65.5856223
        ],
        "type": "Point"
      },
      "properties": {
        "category": "playground",
        "description": "",
        "has_changing_area": false,
        "has_child_seats": false,
        "has_nursing_area": false,
        "has_playground": true,
        "id": "7E9BDAFC-87CA-491B-8625-7365B2C7E184",
        "is_wheelchair_accessible": false,
        "name": "Drevstigens lekplats",
        "notes": "",
        "verified": false
      }
    },
    {
      "type": "Feature",
      "geometry": {
        "coordinates": [
          19.4327923,
          63.5462392
        ],
        "type": "Point"
      },
      "properties": {
        "category": "playground",
        "description": "",
        "has_changing_area": false,
        "has_child_seats": false,
        "has_nursing_area": false,
        "has_playground": true,
        "id": "CDD66520-8A8A-436E-AF6D-1A37C12C3563",
        "is_wheelchair_accessible": false,
        "name": "Fjärdängens lekpark",
        "notes": "",
        "verified": false
      }
    },
    {
      "type": "Feature",
      "geometry": {
        "coordinates": [
          13.4905248,
          59.7201708
        ],
        "type": "Point"
      },
      "properties": {
        "category": "playground",
        "description": "",
        "has_changing_area": false,
        "has_child_seats": false,
        "has_nursing_area": false,
        "has_playground": true,
        "id": "DB76ECA0-8080-44D9-B598-1A87FC0DE6F6",
        "is_wheelchair_accessible": false,
        "name": "Olsäters skolas lekplats",
        "notes": "",
        "verified": false
      }
    },
    {
      "type": "Feature",
      "geometry": {
        "coordinates": [
          14.532229,
          59.781149
        ],
        "type": "Point"
      },
      "properties": {
        "category": "playground",
        "description": "",
        "has_changing_area": false,
        "has_child_seats": false,
        "has_nursing_area": false,
        "has_playground": true,
        "id": "DE4F4276-0224-4B73-B523-AC5FB31C1851",
        "is_wheelchair_accessible": false,
        "name": "Cashilla",
        "notes": "",
        "verified": false
      }
    },
    {
      "type": "Feature",
      "geometry": {
        "coordinates": [
          17.9612046,
          59.2754336
        ],
        "type": "Point"
      },
      "properties": {
        "category": "playground",
        "description": "",
        "has_changing_area": false,
        "has_child_seats": false,
        "has_nursing_area": false,
        "has_playground": true,
        "id": "9DEBAFCE-FF49-4082-9057-5DA154160A10",
        "is_wheelchair_accessible": false,
        "name": "Storhagen",
        "notes": "",
        "verified": false
      }
    },
    {
      "type": "Feature",
      "geometry": {
        "coordinates": [
          17.9873503,
          59.2409662
        ],
        "type": "Point"
      },
      "properties": {
        "category": "playground",
        "description": "",
        "has_changing_area": false,
        "has_child_seats": false,
        "has_nursing_area": false,
        "has_playground": true,
        "id": "45B79165-7AB9-455A-8F86-F649BC279668",
        "is_wheelchair_accessible": false,
        "name": "Rådsparken",
        "notes": "",
        "verified": false
      }
    },
    {
      "type": "Feature",
      "geometry": {
        "coordinates": [
          14.3912252,
          59.4381645
        ],
        "type": "Point"
      },
      "properties": {
        "category": "playground",
        "description": "",
        "has_changing_area": false,
        "has_child_seats": false,
        "has_nursing_area": false,
        "has_playground": true,
        "id": "AC102DA2-C130-41B9-8C1A-8F6D0F1FD211",
        "is_wheelchair_accessible": false,
        "name": "Kyrksten lekplats",
        "notes": "",
        "verified": false
      }
    },
    {
      "type": "Feature",
      "geometry": {
        "coordinates": [
          18.7800016,
          63.2660634
        ],
        "type": "Point"
      },
      "properties": {
        "category": "playground",
        "description": "",
        "has_changing_area": false,
        "has_child_seats": false,
        "has_nursing_area": false,
        "has_playground": true,
        "id": "FCFDBA2C-3C82-49C5-A76F-16B17B75AD14",
        "is_wheelchair_accessible": false,
        "name": "Relingsvägens lekpark",
        "notes": "",
        "verified": false
      }
    },
    {
      "type": "Feature",
      "geometry": {
        "coordinates": [
          17.900692,
          59.3604482
        ],
        "type": "Point"
      },
      "properties": {
        "category": "playground",
        "description": "",
        "has_changing_area": false,
        "has_child_seats": false,
        "has_nursing_area": false,
        "has_playground": true,
        "id": "A7E7D5F4-7BB9-471C-9386-772E967D5D8E",
        "is_wheelchair_accessible": false,
        "name": "Klätterställningen",
        "notes": "",
        "verified": false
      }
    },
    {
      "type": "Feature",
      "geometry": {
        "coordinates": [
          17.6392214,
          59.7910248
        ],
        "type": "Point"
      },
      "properties": {
        "category": "playground",
        "description": "",
        "has_changing_area": false,
        "has_child_seats": false,
        "has_nursing_area": false,
        "has_playground": true,
        "id": "138E2C4D-ADB4-4030-AA74-04053457FA25",
        "is_wheelchair_accessible": false,
        "name": "Svankärrsparken",
        "notes": "",
        "verified": false
      }
    },
    {
      "type": "Feature",
      "geometry": {
        "coordinates": [
          20.280995,
          63.8422792
        ],
        "type": "Point"
      },
      "properties": {
        "category": "playground",
        "description": "",
        "has_changing_area": false,
        "has_child_seats": false,
        "has_nursing_area": false,
        "has_playground": true,
        "id": "3DEFD6DE-829C-4CFF-A31A-68C91635712F",
        "is_wheelchair_accessible": false,
        "name": "Brånparken",
        "notes": "",
        "verified": false
      }
    },
    {
      "type": "Feature",
      "geometry": {
        "coordinates": [
          18.0882448,
          59.2636478
        ],
        "type": "Point"
      },
      "properties": {
        "category": "playground",
        "description": "",
        "has_changing_area": false,
        "has_child_seats": false,
        "has_nursing_area": false,
        "has_playground": true,
        "id": "3F209440-679C-4A9E-A3B6-A6BA87A90176",
        "is_wheelchair_accessible": false,
        "name": "Flygplanet",
        "notes": "",
        "verified": false
      }
    },
    {
      "type": "Feature",
      "geometry": {
        "coordinates": [
          17.8791699,
          59.2520647
        ],
        "type": "Point"
      },
      "properties": {
        "category": "playground",
        "description": "",
        "has_changing_area": false,
        "has_child_seats": false,
        "has_nursing_area": false,
        "has_playground": true,
        "id": "2C72C71D-F338-460D-BE24-D2A84C9A5A00",
        "is_wheelchair_accessible": false,
        "name": "Solhagavägen 28",
        "notes": "",
        "verified": false
      }
    },
    {
      "type": "Feature",
      "geometry": {
        "coordinates": [
          17.9456204,
          59.3714985
        ],
        "type": "Point"
      },
      "properties": {
        "category": "playground",
        "description": "",
        "has_changing_area": false,
        "has_child_seats": false,
        "has_nursing_area": false,
        "has_playground": true,
        "id": "228498C2-D6CE-4C38-84E9-9A97D35072EF",
        "is_wheelchair_accessible": false,
        "name": "Lodetparken",
        "notes": "",
        "verified": false
      }
    },
    {
      "type": "Feature",
      "geometry": {
        "coordinates": [
          20.3102496,
          67.8483105
        ],
        "type": "Point"
      },
      "properties": {
        "category": "cafe",
        "description": "",
        "has_changing_area": false,
        "has_child_seats": true,
        "has_nursing_area": false,
        "has_playground": false,
        "id": "D213684B-0CF1-4FC9-B8A9-F6A52FD193F5",
        "is_wheelchair_accessible": true,
        "name": "Annis",
        "notes": "",
        "verified": false
      }
    },
    {
      "type": "Feature",
      "geometry": {
        "coordinates": [
          11.3466252,
          58.7223078
        ],
        "type": "Point"
      },
      "properties": {
        "category": "other",
        "description": "",
        "has_changing_area": true,
        "has_child_seats": false,
        "has_nursing_area": false,
        "has_playground": false,
        "id": "1278CFC6-757B-4F13-A177-7DE1D1D4C32D",
        "is_wheelchair_accessible": true,
        "name": "Tanum Shoppingcenter",
        "notes": "",
        "verified": false
      }
    },
    {
      "type": "Feature",
      "geometry": {
        "coordinates": [
          17.14192,
          60.6521438
        ],
        "type": "Point"
      },
      "properties": {
        "category": "playground",
        "description": "",
        "has_changing_area": false,
        "has_child_seats": false,
        "has_nursing_area": false,
        "has_playground": true,
        "id": "AB3D2B7F-0031-4365-B40E-217480C60FC7",
        "is_wheelchair_accessible": false,
        "name": "Tellusparken",
        "notes": "",
        "verified": false
      }
    },
    {
      "type": "Feature",
      "geometry": {
        "coordinates": [
          17.5763427,
          59.9559026
        ],
        "type": "Point"
      },
      "properties": {
        "category": "playground",
        "description": "",
        "has_changing_area": false,
        "has_child_seats": false,
        "has_nursing_area": false,
        "has_playground": true,
        "id": "1BF0A19C-1AC5-4A45-BA65-2B3DACE27197",
        "is_wheelchair_accessible": false,
        "name": "Lövstalöts lekplats",
        "notes": "",
        "verified": false
      }
    },
    {
      "type": "Feature",
      "geometry": {
        "coordinates": [
          17.6153965,
          59.8260084
        ],
        "type": "Point"
      },
      "properties": {
        "category": "playground",
        "description": "",
        "has_changing_area": false,
        "has_child_seats": false,
        "has_nursing_area": false,
        "has_playground": true,
        "id": "57488BE9-0D2C-4ED9-B678-43654DE2DB77",
        "is_wheelchair_accessible": false,
        "name": "I målarens trädgård",
        "notes": "",
        "verified": false
      }
    },
    {
      "type": "Feature",
      "geometry": {
        "coordinates": [
          18.1328479,
          59.2695011
        ],
        "type": "Point"
      },
      "properties": {
        "category": "playground",
        "description": "",
        "has_changing_area": false,
        "has_child_seats": false,
        "has_nursing_area": false,
        "has_playground": true,
        "id": "14E53B83-5D25-4D85-BAB5-F5C23F4A1ABB",
        "is_wheelchair_accessible": false,
        "name": "Skarpaby parklek",
        "notes": "",
        "verified": false
      }
    },
    {
      "type": "Feature",
      "geometry": {
        "coordinates": [
          11.818838,
          58.3559205
        ],
        "type": "Point"
      },
      "properties": {
        "category": "cafe",
        "description": "",
        "has_changing_area": true,
        "has_child_seats": true,
        "has_nursing_area": false,
        "has_playground": true,
        "id": "0099C44A-6FFB-472B-A3BA-ED2249209050",
        "is_wheelchair_accessible": true,
        "name": "IKEA Bistro",
        "notes": "",
        "verified": false
      }
    },
    {
      "type": "Feature",
      "geometry": {
        "coordinates": [
          12.2947393,
          58.2906593
        ],
        "type": "Point"
      },
      "properties": {
        "category": "other",
        "description": "",
        "has_changing_area": true,
        "has_child_seats": false,
        "has_nursing_area": false,
        "has_playground": false,
        "id": "4BBBE27A-B1D4-4CC3-9096-343A6B646A1D",
        "is_wheelchair_accessible": true,
        "name": "Public toilets (with changing table)",
        "notes": "",
        "verified": false
      }
    },
    {
      "type": "Feature",
      "geometry": {
        "coordinates": [
          18.0958703,
          59.3445698
        ],
        "type": "Point"
      },
      "properties": {
        "category": "playground",
        "description": "",
        "has_changing_area": false,
        "has_child_seats": false,
        "has_nursing_area": false,
        "has_playground": true,
        "id": "1CB41763-D359-4E07-9D31-1AA89660A266",
        "is_wheelchair_accessible": false,
        "name": "Tessinparkens parklek",
        "notes": "",
        "verified": false
      }
    },
    {
      "type": "Feature",
      "geometry": {
        "coordinates": [
          16.5350192,
          58.8357972
        ],
        "type": "Point"
      },
      "properties": {
        "category": "playground",
        "description": "",
        "has_changing_area": false,
        "has_child_seats": false,
        "has_nursing_area": false,
        "has_playground": true,
        "id": "28A86D44-46E4-4E8E-8047-0A3AF59AE2A4",
        "is_wheelchair_accessible": false,
        "name": "Sandviks Lekplats",
        "notes": "",
        "verified": false
      }
    },
    {
      "type": "Feature",
      "geometry": {
        "coordinates": [
          18.350467,
          59.4055295
        ],
        "type": "Point"
      },
      "properties": {
        "category": "other",
        "description": "",
        "has_changing_area": true,
        "has_child_seats": false,
        "has_nursing_area": false,
        "has_playground": false,
        "id": "E8D8C84E-1BE9-4AC2-B117-22298F211989",
        "is_wheelchair_accessible": true,
        "name": "Public toilets (with changing table)",
        "notes": "",
        "verified": false
      }
    },
    {
      "type": "Feature",
      "geometry": {
        "coordinates": [
          17.6709889,
          59.1896889
        ],
        "type": "Point"
      },
      "properties": {
        "category": "playground",
        "description": "",
        "has_changing_area": false,
        "has_child_seats": false,
        "has_nursing_area": false,
        "has_playground": true,
        "id": "C991759F-C088-4CA6-A6F8-A3E1832EAF85",
        "is_wheelchair_accessible": false,
        "name": "Kummelvägens lekplats",
        "notes": "",
        "verified": false
      }
    },
    {
      "type": "Feature",
      "geometry": {
        "coordinates": [
          15.6323719,
          60.6056574
        ],
        "type": "Point"
      },
      "properties": {
        "category": "other",
        "description": "",
        "has_changing_area": true,
        "has_child_seats": false,
        "has_nursing_area": false,
        "has_playground": false,
        "id": "A9F0AF37-B887-4754-B25A-4C7ED36C00F5",
        "is_wheelchair_accessible": true,
        "name": "Bergströms galleria",
        "notes": "",
        "verified": false
      }
    },
    {
      "type": "Feature",
      "geometry": {
        "coordinates": [
          13.433642,
          59.3907917
        ],
        "type": "Point"
      },
      "properties": {
        "category": "playground",
        "description": "",
        "has_changing_area": false,
        "has_child_seats": false,
        "has_nursing_area": false,
        "has_playground": true,
        "id": "CEA8AAD8-7992-4740-AA02-7EE3DC269593",
        "is_wheelchair_accessible": false,
        "name": "Olsmässvägens lekplats",
        "notes": "",
        "verified": false
      }
    },
    {
      "type": "Feature",
      "geometry": {
        "coordinates": [
          18.3951124,
          59.3374985
        ],
        "type": "Point"
      },
      "properties": {
        "category": "playground",
        "description": "",
        "has_changing_area": false,
        "has_child_seats": false,
        "has_nursing_area": false,
        "has_playground": true,
        "id": "3140109B-3D54-42E3-90DF-F92026E16F8C",
        "is_wheelchair_accessible": false,
        "name": "Nedre lekplatsen",
        "notes": "",
        "verified": false
      }
    },
    {
      "type": "Feature",
      "geometry": {
        "coordinates": [
          18.0567025,
          59.3422324
        ],
        "type": "Point"
      },
      "properties": {
        "category": "other",
        "description": "",
        "has_changing_area": true,
        "has_child_seats": false,
        "has_nursing_area": false,
        "has_playground": false,
        "id": "F789C1C9-B52A-4475-B4F0-5EA8FC2D3612",
        "is_wheelchair_accessible": true,
        "name": "Public toilets (with changing table)",
        "notes": "",
        "verified": false
      }
    },
    {
      "type": "Feature",
      "geometry": {
        "coordinates": [
          17.5258823,
          65.5345025
        ],
        "type": "Point"
      },
      "properties": {
        "category": "other",
        "description": "",
        "has_changing_area": true,
        "has_child_seats": false,
        "has_nursing_area": false,
        "has_playground": false,
        "id": "FD56D33C-D26B-4449-9D0D-5570A0B52EF9",
        "is_wheelchair_accessible": false,
        "name": "Public toilets (with changing table)",
        "notes": "",
        "verified": false
      }
    },
    {
      "type": "Feature",
      "geometry": {
        "coordinates": [
          13.505415,
          59.3901317
        ],
        "type": "Point"
      },
      "properties": {
        "category": "playground",
        "description": "",
        "has_changing_area": false,
        "has_child_seats": false,
        "has_nursing_area": false,
        "has_playground": true,
        "id": "904F525B-ABEC-469A-A4D0-F082986D42C7",
        "is_wheelchair_accessible": false,
        "name": "Pilparkens lekplats",
        "notes": "",
        "verified": false
      }
    },
    {
      "type": "Feature",
      "geometry": {
        "coordinates": [
          20.3307245,
          63.8393358
        ],
        "type": "Point"
      },
      "properties": {
        "category": "playground",
        "description": "",
        "has_changing_area": false,
        "has_child_seats": false,
        "has_nursing_area": false,
        "has_playground": true,
        "id": "672956F8-4087-4ADC-8BD3-B1C54597291A",
        "is_wheelchair_accessible": false,
        "name": "Mariehemsvägen 23",
        "notes": "",
        "verified": false
      }
    },
    {
      "type": "Feature",
      "geometry": {
        "coordinates": [
          17.983587,
          59.2286295
        ],
        "type": "Point"
      },
      "properties": {
        "category": "playground",
        "description": "",
        "has_changing_area": false,
        "has_child_seats": false,
        "has_nursing_area": false,
        "has_playground": true,
        "id": "34D90B76-80D9-437E-BD85-27FDF7500E9F",
        "is_wheelchair_accessible": false,
        "name": "Solgårds lekplats (Spindelparken)",
        "notes": "",
        "verified": false
      }
    },
    {
      "type": "Feature",
      "geometry": {
        "coordinates": [
          13.5357239,
          59.4090216
        ],
        "type": "Point"
      },
      "properties": {
        "category": "playground",
        "description": "",
        "has_changing_area": false,
        "has_child_seats": false,
        "has_nursing_area": false,
        "has_playground": true,
        "id": "3702BC75-B0FC-4BD6-9F9B-62CCD6833BB4",
        "is_wheelchair_accessible": false,
        "name": "Norra Lorenbergsparkens lekplats",
        "notes": "",
        "verified": false
      }
    },
    {
      "type": "Feature",
      "geometry": {
        "coordinates": [
          17.1627839,
          60.652557
        ],
        "type": "Point"
      },
      "properties": {
        "category": "playground",
        "description": "",
        "has_changing_area": false,
        "has_child_seats": false,
        "has_nursing_area": false,
        "has_playground": true,
        "id": "33B8ACA4-46D4-4594-B20B-4CBB4E7E8531",
        "is_wheelchair_accessible": false,
        "name": "Lövens Tä",
        "notes": "",
        "verified": false
      }
    },
    {
      "type": "Feature",
      "geometry": {
        "coordinates": [
          15.5954827,
          58.4138674
        ],
        "type": "Point"
      },
      "properties": {
        "category": "playground",
        "description": "",
        "has_changing_area": false,
        "has_child_seats": false,
        "has_nursing_area": false,
        "has_playground": true,
        "id": "D055C555-D531-4D8D-B29B-ABB47F614826",
        "is_wheelchair_accessible": false,
        "name": "Silverleken",
        "notes": "",
        "verified": false
      }
    },
    {
      "type": "Feature",
      "geometry": {
        "coordinates": [
          20.3213502,
          63.832988
        ],
        "type": "Point"
      },
      "properties": {
        "category": "playground",
        "description": "",
        "has_changing_area": false,
        "has_child_seats": false,
        "has_nursing_area": false,
        "has_playground": true,
        "id": "8C7AC21E-C654-4CD2-AFF4-D536E0442710",
        "is_wheelchair_accessible": false,
        "name": "Trastparken",
        "notes": "",
        "verified": false
      }
    },
    {
      "type": "Feature",
      "geometry": {
        "coordinates": [
          13.021036,
          60.2003163
        ],
        "type": "Point"
      },
      "properties": {
        "category": "other",
        "description": "",
        "has_changing_area": true,
        "has_child_seats": false,
        "has_nursing_area": false,
        "has_playground": false,
        "id": "FE0FC023-A509-4D02-9C0E-9036149BD698",
        "is_wheelchair_accessible": true,
        "name": "Public toilets (with changing table)",
        "notes": "",
        "verified": false
      }
    },
    {
      "type": "Feature",
      "geometry": {
        "coordinates": [
          13.5067764,
          59.405344
        ],
        "type": "Point"
      },
      "properties": {
        "category": "playground",
        "description": "",
        "has_changing_area": false,
        "has_child_seats": false,
        "has_nursing_area": false,
        "has_playground": true,
        "id": "C06D5852-656D-435B-9B3E-C231D6DB0B17",
        "is_wheelchair_accessible": false,
        "name": "Bydammens lekplats",
        "notes": "",
        "verified": false
      }
    },
    {
      "type": "Feature",
      "geometry": {
        "coordinates": [
          16.5990386,
          59.5971335
        ],
        "type": "Point"
      },
      "properties": {
        "category": "playground",
        "description": "",
        "has_changing_area": false,
        "has_child_seats": false,
        "has_nursing_area": false,
        "has_playground": true,
        "id": "D83B0EDC-006D-4DA5-ABE5-F3544B1DCC1A",
        "is_wheelchair_accessible": false,
        "name": "Flugspögatans lekplats",
        "notes": "",
        "verified": false
      }
    },
    {
      "type": "Feature",
      "geometry": {
        "coordinates": [
          18.0703524,
          59.3260654
        ],
        "type": "Point"
      },
      "properties": {
        "category": "other",
        "description": "",
        "has_changing_area": true,
        "has_child_seats": false,
        "has_nursing_area": false,
        "has_playground": false,
        "id": "96BE9F0B-C1A6-4D69-94A7-C0ACC0D9D77B",
        "is_wheelchair_accessible": true,
        "name": "Public toilets (with changing table)",
        "notes": "",
        "verified": false
      }
    },
    {
      "type": "Feature",
      "geometry": {
        "coordinates": [
          16.5752089,
          59.9241339
        ],
        "type": "Point"
      },
      "properties": {
        "category": "playground",
        "description": "",
        "has_changing_area": false,
        "has_child_seats": false,
        "has_nursing_area": false,
        "has_playground": true,
        "id": "2C3AF386-D6EB-46ED-95C8-77C4BC298574",
        "is_wheelchair_accessible": false,
        "name": "Liten lekpark",
        "notes": "",
        "verified": false
      }
    },
    {
      "type": "Feature",
      "geometry": {
        "coordinates": [
          18.0447889,
          59.4689653
        ],
        "type": "Point"
      },
      "properties": {
        "category": "playground",
        "description": "",
        "has_changing_area": false,
        "has_child_seats": false,
        "has_nursing_area": false,
        "has_playground": true,
        "id": "4128FF84-0F00-4169-8597-88A56E87DD7C",
        "is_wheelchair_accessible": false,
        "name": "Lövbrunnaleken",
        "notes": "",
        "verified": false
      }
    },
    {
      "type": "Feature",
      "geometry": {
        "coordinates": [
          17.8782727,
          59.2620892
        ],
        "type": "Point"
      },
      "properties": {
        "category": "playground",
        "description": "",
        "has_changing_area": false,
        "has_child_seats": false,
        "has_nursing_area": false,
        "has_playground": true,
        "id": "3E984523-EF36-478B-B69A-EEFB85480F73",
        "is_wheelchair_accessible": false,
        "name": "Vårby Gård vikingar Parken",
        "notes": "",
        "verified": false
      }
    },
    {
      "type": "Feature",
      "geometry": {
        "coordinates": [
          18.0506386,
          59.3177269
        ],
        "type": "Point"
      },
      "properties": {
        "category": "other",
        "description": "",
        "has_changing_area": true,
        "has_child_seats": false,
        "has_nursing_area": false,
        "has_playground": false,
        "id": "6A140F9E-A672-4CFF-8154-C537294044DE",
        "is_wheelchair_accessible": true,
        "name": "Public toilets (with changing table)",
        "notes": "",
        "verified": false
      }
    },
    {
      "type": "Feature",
      "geometry": {
        "coordinates": [
          15.4344533,
          60.4875135
        ],
        "type": "Point"
      },
      "properties": {
        "category": "playground",
        "description": "",
        "has_changing_area": false,
        "has_child_seats": false,
        "has_nursing_area": false,
        "has_playground": true,
        "id": "A6241C43-B3E1-4B4E-82F8-1F552932EC00",
        "is_wheelchair_accessible": false,
        "name": "Paprika",
        "notes": "",
        "verified": false
      }
    },
    {
      "type": "Feature",
      "geometry": {
        "coordinates": [
          15.1270848,
          59.1266198
        ],
        "type": "Point"
      },
      "properties": {
        "category": "playground",
        "description": "",
        "has_changing_area": false,
        "has_child_seats": false,
        "has_nursing_area": false,
        "has_playground": true,
        "id": "BFD1FEBB-C90A-4DE0-BA82-2B3F7186B0FD",
        "is_wheelchair_accessible": false,
        "name": "Gömda lekparken",
        "notes": "",
        "verified": false
      }
    },
    {
      "type": "Feature",
      "geometry": {
        "coordinates": [
          17.9148505,
          59.1814202
        ],
        "type": "Point"
      },
      "properties": {
        "category": "playground",
        "description": "",
        "has_changing_area": false,
        "has_child_seats": false,
        "has_nursing_area": false,
        "has_playground": true,
        "id": "67C1B800-8412-475A-AE05-8F9E60517D82",
        "is_wheelchair_accessible": false,
        "name": "Mulleparken",
        "notes": "",
        "verified": false
      }
    },
    {
      "type": "Feature",
      "geometry": {
        "coordinates": [
          18.0610549,
          59.337913
        ],
        "type": "Point"
      },
      "properties": {
        "category": "other",
        "description": "",
        "has_changing_area": true,
        "has_child_seats": false,
        "has_nursing_area": false,
        "has_playground": false,
        "id": "59BFF7FB-35C0-4DEE-9A85-17BB1DB78524",
        "is_wheelchair_accessible": true,
        "name": "Public toilets (with changing table)",
        "notes": "",
        "verified": false
      }
    },
    {
      "type": "Feature",
      "geometry": {
        "coordinates": [
          20.9389168,
          64.7487001
        ],
        "type": "Point"
      },
      "properties": {
        "category": "playground",
        "description": "",
        "has_changing_area": false,
        "has_child_seats": false,
        "has_nursing_area": false,
        "has_playground": true,
        "id": "C1FFADDD-4F2E-4EB5-81B2-9CD8665A6441",
        "is_wheelchair_accessible": false,
        "name": "Nordanå lekpark",
        "notes": "",
        "verified": false
      }
    },
    {
      "type": "Feature",
      "geometry": {
        "coordinates": [
          16.532528,
          59.6209839
        ],
        "type": "Point"
      },
      "properties": {
        "category": "playground",
        "description": "",
        "has_changing_area": false,
        "has_child_seats": false,
        "has_nursing_area": false,
        "has_playground": true,
        "id": "88F269AA-9561-4122-A6BE-3B6E08B135FB",
        "is_wheelchair_accessible": false,
        "name": "Fågelsångens lekplats",
        "notes": "",
        "verified": false
      }
    },
    {
      "type": "Feature",
      "geometry": {
        "coordinates": [
          17.9349875,
          59.3765023
        ],
        "type": "Point"
      },
      "properties": {
        "category": "playground",
        "description": "",
        "has_changing_area": false,
        "has_child_seats": false,
        "has_nursing_area": false,
        "has_playground": true,
        "id": "521C5D8B-9345-49CE-986A-D4020E00D8C1",
        "is_wheelchair_accessible": false,
        "name": "Eken",
        "notes": "",
        "verified": false
      }
    },
    {
      "type": "Feature",
      "geometry": {
        "coordinates": [
          18.0715936,
          59.5495957
        ],
        "type": "Point"
      },
      "properties": {
        "category": "playground",
        "description": "",
        "has_changing_area": false,
        "has_child_seats": false,
        "has_nursing_area": false,
        "has_playground": true,
        "id": "17559EF2-FA0B-40CA-AE35-8B9C350445D3",
        "is_wheelchair_accessible": false,
        "name": "Östergården",
        "notes": "",
        "verified": false
      }
    },
    {
      "type": "Feature",
      "geometry": {
        "coordinates": [
          15.188037,
          59.2676817
        ],
        "type": "Point"
      },
      "properties": {
        "category": "playground",
        "description": "",
        "has_changing_area": false,
        "has_child_seats": false,
        "has_nursing_area": false,
        "has_playground": true,
        "id": "58C2B583-F517-4ACD-8611-690978E205F8",
        "is_wheelchair_accessible": false,
        "name": "Örnsroparken",
        "notes": "",
        "verified": false
      }
    },
    {
      "type": "Feature",
      "geometry": {
        "coordinates": [
          17.0815158,
          60.6732976
        ],
        "type": "Point"
      },
      "properties": {
        "category": "playground",
        "description": "",
        "has_changing_area": false,
        "has_child_seats": false,
        "has_nursing_area": false,
        "has_playground": true,
        "id": "98CC9E3E-F1D0-4E93-8733-2062D3490F4E",
        "is_wheelchair_accessible": false,
        "name": "Lekgränd",
        "notes": "",
        "verified": false
      }
    },
    {
      "type": "Feature",
      "geometry": {
        "coordinates": [
          15.6284361,
          60.6068875
        ],
        "type": "Point"
      },
      "properties": {
        "category": "other",
        "description": "",
        "has_changing_area": true,
        "has_child_seats": false,
        "has_nursing_area": false,
        "has_playground": false,
        "id": "3997387A-CFB8-402E-B5EF-81D2D68E3DB2",
        "is_wheelchair_accessible": false,
        "name": "Public toilets (with changing table)",
        "notes": "",
        "verified": false
      }
    },
    {
      "type": "Feature",
      "geometry": {
        "coordinates": [
          18.0591188,
          59.5115193
        ],
        "type": "Point"
      },
      "properties": {
        "category": "playground",
        "description": "",
        "has_changing_area": false,
        "has_child_seats": false,
        "has_nursing_area": false,
        "has_playground": true,
        "id": "4644E0B3-799B-4268-81BA-AEA9F7CA2F11",
        "is_wheelchair_accessible": false,
        "name": "Lovisedalsslingan 102B",
        "notes": "",
        "verified": false
      }
    },
    {
      "type": "Feature",
      "geometry": {
        "coordinates": [
          11.3595386,
          58.4943092
        ],
        "type": "Point"
      },
      "properties": {
        "category": "cafe",
        "description": "",
        "has_changing_area": true,
        "has_child_seats": true,
        "has_nursing_area": false,
        "has_playground": false,
        "id": "8E815C14-A655-4ADD-8A35-560A1C456C7E",
        "is_wheelchair_accessible": true,
        "name": "Cafe Olivia",
        "notes": "",
        "verified": false
      }
    },
    {
      "type": "Feature",
      "geometry": {
        "coordinates": [
          15.1606125,
          59.1107429
        ],
        "type": "Point"
      },
      "properties": {
        "category": "playground",
        "description": "",
        "has_changing_area": false,
        "has_child_seats": false,
        "has_nursing_area": false,
        "has_playground": true,
        "id": "1D03B3A2-EB8D-4CBF-84DD-EA799521FC23",
        "is_wheelchair_accessible": false,
        "name": "Nyckelpigan",
        "notes": "",
        "verified": false
      }
    },
    {
      "type": "Feature",
      "geometry": {
        "coordinates": [
          18.0825611,
          59.3453707
        ],
        "type": "Point"
      },
      "properties": {
        "category": "playground",
        "description": "",
        "has_changing_area": false,
        "has_child_seats": false,
        "has_nursing_area": false,
        "has_playground": true,
        "id": "9CCFB2CA-2E34-4F84-98A0-DE141F676358",
        "is_wheelchair_accessible": false,
        "name": "Lilla högvaten",
        "notes": "",
        "verified": false
      }
    },
    {
      "type": "Feature",
      "geometry": {
        "coordinates": [
          17.9107078,
          59.208881
        ],
        "type": "Point"
      },
      "properties": {
        "category": "playground",
        "description": "",
        "has_changing_area": false,
        "has_child_seats": false,
        "has_nursing_area": false,
        "has_playground": true,
        "id": "A675048E-DF9E-4BC8-9BA6-0D4F98B52D40",
        "is_wheelchair_accessible": false,
        "name": "Solparken",
        "notes": "",
        "verified": false
      }
    },
    {
      "type": "Feature",
      "geometry": {
        "coordinates": [
          17.9982854,
          59.3158526
        ],
        "type": "Point"
      },
      "properties": {
        "category": "playground",
        "description": "",
        "has_changing_area": false,
        "has_child_seats": false,
        "has_nursing_area": false,
        "has_playground": true,
        "id": "4FA5F577-58E9-4D3C-B280-27037D062FBD",
        "is_wheelchair_accessible": false,
        "name": "Mastparken",
        "notes": "",
        "verified": false
      }
    },
    {
      "type": "Feature",
      "geometry": {
        "coordinates": [
          18.1519255,
          59.2143425
        ],
        "type": "Point"
      },
      "properties": {
        "category": "playground",
        "description": "",
        "has_changing_area": false,
        "has_child_seats": false,
        "has_nursing_area": false,
        "has_playground": true,
        "id": "9C879C8A-2F31-4B4A-9C47-70BFFC0D0ED7",
        "is_wheelchair_accessible": false,
        "name": "Matteparken",
        "notes": "",
        "verified": false
      }
    },
    {
      "type": "Feature",
      "geometry": {
        "coordinates": [
          17.9120625,
          59.3290962
        ],
        "type": "Point"
      },
      "properties": {
        "category": "playground",
        "description": "",
        "has_changing_area": false,
        "has_child_seats": false,
        "has_nursing_area": false,
        "has_playground": true,
        "id": "07113AC8-F10B-43ED-ABA9-56A9BAEE5E0B",
        "is_wheelchair_accessible": false,
        "name": "Rimiparken",
        "notes": "",
        "verified": false
      }
    },
    {
      "type": "Feature",
      "geometry": {
        "coordinates": [
          18.0439465,
          59.3379901
        ],
        "type": "Point"
      },
      "properties": {
        "category": "playground",
        "description": "",
        "has_changing_area": false,
        "has_child_seats": false,
        "has_nursing_area": false,
        "has_playground": true,
        "id": "B2C99130-9038-47AC-9AE9-C48EFF322666",
        "is_wheelchair_accessible": false,
        "name": "Lekplatsen Sabbatsbergsparken",
        "notes": "",
        "verified": false
      }
    },
    {
      "type": "Feature",
      "geometry": {
        "coordinates": [
          18.034781,
          59.2682936
        ],
        "type": "Point"
      },
      "properties": {
        "category": "playground",
        "description": "",
        "has_changing_area": false,
        "has_child_seats": false,
        "has_nursing_area": false,
        "has_playground": true,
        "id": "EB4B59A0-B21E-4524-94F1-F9616C764E94",
        "is_wheelchair_accessible": false,
        "name": "Lekplatsen Grytet",
        "notes": "",
        "verified": false
      }
    },
    {
      "type": "Feature",
      "geometry": {
        "coordinates": [
          22.1522841,
          65.5805666
        ],
        "type": "Point"
      },
      "properties": {
        "category": "other",
        "description": "",
        "has_changing_area": true,
        "has_child_seats": false,
        "has_nursing_area": false,
        "has_playground": false,
        "id": "944BEB4D-0042-4926-8869-A0792E651587",
        "is_wheelchair_accessible": true,
        "name": "Public toilets (with changing table)",
        "notes": "",
        "verified": false
      }
    },
    {
      "type": "Feature",
      "geometry": {
        "coordinates": [
          17.6315757,
          59.8052828
        ],
        "type": "Point"
      },
      "properties": {
        "category": "playground",
        "description": "",
        "has_changing_area": false,
        "has_child_seats": false,
        "has_nursing_area": false,
        "has_playground": true,
        "id": "DE502D05-D1C5-4002-9275-E9C6F4684883",
        "is_wheelchair_accessible": false,
        "name": "Tallparken",
        "notes": "",
        "verified": false
      }
    },
    {
      "type": "Feature",
      "geometry": {
        "coordinates": [
          18.0287083,
          59.2864615
        ],
        "type": "Point"
      },
      "properties": {
        "category": "playground",
        "description": "",
        "has_changing_area": false,
        "has_child_seats": false,
        "has_nursing_area": false,
        "has_playground": true,
        "id": "F18E5625-89A1-44CA-9D87-187945A0856E",
        "is_wheelchair_accessible": false,
        "name": "Klämman",
        "notes": "",
        "verified": false
      }
    },
    {
      "type": "Feature",
      "geometry": {
        "coordinates": [
          13.4761702,
          59.3702788
        ],
        "type": "Point"
      },
      "properties": {
        "category": "playground",
        "description": "",
        "has_changing_area": false,
        "has_child_seats": false,
        "has_nursing_area": false,
        "has_playground": true,
        "id": "BDBA7272-66F8-4AE4-9F07-151BA97C201B",
        "is_wheelchair_accessible": false,
        "name": "Fågelsångens lekplats",
        "notes": "",
        "verified": false
      }
    },
    {
      "type": "Feature",
      "geometry": {
        "coordinates": [
          13.1524318,
          63.3884401
        ],
        "type": "Point"
      },
      "properties": {
        "category": "other",
        "description": "",
        "has_changing_area": true,
        "has_child_seats": false,
        "has_nursing_area": false,
        "has_playground": false,
        "id": "1C25F688-622B-474D-9B0A-45BB9C578AC2",
        "is_wheelchair_accessible": true,
        "name": "Public toilets (with changing table)",
        "notes": "",
        "verified": false
      }
    },
    {
      "type": "Feature",
      "geometry": {
        "coordinates": [
          13.5020283,
          59.3791163
        ],
        "type": "Point"
      },
      "properties": {
        "category": "other",
        "description": "",
        "has_changing_area": true,
        "has_child_seats": false,
        "has_nursing_area": false,
        "has_playground": false,
        "id": "872BDCEF-1677-4039-9AF1-E74CC2B84055",
        "is_wheelchair_accessible": true,
        "name": "15-Huset",
        "notes": "",
        "verified": false
      }
    },
    {
      "type": "Feature",
      "geometry": {
        "coordinates": [
          16.5841678,
          59.9308827
        ],
        "type": "Point"
      },
      "properties": {
        "category": "playground",
        "description": "",
        "has_changing_area": false,
        "has_child_seats": false,
        "has_nursing_area": false,
        "has_playground": true,
        "id": "3455C57E-9C95-478E-8852-7819FD4DC24A",
        "is_wheelchair_accessible": false,
        "name": "Fläderns lekplats",
        "notes": "",
        "verified": false
      }
    },
    {
      "type": "Feature",
      "geometry": {
        "coordinates": [
          15.2265705,
          59.6030157
        ],
        "type": "Point"
      },
      "properties": {
        "category": "playground",
        "description": "",
        "has_changing_area": false,
        "has_child_seats": false,
        "has_nursing_area": false,
        "has_playground": true,
        "id": "7E0E961A-1348-4F37-A631-53B0274CED8F",
        "is_wheelchair_accessible": false,
        "name": "Linbanan",
        "notes": "",
        "verified": false
      }
    },
    {
      "type": "Feature",
      "geometry": {
        "coordinates": [
          17.9715255,
          59.3665986
        ],
        "type": "Point"
      },
      "properties": {
        "category": "playground",
        "description": "",
        "has_changing_area": false,
        "has_child_seats": false,
        "has_nursing_area": false,
        "has_playground": true,
        "id": "ECE7A6C9-3D6F-4629-8E46-AA05C9CA244D",
        "is_wheelchair_accessible": false,
        "name": "Stenbrottsparkens Lekplats",
        "notes": "",
        "verified": false
      }
    },
    {
      "type": "Feature",
      "geometry": {
        "coordinates": [
          20.321777,
          64.7533193
        ],
        "type": "Point"
      },
      "properties": {
        "category": "other",
        "description": "",
        "has_changing_area": true,
        "has_child_seats": false,
        "has_nursing_area": false,
        "has_playground": false,
        "id": "2F63281E-1A76-4248-A325-BE9AE56E371F",
        "is_wheelchair_accessible": false,
        "name": "Public toilets (with changing table)",
        "notes": "",
        "verified": false
      }
    },
    {
      "type": "Feature",
      "geometry": {
        "coordinates": [
          15.4021561,
          60.4925286
        ],
        "type": "Point"
      },
      "properties": {
        "category": "playground",
        "description": "",
        "has_changing_area": false,
        "has_child_seats": false,
        "has_nursing_area": false,
        "has_playground": true,
        "id": "ED7AE2EA-E9E2-4483-B47B-E46175EF9A63",
        "is_wheelchair_accessible": false,
        "name": "Aktivitetstorg",
        "notes": "",
        "verified": false
      }
    },
    {
      "type": "Feature",
      "geometry": {
        "coordinates": [
          18.0382987,
          59.3443661
        ],
        "type": "Point"
      },
      "properties": {
        "category": "playground",
        "description": "",
        "has_changing_area": false,
        "has_child_seats": false,
        "has_nursing_area": false,
        "has_playground": true,
        "id": "C9FD4144-0D69-433A-A2A4-A80B467D40D4",
        "is_wheelchair_accessible": false,
        "name": "Föräldrakooperativet Vårsol",
        "notes": "",
        "verified": false
      }
    },
    {
      "type": "Feature",
      "geometry": {
        "coordinates": [
          16.5886011,
          59.6641898
        ],
        "type": "Point"
      },
      "properties": {
        "category": "playground",
        "description": "",
        "has_changing_area": false,
        "has_child_seats": false,
        "has_nursing_area": false,
        "has_playground": true,
        "id": "A04E3A2C-EA64-4092-809B-17E0EEBDA229",
        "is_wheelchair_accessible": false,
        "name": "Lekplats",
        "notes": "",
        "verified": false
      }
    },
    {
      "type": "Feature",
      "geometry": {
        "coordinates": [
          22.1912528,
          65.5633584
        ],
        "type": "Point"
      },
      "properties": {
        "category": "playground",
        "description": "",
        "has_changing_area": false,
        "has_child_seats": false,
        "has_nursing_area": false,
        "has_playground": true,
        "id": "7D8478EE-02D7-458C-91D8-A82EF8651E99",
        "is_wheelchair_accessible": false,
        "name": "Sjöfartsgatans lekplats",
        "notes": "",
        "verified": false
      }
    },
    {
      "type": "Feature",
      "geometry": {
        "coordinates": [
          17.1687152,
          60.7011893
        ],
        "type": "Point"
      },
      "properties": {
        "category": "playground",
        "description": "",
        "has_changing_area": false,
        "has_child_seats": false,
        "has_nursing_area": false,
        "has_playground": true,
        "id": "6719BA50-8D8C-4C19-932D-544A05EABBD4",
        "is_wheelchair_accessible": false,
        "name": "Forngravarna",
        "notes": "",
        "verified": false
      }
    },
    {
      "type": "Feature",
      "geometry": {
        "coordinates": [
          15.6824647,
          58.1380116
        ],
        "type": "Point"
      },
      "properties": {
        "category": "playground",
        "description": "",
        "has_changing_area": false,
        "has_child_seats": false,
        "has_nursing_area": false,
        "has_playground": true,
        "id": "560F2B64-CEBE-4483-B62D-FAB5164E1DCD",
        "is_wheelchair_accessible": false,
        "name": "Brokyrkans lekplats",
        "notes": "",
        "verified": false
      }
    },
    {
      "type": "Feature",
      "geometry": {
        "coordinates": [
          14.4770595,
          59.3168319
        ],
        "type": "Point"
      },
      "properties": {
        "category": "playground",
        "description": "",
        "has_changing_area": false,
        "has_child_seats": false,
        "has_nursing_area": false,
        "has_playground": true,
        "id": "485508EB-4C3D-4777-8220-69F83AE4140F",
        "is_wheelchair_accessible": false,
        "name": "Skiftesparken",
        "notes": "",
        "verified": false
      }
    },
    {
      "type": "Feature",
      "geometry": {
        "coordinates": [
          21.2360376,
          64.9469395
        ],
        "type": "Point"
      },
      "properties": {
        "category": "playground",
        "description": "",
        "has_changing_area": false,
        "has_child_seats": false,
        "has_nursing_area": false,
        "has_playground": true,
        "id": "C4F894C0-4B00-46C7-9B37-459D918FD99D",
        "is_wheelchair_accessible": false,
        "name": "BMX-bana",
        "notes": "",
        "verified": false
      }
    },
    {
      "type": "Feature",
      "geometry": {
        "coordinates": [
          17.9072244,
          59.3463961
        ],
        "type": "Point"
      },
      "properties": {
        "category": "playground",
        "description": "",
        "has_changing_area": false,
        "has_child_seats": false,
        "has_nursing_area": false,
        "has_playground": true,
        "id": "A316EC83-901E-4F05-9F62-F9D992D387C9",
        "is_wheelchair_accessible": false,
        "name": "Pilspetsen",
        "notes": "",
        "verified": false
      }
    },
    {
      "type": "Feature",
      "geometry": {
        "coordinates": [
          17.8577426,
          59.4257366
        ],
        "type": "Point"
      },
      "properties": {
        "category": "other",
        "description": "",
        "has_changing_area": true,
        "has_child_seats": false,
        "has_nursing_area": false,
        "has_playground": false,
        "id": "4A8A3C63-24E3-492E-A892-CF8F3F8905B1",
        "is_wheelchair_accessible": true,
        "name": "Public toilets (with changing table)",
        "notes": "",
        "verified": false
      }
    },
    {
      "type": "Feature",
      "geometry": {
        "coordinates": [
          14.5309651,
          58.0967023
        ],
        "type": "Point"
      },
      "properties": {
        "category": "other",
        "description": "",
        "has_changing_area": true,
        "has_child_seats": false,
        "has_nursing_area": false,
        "has_playground": false,
        "id": "F7528188-CDB2-495E-A027-189AE978AFBD",
        "is_wheelchair_accessible": false,
        "name": "Public toilets (with changing table)",
        "notes": "",
        "verified": false
      }
    },
    {
      "type": "Feature",
      "geometry": {
        "coordinates": [
          15.4236433,
          58.387247
        ],
        "type": "Point"
      },
      "properties": {
        "category": "playground",
        "description": "",
        "has_changing_area": false,
        "has_child_seats": false,
        "has_nursing_area": false,
        "has_playground": true,
        "id": "7EE21869-79CD-4AA1-86C9-C4A5BB3085FF",
        "is_wheelchair_accessible": false,
        "name": "Rönnbärsgatan",
        "notes": "",
        "verified": false
      }
    },
    {
      "type": "Feature",
      "geometry": {
        "coordinates": [
          13.4810949,
          59.6127244
        ],
        "type": "Point"
      },
      "properties": {
        "category": "playground",
        "description": "",
        "has_changing_area": false,
        "has_child_seats": false,
        "has_nursing_area": false,
        "has_playground": true,
        "id": "BF217324-055E-4E07-AC7B-2C8753B9E435",
        "is_wheelchair_accessible": false,
        "name": "Östra Dejefors lekplats",
        "notes": "",
        "verified": false
      }
    },
    {
      "type": "Feature",
      "geometry": {
        "coordinates": [
          17.3831116,
          62.2901353
        ],
        "type": "Point"
      },
      "properties": {
        "category": "playground",
        "description": "",
        "has_changing_area": false,
        "has_child_seats": false,
        "has_nursing_area": false,
        "has_playground": true,
        "id": "5D4DABF3-9F1D-47FE-93B8-E36256E8E05A",
        "is_wheelchair_accessible": false,
        "name": "Piratparken",
        "notes": "",
        "verified": false
      }
    },
    {
      "type": "Feature",
      "geometry": {
        "coordinates": [
          18.0893532,
          59.1089246
        ],
        "type": "Point"
      },
      "properties": {
        "category": "playground",
        "description": "",
        "has_changing_area": false,
        "has_child_seats": false,
        "has_nursing_area": false,
        "has_playground": true,
        "id": "E0578C5E-42E2-4081-B67A-D1A24CE59467",
        "is_wheelchair_accessible": false,
        "name": "Lekplats i parken",
        "notes": "",
        "verified": false
      }
    },
    {
      "type": "Feature",
      "geometry": {
        "coordinates": [
          17.8494031,
          59.3770444
        ],
        "type": "Point"
      },
      "properties": {
        "category": "playground",
        "description": "",
        "has_changing_area": false,
        "has_child_seats": false,
        "has_nursing_area": false,
        "has_playground": true,
        "id": "269D199E-209D-41B6-BAA2-E348155E31CC",
        "is_wheelchair_accessible": false,
        "name": "Parklek Torplyckegränd",
        "notes": "",
        "verified": false
      }
    },
    {
      "type": "Feature",
      "geometry": {
        "coordinates": [
          16.5562218,
          59.635032
        ],
        "type": "Point"
      },
      "properties": {
        "category": "playground",
        "description": "",
        "has_changing_area": false,
        "has_child_seats": false,
        "has_nursing_area": false,
        "has_playground": true,
        "id": "3555C07A-AEFF-4CC3-B85E-DF716541BD9A",
        "is_wheelchair_accessible": false,
        "name": "Nordanby Äng",
        "notes": "",
        "verified": false
      }
    },
    {
      "type": "Feature",
      "geometry": {
        "coordinates": [
          19.0916012,
          64.9421402
        ],
        "type": "Point"
      },
      "properties": {
        "category": "playground",
        "description": "",
        "has_changing_area": false,
        "has_child_seats": false,
        "has_nursing_area": false,
        "has_playground": true,
        "id": "676B1E87-C448-4667-A84D-1D983A1617F0",
        "is_wheelchair_accessible": false,
        "name": "Playground",
        "notes": "",
        "verified": false
      }
    },
    {
      "type": "Feature",
      "geometry": {
        "coordinates": [
          20.2175255,
          63.8720949
        ],
        "type": "Point"
      },
      "properties": {
        "category": "other",
        "description": "",
        "has_changing_area": true,
        "has_child_seats": false,
        "has_nursing_area": false,
        "has_playground": false,
        "id": "0F8B0D7C-5475-44D0-BD71-1387B9B34C2C",
        "is_wheelchair_accessible": false,
        "name": "Public toilets (with changing table)",
        "notes": "",
        "verified": false
      }
    },
    {
      "type": "Feature",
      "geometry": {
        "coordinates": [
          17.8559158,
          59.4168764
        ],
        "type": "Point"
      },
      "properties": {
        "category": "other",
        "description": "",
        "has_changing_area": true,
        "has_child_seats": false,
        "has_nursing_area": false,
        "has_playground": false,
        "id": "E3A2B744-B1A0-4196-88C3-B6DD8895E1E5",
        "is_wheelchair_accessible": true,
        "name": "Public toilets (with changing table)",
        "notes": "",
        "verified": false
      }
    },
    {
      "type": "Feature",
      "geometry": {
        "coordinates": [
          20.3357237,
          64.7920411
        ],
        "type": "Point"
      },
      "properties": {
        "category": "other",
        "description": "",
        "has_changing_area": true,
        "has_child_seats": false,
        "has_nursing_area": false,
        "has_playground": false,
        "id": "3FC71059-C546-40B6-80C6-5700439BAFF4",
        "is_wheelchair_accessible": true,
        "name": "Public toilets (with changing table)",
        "notes": "",
        "verified": false
      }
    },
    {
      "type": "Feature",
      "geometry": {
        "coordinates": [
          17.6427746,
          59.8518911
        ],
        "type": "Point"
      },
      "properties": {
        "category": "other",
        "description": "",
        "has_changing_area": true,
        "has_child_seats": false,
        "has_nursing_area": false,
        "has_playground": false,
        "id": "F7924C66-55B6-4485-A772-D9241A09DEF6",
        "is_wheelchair_accessible": false,
        "name": "Public toilets (with changing table)",
        "notes": "",
        "verified": false
      }
    },
    {
      "type": "Feature",
      "geometry": {
        "coordinates": [
          17.5375336,
          59.9446922
        ],
        "type": "Point"
      },
      "properties": {
        "category": "playground",
        "description": "",
        "has_changing_area": false,
        "has_child_seats": false,
        "has_nursing_area": false,
        "has_playground": true,
        "id": "29721E26-4304-4EB5-A521-C45E264B38B3",
        "is_wheelchair_accessible": false,
        "name": "Målstavägens lekplats",
        "notes": "",
        "verified": false
      }
    },
    {
      "type": "Feature",
      "geometry": {
        "coordinates": [
          18.1492876,
          59.217493
        ],
        "type": "Point"
      },
      "properties": {
        "category": "playground",
        "description": "",
        "has_changing_area": false,
        "has_child_seats": false,
        "has_nursing_area": false,
        "has_playground": true,
        "id": "13EA46CB-EAF7-4A4B-A2F2-8AD9104B381D",
        "is_wheelchair_accessible": false,
        "name": "Lötparken",
        "notes": "",
        "verified": false
      }
    },
    {
      "type": "Feature",
      "geometry": {
        "coordinates": [
          18.0499673,
          59.3278947
        ],
        "type": "Point"
      },
      "properties": {
        "category": "playground",
        "description": "",
        "has_changing_area": false,
        "has_child_seats": false,
        "has_nursing_area": false,
        "has_playground": true,
        "id": "1CA3C2DB-827B-4D6C-90C8-BFB2F8BA3DCD",
        "is_wheelchair_accessible": false,
        "name": "Hantverkargatan 5s",
        "notes": "",
        "verified": false
      }
    },
    {
      "type": "Feature",
      "geometry": {
        "coordinates": [
          14.6208947,
          63.1811842
        ],
        "type": "Point"
      },
      "properties": {
        "category": "other",
        "description": "",
        "has_changing_area": true,
        "has_child_seats": false,
        "has_nursing_area": false,
        "has_playground": false,
        "id": "36B80C2E-EB55-4F6A-9F46-2FB4B7CBA7C8",
        "is_wheelchair_accessible": true,
        "name": "Public toilets (with changing table)",
        "notes": "",
        "verified": false
      }
    },
    {
      "type": "Feature",
      "geometry": {
        "coordinates": [
          17.9562174,
          59.3842245
        ],
        "type": "Point"
      },
      "properties": {
        "category": "playground",
        "description": "",
        "has_changing_area": false,
        "has_child_seats": false,
        "has_nursing_area": false,
        "has_playground": true,
        "id": "EED0C19D-1373-450C-92FD-6831361B4F52",
        "is_wheelchair_accessible": false,
        "name": "Aktivitetsparken",
        "notes": "",
        "verified": false
      }
    },
    {
      "type": "Feature",
      "geometry": {
        "coordinates": [
          17.6354056,
          59.8464138
        ],
        "type": "Point"
      },
      "properties": {
        "category": "playground",
        "description": "",
        "has_changing_area": false,
        "has_child_seats": false,
        "has_nursing_area": false,
        "has_playground": true,
        "id": "F272F22C-F420-4194-8084-5008881D46F8",
        "is_wheelchair_accessible": false,
        "name": "Batteriparkens lekplats",
        "notes": "",
        "verified": false
      }
    },
    {
      "type": "Feature",
      "geometry": {
        "coordinates": [
          17.929808,
          59.4445828
        ],
        "type": "Point"
      },
      "properties": {
        "category": "playground",
        "description": "",
        "has_changing_area": false,
        "has_child_seats": false,
        "has_nursing_area": false,
        "has_playground": true,
        "id": "B48EE6F8-4A72-4494-A253-1520BE59C009",
        "is_wheelchair_accessible": false,
        "name": "Mantalsvägens lekplats",
        "notes": "",
        "verified": false
      }
    },
    {
      "type": "Feature",
      "geometry": {
        "coordinates": [
          18.1237653,
          59.3140241
        ],
        "type": "Point"
      },
      "properties": {
        "category": "playground",
        "description": "",
        "has_changing_area": false,
        "has_child_seats": false,
        "has_nursing_area": false,
        "has_playground": true,
        "id": "1CD20346-CB28-4B32-94FD-EABBFA3678D5",
        "is_wheelchair_accessible": false,
        "name": "Finnboda lekplats",
        "notes": "",
        "verified": false
      }
    },
    {
      "type": "Feature",
      "geometry": {
        "coordinates": [
          19.9227926,
          63.623582
        ],
        "type": "Point"
      },
      "properties": {
        "category": "playground",
        "description": "",
        "has_changing_area": false,
        "has_child_seats": false,
        "has_nursing_area": false,
        "has_playground": true,
        "id": "5E2F9817-0428-4BE0-9572-784696D0AE74",
        "is_wheelchair_accessible": false,
        "name": "Megrundsparken",
        "notes": "",
        "verified": false
      }
    },
    {
      "type": "Feature",
      "geometry": {
        "coordinates": [
          18.1722593,
          59.2537253
        ],
        "type": "Point"
      },
      "properties": {
        "category": "playground",
        "description": "",
        "has_changing_area": false,
        "has_child_seats": false,
        "has_nursing_area": false,
        "has_playground": true,
        "id": "ADE52F6D-12D3-4554-B926-0FFE006F8AED",
        "is_wheelchair_accessible": false,
        "name": "Safariparken",
        "notes": "",
        "verified": false
      }
    },
    {
      "type": "Feature",
      "geometry": {
        "coordinates": [
          18.0523476,
          59.462688
        ],
        "type": "Point"
      },
      "properties": {
        "category": "playground",
        "description": "",
        "has_changing_area": false,
        "has_child_seats": false,
        "has_nursing_area": false,
        "has_playground": true,
        "id": "810B2ADA-1033-46CF-A0B8-09BE3835A1B2",
        "is_wheelchair_accessible": false,
        "name": "Erikslundsvägen 308, 187 53 Täby",
        "notes": "",
        "verified": false
      }
    },
    {
      "type": "Feature",
      "geometry": {
        "coordinates": [
          17.9056231,
          59.4635798
        ],
        "type": "Point"
      },
      "properties": {
        "category": "playground",
        "description": "",
        "has_changing_area": false,
        "has_child_seats": false,
        "has_nursing_area": false,
        "has_playground": true,
        "id": "203EC457-BE8E-491E-B28D-CA0BE9FB0BA3",
        "is_wheelchair_accessible": false,
        "name": "Tennis-Skridsko",
        "notes": "",
        "verified": false
      }
    },
    {
      "type": "Feature",
      "geometry": {
        "coordinates": [
          18.1447445,
          59.2035646
        ],
        "type": "Point"
      },
      "properties": {
        "category": "playground",
        "description": "",
        "has_changing_area": false,
        "has_child_seats": false,
        "has_nursing_area": false,
        "has_playground": true,
        "id": "25F20D3D-708A-40F1-BFBF-8C313CAAB5F9",
        "is_wheelchair_accessible": false,
        "name": "Drevviksparken",
        "notes": "",
        "verified": false
      }
    },
    {
      "type": "Feature",
      "geometry": {
        "coordinates": [
          18.1324557,
          59.33096
        ],
        "type": "Point"
      },
      "properties": {
        "category": "other",
        "description": "",
        "has_changing_area": true,
        "has_child_seats": false,
        "has_nursing_area": false,
        "has_playground": false,
        "id": "27FBB812-60E0-4664-B3BA-27A192899343",
        "is_wheelchair_accessible": true,
        "name": "Public toilets (with changing table)",
        "notes": "",
        "verified": false
      }
    },
    {
      "type": "Feature",
      "geometry": {
        "coordinates": [
          14.6212987,
          63.1809832
        ],
        "type": "Point"
      },
      "properties": {
        "category": "playground",
        "description": "",
        "has_changing_area": false,
        "has_child_seats": false,
        "has_nursing_area": false,
        "has_playground": true,
        "id": "6F9AC66D-D2A1-48A7-A11C-9F26DA3E9B5F",
        "is_wheelchair_accessible": false,
        "name": "Birgerparken",
        "notes": "",
        "verified": false
      }
    },
    {
      "type": "Feature",
      "geometry": {
        "coordinates": [
          18.3989032,
          59.3267256
        ],
        "type": "Point"
      },
      "properties": {
        "category": "playground",
        "description": "",
        "has_changing_area": false,
        "has_child_seats": false,
        "has_nursing_area": false,
        "has_playground": true,
        "id": "C1CEF4E8-C7FE-4C79-A5CD-FFECC66924DB",
        "is_wheelchair_accessible": false,
        "name": "Äventyrslek Gustavsberg",
        "notes": "",
        "verified": false
      }
    },
    {
      "type": "Feature",
      "geometry": {
        "coordinates": [
          17.8508148,
          59.1941513
        ],
        "type": "Point"
      },
      "properties": {
        "category": "playground",
        "description": "",
        "has_changing_area": false,
        "has_child_seats": false,
        "has_nursing_area": false,
        "has_playground": true,
        "id": "8DDB686D-69D9-4D8C-9AF8-40F0FE431FCF",
        "is_wheelchair_accessible": false,
        "name": "Förskolan Opalen",
        "notes": "",
        "verified": false
      }
    },
    {
      "type": "Feature",
      "geometry": {
        "coordinates": [
          17.3407636,
          62.4595692
        ],
        "type": "Point"
      },
      "properties": {
        "category": "other",
        "description": "",
        "has_changing_area": true,
        "has_child_seats": false,
        "has_nursing_area": false,
        "has_playground": false,
        "id": "EFC21E1A-DD3E-455A-A20B-8C29CC31B27D",
        "is_wheelchair_accessible": true,
        "name": "Public toilets (with changing table)",
        "notes": "",
        "verified": false
      }
    },
    {
      "type": "Feature",
      "geometry": {
        "coordinates": [
          17.9130765,
          59.1840557
        ],
        "type": "Point"
      },
      "properties": {
        "category": "playground",
        "description": "",
        "has_changing_area": false,
        "has_child_seats": false,
        "has_nursing_area": false,
        "has_playground": true,
        "id": "F2103F27-D50B-42EF-ACA0-DEDF7CEB1444",
        "is_wheelchair_accessible": false,
        "name": "Skolparken",
        "notes": "",
        "verified": false
      }
    },
    {
      "type": "Feature",
      "geometry": {
        "coordinates": [
          18.1130826,
          59.2903219
        ],
        "type": "Point"
      },
      "properties": {
        "category": "playground",
        "description": "",
        "has_changing_area": false,
        "has_child_seats": false,
        "has_nursing_area": false,
        "has_playground": true,
        "id": "DA41D490-347E-4F2E-9AAF-9624A010624F",
        "is_wheelchair_accessible": false,
        "name": "Peters park",
        "notes": "",
        "verified": false
      }
    },
    {
      "type": "Feature",
      "geometry": {
        "coordinates": [
          17.1268005,
          60.6561393
        ],
        "type": "Point"
      },
      "properties": {
        "category": "playground",
        "description": "",
        "has_changing_area": false,
        "has_child_seats": false,
        "has_nursing_area": false,
        "has_playground": true,
        "id": "C4C9F676-1AEF-44E7-A4BE-A578F22CD981",
        "is_wheelchair_accessible": false,
        "name": "Videkullen",
        "notes": "",
        "verified": false
      }
    },
    {
      "type": "Feature",
      "geometry": {
        "coordinates": [
          17.6831708,
          59.86866
        ],
        "type": "Point"
      },
      "properties": {
        "category": "other",
        "description": "",
        "has_changing_area": true,
        "has_child_seats": false,
        "has_nursing_area": false,
        "has_playground": false,
        "id": "4078E854-44EE-4D3C-96C3-43145E577671",
        "is_wheelchair_accessible": true,
        "name": "Public toilets (with changing table)",
        "notes": "",
        "verified": false
      }
    },
    {
      "type": "Feature",
      "geometry": {
        "coordinates": [
          18.3496346,
          59.1316651
        ],
        "type": "Point"
      },
      "properties": {
        "category": "other",
        "description": "",
        "has_changing_area": true,
        "has_child_seats": false,
        "has_nursing_area": false,
        "has_playground": false,
        "id": "50B50144-FFA5-4AE3-946A-F429394E5311",
        "is_wheelchair_accessible": true,
        "name": "Public toilets (with changing table)",
        "notes": "",
        "verified": false
      }
    },
    {
      "type": "Feature",
      "geometry": {
        "coordinates": [
          12.6766483,
          58.3276178
        ],
        "type": "Point"
      },
      "properties": {
        "category": "playground",
        "description": "",
        "has_changing_area": false,
        "has_child_seats": false,
        "has_nursing_area": false,
        "has_playground": true,
        "id": "9307208D-4A32-43CF-9B0F-B3F7F0586579",
        "is_wheelchair_accessible": false,
        "name": "Pulkabacke",
        "notes": "",
        "verified": false
      }
    },
    {
      "type": "Feature",
      "geometry": {
        "coordinates": [
          16.9976355,
          60.6372449
        ],
        "type": "Point"
      },
      "properties": {
        "category": "playground",
        "description": "",
        "has_changing_area": false,
        "has_child_seats": false,
        "has_nursing_area": false,
        "has_playground": true,
        "id": "51F851CA-F594-43C5-9C24-981B7E1CD60E",
        "is_wheelchair_accessible": false,
        "name": "Snickarvägen",
        "notes": "",
        "verified": false
      }
    },
    {
      "type": "Feature",
      "geometry": {
        "coordinates": [
          17.9077124,
          59.35625
        ],
        "type": "Point"
      },
      "properties": {
        "category": "playground",
        "description": "",
        "has_changing_area": false,
        "has_child_seats": false,
        "has_nursing_area": false,
        "has_playground": true,
        "id": "D2A941FF-F913-49DD-A76E-07442FCA76C9",
        "is_wheelchair_accessible": false,
        "name": "Klätterställningen",
        "notes": "",
        "verified": false
      }
    },
    {
      "type": "Feature",
      "geometry": {
        "coordinates": [
          18.1351899,
          59.2775207
        ],
        "type": "Point"
      },
      "properties": {
        "category": "playground",
        "description": "",
        "has_changing_area": false,
        "has_child_seats": false,
        "has_nursing_area": false,
        "has_playground": true,
        "id": "2A12EAB2-8934-421B-9D2F-BA31EF488B82",
        "is_wheelchair_accessible": false,
        "name": "Brödkaveln",
        "notes": "",
        "verified": false
      }
    },
    {
      "type": "Feature",
      "geometry": {
        "coordinates": [
          17.081172,
          60.677914
        ],
        "type": "Point"
      },
      "properties": {
        "category": "playground",
        "description": "",
        "has_changing_area": false,
        "has_child_seats": false,
        "has_nursing_area": false,
        "has_playground": true,
        "id": "EA3D92A9-E744-499A-A0CF-8A3987C4D6FB",
        "is_wheelchair_accessible": false,
        "name": "Stenbäck",
        "notes": "",
        "verified": false
      }
    },
    {
      "type": "Feature",
      "geometry": {
        "coordinates": [
          18.2257789,
          59.2339466
        ],
        "type": "Point"
      },
      "properties": {
        "category": "playground",
        "description": "",
        "has_changing_area": false,
        "has_child_seats": false,
        "has_nursing_area": false,
        "has_playground": true,
        "id": "48AAA172-BD38-4D03-A95E-98A0AB26C655",
        "is_wheelchair_accessible": false,
        "name": "Solurets lekplats (linbaneparken)",
        "notes": "",
        "verified": false
      }
    },
    {
      "type": "Feature",
      "geometry": {
        "coordinates": [
          15.6075064,
          60.5768672
        ],
        "type": "Point"
      },
      "properties": {
        "category": "other",
        "description": "",
        "has_changing_area": true,
        "has_child_seats": false,
        "has_nursing_area": false,
        "has_playground": false,
        "id": "6EB7EC49-2A5C-4BA0-BFCA-FBDB005A6ACB",
        "is_wheelchair_accessible": true,
        "name": "Public toilets (with changing table)",
        "notes": "",
        "verified": false
      }
    },
    {
      "type": "Feature",
      "geometry": {
        "coordinates": [
          13.4269306,
          59.3840154
        ],
        "type": "Point"
      },
      "properties": {
        "category": "playground",
        "description": "",
        "has_changing_area": false,
        "has_child_seats": false,
        "has_nursing_area": false,
        "has_playground": true,
        "id": "B96C92E3-1885-414D-B73A-D695670428EC",
        "is_wheelchair_accessible": false,
        "name": "Lill Ingmars lekplats",
        "notes": "",
        "verified": false
      }
    },
    {
      "type": "Feature",
      "geometry": {
        "coordinates": [
          18.0073509,
          59.3067827
        ],
        "type": "Point"
      },
      "properties": {
        "category": "playground",
        "description": "",
        "has_changing_area": false,
        "has_child_seats": false,
        "has_nursing_area": false,
        "has_playground": true,
        "id": "F4CE3B0B-5E74-43FF-BE48-4D4207015531",
        "is_wheelchair_accessible": false,
        "name": "Schlytersparken",
        "notes": "",
        "verified": false
      }
    },
    {
      "type": "Feature",
      "geometry": {
        "coordinates": [
          16.5857869,
          59.9240826
        ],
        "type": "Point"
      },
      "properties": {
        "category": "playground",
        "description": "",
        "has_changing_area": false,
        "has_child_seats": false,
        "has_nursing_area": false,
        "has_playground": true,
        "id": "984B5B1F-382E-4FB9-AEB8-7BF04F6A8CDA",
        "is_wheelchair_accessible": false,
        "name": "Glimmerns lekplats",
        "notes": "",
        "verified": false
      }
    },
    {
      "type": "Feature",
      "geometry": {
        "coordinates": [
          17.9478496,
          59.4164617
        ],
        "type": "Point"
      },
      "properties": {
        "category": "playground",
        "description": "",
        "has_changing_area": false,
        "has_child_seats": false,
        "has_nursing_area": false,
        "has_playground": true,
        "id": "1C22B887-7889-437F-BD69-5A8444AAE6E5",
        "is_wheelchair_accessible": false,
        "name": "Näckan",
        "notes": "",
        "verified": false
      }
    },
    {
      "type": "Feature",
      "geometry": {
        "coordinates": [
          17.1372491,
          59.7154351
        ],
        "type": "Point"
      },
      "properties": {
        "category": "cafe",
        "description": "",
        "has_changing_area": false,
        "has_child_seats": true,
        "has_nursing_area": false,
        "has_playground": false,
        "id": "60D8B5EC-6E03-4807-9FB8-D894BA27AE86",
        "is_wheelchair_accessible": false,
        "name": "Skuggans Café",
        "notes": "",
        "verified": false
      }
    },
    {
      "type": "Feature",
      "geometry": {
        "coordinates": [
          18.0546917,
          59.4474682
        ],
        "type": "Point"
      },
      "properties": {
        "category": "playground",
        "description": "",
        "has_changing_area": false,
        "has_child_seats": false,
        "has_nursing_area": false,
        "has_playground": true,
        "id": "18F67311-BAC3-4A21-8AF7-F65641B9959F",
        "is_wheelchair_accessible": false,
        "name": "Havsleken",
        "notes": "",
        "verified": false
      }
    },
    {
      "type": "Feature",
      "geometry": {
        "coordinates": [
          12.4636084,
          58.9963757
        ],
        "type": "Point"
      },
      "properties": {
        "category": "playground",
        "description": "",
        "has_changing_area": false,
        "has_child_seats": false,
        "has_nursing_area": false,
        "has_playground": true,
        "id": "1B2DDC48-52FE-4D98-8E60-AA5A84371A27",
        "is_wheelchair_accessible": false,
        "name": "Gröna lekplatsen",
        "notes": "",
        "verified": false
      }
    },
    {
      "type": "Feature",
      "geometry": {
        "coordinates": [
          18.0901013,
          59.3453121
        ],
        "type": "Point"
      },
      "properties": {
        "category": "playground",
        "description": "",
        "has_changing_area": false,
        "has_child_seats": false,
        "has_nursing_area": false,
        "has_playground": true,
        "id": "5D81DD25-622C-484F-B194-B135A2BAEBC0",
        "is_wheelchair_accessible": false,
        "name": "Sandelsgatans lekpark",
        "notes": "",
        "verified": false
      }
    },
    {
      "type": "Feature",
      "geometry": {
        "coordinates": [
          12.1635353,
          58.0275431
        ],
        "type": "Point"
      },
      "properties": {
        "category": "playground",
        "description": "",
        "has_changing_area": false,
        "has_child_seats": false,
        "has_nursing_area": false,
        "has_playground": true,
        "id": "09CCDBE1-47C9-44A8-B287-F557F1F27A30",
        "is_wheelchair_accessible": false,
        "name": "Kroken & Ekebergs lekplats",
        "notes": "",
        "verified": false
      }
    },
    {
      "type": "Feature",
      "geometry": {
        "coordinates": [
          15.6261311,
          60.5768095
        ],
        "type": "Point"
      },
      "properties": {
        "category": "playground",
        "description": "",
        "has_changing_area": false,
        "has_child_seats": false,
        "has_nursing_area": false,
        "has_playground": true,
        "id": "484D1C2F-47D1-452E-BC5C-18D5D2FE570F",
        "is_wheelchair_accessible": false,
        "name": "Lekplats Selma Ström",
        "notes": "",
        "verified": false
      }
    },
    {
      "type": "Feature",
      "geometry": {
        "coordinates": [
          13.1340762,
          59.8415646
        ],
        "type": "Point"
      },
      "properties": {
        "category": "playground",
        "description": "",
        "has_changing_area": false,
        "has_child_seats": false,
        "has_nursing_area": false,
        "has_playground": true,
        "id": "28EF8A68-25AD-448B-91C4-014FCFD9F08F",
        "is_wheelchair_accessible": false,
        "name": "Repslagaregatans lekplats",
        "notes": "",
        "verified": false
      }
    },
    {
      "type": "Feature",
      "geometry": {
        "coordinates": [
          14.4028963,
          60.1400749
        ],
        "type": "Point"
      },
      "properties": {
        "category": "playground",
        "description": "",
        "has_changing_area": false,
        "has_child_seats": false,
        "has_nursing_area": false,
        "has_playground": true,
        "id": "05F0D5C7-A5DC-4353-AA3B-7FBB39790E7A",
        "is_wheelchair_accessible": false,
        "name": "Svensholmen",
        "notes": "",
        "verified": false
      }
    },
    {
      "type": "Feature",
      "geometry": {
        "coordinates": [
          13.5438336,
          59.4095257
        ],
        "type": "Point"
      },
      "properties": {
        "category": "playground",
        "description": "",
        "has_changing_area": false,
        "has_child_seats": false,
        "has_nursing_area": false,
        "has_playground": true,
        "id": "9C9770D5-682D-4A13-B43C-494BF4A8F286",
        "is_wheelchair_accessible": false,
        "name": "Lingonstigens lekplats",
        "notes": "",
        "verified": false
      }
    },
    {
      "type": "Feature",
      "geometry": {
        "coordinates": [
          16.0121975,
          58.2069987
        ],
        "type": "Point"
      },
      "properties": {
        "category": "playground",
        "description": "",
        "has_changing_area": false,
        "has_child_seats": false,
        "has_nursing_area": false,
        "has_playground": true,
        "id": "24D4EA0F-5E0A-4234-AFDD-7D641B70C8AE",
        "is_wheelchair_accessible": false,
        "name": "Lekplats",
        "notes": "",
        "verified": false
      }
    },
    {
      "type": "Feature",
      "geometry": {
        "coordinates": [
          17.9431112,
          62.6358818
        ],
        "type": "Point"
      },
      "properties": {
        "category": "playground",
        "description": "",
        "has_changing_area": false,
        "has_child_seats": false,
        "has_nursing_area": false,
        "has_playground": true,
        "id": "35CA98D6-48A6-4689-BE04-AFD1E63B3AD4",
        "is_wheelchair_accessible": false,
        "name": "Berggatans lekplats",
        "notes": "",
        "verified": false
      }
    },
    {
      "type": "Feature",
      "geometry": {
        "coordinates": [
          13.4659882,
          59.6050657
        ],
        "type": "Point"
      },
      "properties": {
        "category": "playground",
        "description": "",
        "has_changing_area": false,
        "has_child_seats": false,
        "has_nursing_area": false,
        "has_playground": true,
        "id": "4D8B3DF8-6655-4DFB-A2FF-A6249E9F5307",
        "is_wheelchair_accessible": false,
        "name": "Kulturhusets lekplats",
        "notes": "",
        "verified": false
      }
    },
    {
      "type": "Feature",
      "geometry": {
        "coordinates": [
          17.9757341,
          59.3706741
        ],
        "type": "Point"
      },
      "properties": {
        "category": "other",
        "description": "",
        "has_changing_area": true,
        "has_child_seats": false,
        "has_nursing_area": false,
        "has_playground": false,
        "id": "195E7E2B-B360-406D-84A1-7B49C6767681",
        "is_wheelchair_accessible": true,
        "name": "Public toilets (with changing table)",
        "notes": "",
        "verified": false
      }
    },
    {
      "type": "Feature",
      "geometry": {
        "coordinates": [
          17.0532495,
          61.2999964
        ],
        "type": "Point"
      },
      "properties": {
        "category": "playground",
        "description": "",
        "has_changing_area": false,
        "has_child_seats": false,
        "has_nursing_area": false,
        "has_playground": true,
        "id": "0A570CF5-FBE0-4ABE-B83F-9F64E91C2E16",
        "is_wheelchair_accessible": false,
        "name": "Lekplats Källparken",
        "notes": "",
        "verified": false
      }
    },
    {
      "type": "Feature",
      "geometry": {
        "coordinates": [
          17.9560886,
          59.2844051
        ],
        "type": "Point"
      },
      "properties": {
        "category": "playground",
        "description": "",
        "has_changing_area": false,
        "has_child_seats": false,
        "has_nursing_area": false,
        "has_playground": true,
        "id": "76483D71-8E3A-4993-99A4-DDFD102F58F4",
        "is_wheelchair_accessible": false,
        "name": "Lekplatsen Ada Nilsson",
        "notes": "",
        "verified": false
      }
    },
    {
      "type": "Feature",
      "geometry": {
        "coordinates": [
          15.6262657,
          58.4117994
        ],
        "type": "Point"
      },
      "properties": {
        "category": "playground",
        "description": "",
        "has_changing_area": false,
        "has_child_seats": false,
        "has_nursing_area": false,
        "has_playground": true,
        "id": "CBC8A98E-B1AF-4946-8AD1-E9602F64F906",
        "is_wheelchair_accessible": false,
        "name": "Lekplats Sankt Larsparken",
        "notes": "",
        "verified": false
      }
    },
    {
      "type": "Feature",
      "geometry": {
        "coordinates": [
          19.8438836,
          66.5997587
        ],
        "type": "Point"
      },
      "properties": {
        "category": "other",
        "description": "",
        "has_changing_area": true,
        "has_child_seats": false,
        "has_nursing_area": false,
        "has_playground": false,
        "id": "27381CD3-713D-4798-9B80-3DC6B96ECED5",
        "is_wheelchair_accessible": true,
        "name": "Public toilets (with changing table)",
        "notes": "",
        "verified": false
      }
    },
    {
      "type": "Feature",
      "geometry": {
        "coordinates": [
          13.5203014,
          59.4037022
        ],
        "type": "Point"
      },
      "properties": {
        "category": "playground",
        "description": "",
        "has_changing_area": false,
        "has_child_seats": false,
        "has_nursing_area": false,
        "has_playground": true,
        "id": "61D86280-1070-4B66-BC95-5E56FC2C5976",
        "is_wheelchair_accessible": false,
        "name": "Rudsleken Parklek",
        "notes": "",
        "verified": false
      }
    },
    {
      "type": "Feature",
      "geometry": {
        "coordinates": [
          17.3945695,
          62.2975708
        ],
        "type": "Point"
      },
      "properties": {
        "category": "playground",
        "description": "",
        "has_changing_area": false,
        "has_child_seats": false,
        "has_nursing_area": false,
        "has_playground": true,
        "id": "90DE6191-1A46-4B8E-A59C-A80D9A70ADA6",
        "is_wheelchair_accessible": false,
        "name": "Dykets lekplats",
        "notes": "",
        "verified": false
      }
    },
    {
      "type": "Feature",
      "geometry": {
        "coordinates": [
          17.9607196,
          59.4417543
        ],
        "type": "Point"
      },
      "properties": {
        "category": "playground",
        "description": "",
        "has_changing_area": false,
        "has_child_seats": false,
        "has_nursing_area": false,
        "has_playground": true,
        "id": "BCAEE6C6-F10B-44EE-A236-58432064E4F0",
        "is_wheelchair_accessible": false,
        "name": "Slottsvägens lekplats",
        "notes": "",
        "verified": false
      }
    },
    {
      "type": "Feature",
      "geometry": {
        "coordinates": [
          15.8086792,
          59.9844909
        ],
        "type": "Point"
      },
      "properties": {
        "category": "playground",
        "description": "",
        "has_changing_area": false,
        "has_child_seats": false,
        "has_nursing_area": false,
        "has_playground": true,
        "id": "A99A2A36-D0DF-414A-8F78-BD16252D6666",
        "is_wheelchair_accessible": false,
        "name": "Temapark",
        "notes": "",
        "verified": false
      }
    },
    {
      "type": "Feature",
      "geometry": {
        "coordinates": [
          20.2342522,
          63.843511
        ],
        "type": "Point"
      },
      "properties": {
        "category": "playground",
        "description": "",
        "has_changing_area": false,
        "has_child_seats": false,
        "has_nursing_area": false,
        "has_playground": true,
        "id": "F59D5532-51A7-4266-B024-0B3BB00D4615",
        "is_wheelchair_accessible": false,
        "name": "Stora Hopp & Skoj",
        "notes": "",
        "verified": false
      }
    },
    {
      "type": "Feature",
      "geometry": {
        "coordinates": [
          17.8597643,
          59.3797236
        ],
        "type": "Point"
      },
      "properties": {
        "category": "playground",
        "description": "",
        "has_changing_area": false,
        "has_child_seats": false,
        "has_nursing_area": false,
        "has_playground": true,
        "id": "ADA68B57-90A0-48D8-94B2-DCD53F92084A",
        "is_wheelchair_accessible": false,
        "name": "Spindelparken",
        "notes": "",
        "verified": false
      }
    },
    {
      "type": "Feature",
      "geometry": {
        "coordinates": [
          16.5668806,
          59.934853
        ],
        "type": "Point"
      },
      "properties": {
        "category": "playground",
        "description": "",
        "has_changing_area": false,
        "has_child_seats": false,
        "has_nursing_area": false,
        "has_playground": true,
        "id": "988EDD91-1E01-46F9-8A13-C1F58F20EEA0",
        "is_wheelchair_accessible": false,
        "name": "Skuggans lekplats",
        "notes": "",
        "verified": false
      }
    },
    {
      "type": "Feature",
      "geometry": {
        "coordinates": [
          13.4857607,
          59.3695957
        ],
        "type": "Point"
      },
      "properties": {
        "category": "other",
        "description": "",
        "has_changing_area": true,
        "has_child_seats": false,
        "has_nursing_area": false,
        "has_playground": false,
        "id": "B737BC2A-6F2D-4BB4-8265-011266B08330",
        "is_wheelchair_accessible": true,
        "name": "Public toilets (with changing table)",
        "notes": "",
        "verified": false
      }
    },
    {
      "type": "Feature",
      "geometry": {
        "coordinates": [
          17.1325397,
          60.6774849
        ],
        "type": "Point"
      },
      "properties": {
        "category": "playground",
        "description": "",
        "has_changing_area": false,
        "has_child_seats": false,
        "has_nursing_area": false,
        "has_playground": true,
        "id": "F28AD32D-AE53-44BB-8B90-553D38E82AE9",
        "is_wheelchair_accessible": false,
        "name": "Nynäsparken",
        "notes": "",
        "verified": false
      }
    },
    {
      "type": "Feature",
      "geometry": {
        "coordinates": [
          18.1035107,
          59.325638
        ],
        "type": "Point"
      },
      "properties": {
        "category": "playground",
        "description": "",
        "has_changing_area": false,
        "has_child_seats": false,
        "has_nursing_area": false,
        "has_playground": true,
        "id": "FB3D56C1-E6E3-45AA-8F35-C89701090F1D",
        "is_wheelchair_accessible": false,
        "name": "Ekorrparken",
        "notes": "",
        "verified": false
      }
    },
    {
      "type": "Feature",
      "geometry": {
        "coordinates": [
          18.0913889,
          59.3281047
        ],
        "type": "Point"
      },
      "properties": {
        "category": "other",
        "description": "",
        "has_changing_area": true,
        "has_child_seats": false,
        "has_nursing_area": false,
        "has_playground": false,
        "id": "29099E73-D766-4D04-B423-BCCB21A300A3",
        "is_wheelchair_accessible": true,
        "name": "Vasamuseet",
        "notes": "",
        "verified": false
      }
    },
    {
      "type": "Feature",
      "geometry": {
        "coordinates": [
          17.5829756,
          60.4026005
        ],
        "type": "Point"
      },
      "properties": {
        "category": "other",
        "description": "",
        "has_changing_area": true,
        "has_child_seats": false,
        "has_nursing_area": false,
        "has_playground": false,
        "id": "FB8371F0-64D5-4B72-9062-482B51EA755A",
        "is_wheelchair_accessible": true,
        "name": "Public toilets (with changing table)",
        "notes": "",
        "verified": false
      }
    },
    {
      "type": "Feature",
      "geometry": {
        "coordinates": [
          15.220374,
          59.344735
        ],
        "type": "Point"
      },
      "properties": {
        "category": "playground",
        "description": "",
        "has_changing_area": false,
        "has_child_seats": false,
        "has_nursing_area": false,
        "has_playground": true,
        "id": "7ADC2FCE-150D-4EA8-90CE-81CFDF9592A1",
        "is_wheelchair_accessible": false,
        "name": "Enebovägen 16",
        "notes": "",
        "verified": false
      }
    },
    {
      "type": "Feature",
      "geometry": {
        "coordinates": [
          13.429373,
          59.386035
        ],
        "type": "Point"
      },
      "properties": {
        "category": "playground",
        "description": "",
        "has_changing_area": false,
        "has_child_seats": false,
        "has_nursing_area": false,
        "has_playground": true,
        "id": "EF09509A-F1C1-47C3-AA32-96075A844CB0",
        "is_wheelchair_accessible": false,
        "name": "Akkas lekplats",
        "notes": "",
        "verified": false
      }
    },
    {
      "type": "Feature",
      "geometry": {
        "coordinates": [
          12.9014303,
          59.4722615
        ],
        "type": "Point"
      },
      "properties": {
        "category": "other",
        "description": "",
        "has_changing_area": true,
        "has_child_seats": false,
        "has_nursing_area": false,
        "has_playground": false,
        "id": "71120343-DD6F-4E28-A147-6804807AEB10",
        "is_wheelchair_accessible": true,
        "name": "Public toilets (with changing table)",
        "notes": "",
        "verified": false
      }
    },
    {
      "type": "Feature",
      "geometry": {
        "coordinates": [
          13.5227983,
          59.3929178
        ],
        "type": "Point"
      },
      "properties": {
        "category": "playground",
        "description": "",
        "has_changing_area": false,
        "has_child_seats": false,
        "has_nursing_area": false,
        "has_playground": true,
        "id": "62D0FBE2-7CDE-487A-8957-8887AABB8509",
        "is_wheelchair_accessible": false,
        "name": "Norrstrandsparkens lekplats",
        "notes": "",
        "verified": false
      }
    },
    {
      "type": "Feature",
      "geometry": {
        "coordinates": [
          17.9774362,
          59.3615012
        ],
        "type": "Point"
      },
      "properties": {
        "category": "cafe",
        "description": "",
        "has_changing_area": false,
        "has_child_seats": true,
        "has_nursing_area": false,
        "has_playground": false,
        "id": "6B524DDF-2CCB-4765-A695-658543C8E426",
        "is_wheelchair_accessible": false,
        "name": "Café Volta",
        "notes": "",
        "verified": false
      }
    },
    {
      "type": "Feature",
      "geometry": {
        "coordinates": [
          16.5866121,
          59.6018731
        ],
        "type": "Point"
      },
      "properties": {
        "category": "playground",
        "description": "",
        "has_changing_area": false,
        "has_child_seats": false,
        "has_nursing_area": false,
        "has_playground": true,
        "id": "CB0B4CB3-394A-4D4F-8C78-007FB08B8BCA",
        "is_wheelchair_accessible": false,
        "name": "Mälarparken",
        "notes": "",
        "verified": false
      }
    },
    {
      "type": "Feature",
      "geometry": {
        "coordinates": [
          18.1222507,
          59.4692248
        ],
        "type": "Point"
      },
      "properties": {
        "category": "playground",
        "description": "",
        "has_changing_area": false,
        "has_child_seats": false,
        "has_nursing_area": false,
        "has_playground": true,
        "id": "6630498F-69D0-411B-9AE1-70069F271223",
        "is_wheelchair_accessible": false,
        "name": "Åkerspöket",
        "notes": "",
        "verified": false
      }
    },
    {
      "type": "Feature",
      "geometry": {
        "coordinates": [
          16.1569972,
          58.6079042
        ],
        "type": "Point"
      },
      "properties": {
        "category": "playground",
        "description": "",
        "has_changing_area": false,
        "has_child_seats": false,
        "has_nursing_area": false,
        "has_playground": true,
        "id": "04EF2BA1-40C9-4F90-9156-37CC46B5CB9B",
        "is_wheelchair_accessible": false,
        "name": "Vidabliksparkens lekplats",
        "notes": "",
        "verified": false
      }
    },
    {
      "type": "Feature",
      "geometry": {
        "coordinates": [
          17.9985464,
          59.3693717
        ],
        "type": "Point"
      },
      "properties": {
        "category": "playground",
        "description": "",
        "has_changing_area": false,
        "has_child_seats": false,
        "has_nursing_area": false,
        "has_playground": true,
        "id": "131FA745-39CD-44F4-A877-E588AC98BBEF",
        "is_wheelchair_accessible": false,
        "name": "Lövdalsparkens lekplats",
        "notes": "",
        "verified": false
      }
    },
    {
      "type": "Feature",
      "geometry": {
        "coordinates": [
          18.1055385,
          63.4473344
        ],
        "type": "Point"
      },
      "properties": {
        "category": "playground",
        "description": "",
        "has_changing_area": false,
        "has_child_seats": false,
        "has_nursing_area": false,
        "has_playground": true,
        "id": "A2BBABB0-7A56-4BAE-90C7-988E07174639",
        "is_wheelchair_accessible": false,
        "name": "Bredbyn generationsmötesplats",
        "notes": "",
        "verified": false
      }
    },
    {
      "type": "Feature",
      "geometry": {
        "coordinates": [
          17.9212214,
          59.3330794
        ],
        "type": "Point"
      },
      "properties": {
        "category": "playground",
        "description": "",
        "has_changing_area": false,
        "has_child_seats": false,
        "has_nursing_area": false,
        "has_playground": true,
        "id": "0EFA4A09-3069-461E-9B8A-755A3BAC9FCD",
        "is_wheelchair_accessible": false,
        "name": "Kaffekannan",
        "notes": "",
        "verified": false
      }
    },
    {
      "type": "Feature",
      "geometry": {
        "coordinates": [
          17.9551604,
          59.3593326
        ],
        "type": "Point"
      },
      "properties": {
        "category": "playground",
        "description": "",
        "has_changing_area": false,
        "has_child_seats": false,
        "has_nursing_area": false,
        "has_playground": true,
        "id": "81A9979C-60C6-4BB6-91E9-4765DF0AC550",
        "is_wheelchair_accessible": false,
        "name": "Kratsbodaparken",
        "notes": "",
        "verified": false
      }
    },
    {
      "type": "Feature",
      "geometry": {
        "coordinates": [
          17.9584497,
          59.4511928
        ],
        "type": "Point"
      },
      "properties": {
        "category": "playground",
        "description": "",
        "has_changing_area": false,
        "has_child_seats": false,
        "has_nursing_area": false,
        "has_playground": true,
        "id": "6F7DD530-FD16-45B2-A532-670D4B0AB54A",
        "is_wheelchair_accessible": false,
        "name": "Skogsängsvägens Lekplats",
        "notes": "",
        "verified": false
      }
    },
    {
      "type": "Feature",
      "geometry": {
        "coordinates": [
          18.2877958,
          59.4859751
        ],
        "type": "Point"
      },
      "properties": {
        "category": "playground",
        "description": "",
        "has_changing_area": false,
        "has_child_seats": false,
        "has_nursing_area": false,
        "has_playground": true,
        "id": "D02B8CDC-EC81-486F-8480-A3D49CEBD095",
        "is_wheelchair_accessible": false,
        "name": "Lillbroängen",
        "notes": "",
        "verified": false
      }
    },
    {
      "type": "Feature",
      "geometry": {
        "coordinates": [
          16.5626656,
          59.6293005
        ],
        "type": "Point"
      },
      "properties": {
        "category": "playground",
        "description": "",
        "has_changing_area": false,
        "has_child_seats": false,
        "has_nursing_area": false,
        "has_playground": true,
        "id": "FFE24703-0B26-4B23-9D42-07B7ED0DA966",
        "is_wheelchair_accessible": false,
        "name": "svärdsliljegatans lekplats",
        "notes": "",
        "verified": false
      }
    },
    {
      "type": "Feature",
      "geometry": {
        "coordinates": [
          18.0919049,
          59.3537356
        ],
        "type": "Point"
      },
      "properties": {
        "category": "playground",
        "description": "",
        "has_changing_area": false,
        "has_child_seats": false,
        "has_nursing_area": false,
        "has_playground": true,
        "id": "F94C1276-0468-4D3F-A5CD-415705E19EA7",
        "is_wheelchair_accessible": false,
        "name": "Hjortgläntans lekplats",
        "notes": "",
        "verified": false
      }
    },
    {
      "type": "Feature",
      "geometry": {
        "coordinates": [
          17.1502338,
          60.7030956
        ],
        "type": "Point"
      },
      "properties": {
        "category": "playground",
        "description": "",
        "has_changing_area": false,
        "has_child_seats": false,
        "has_nursing_area": false,
        "has_playground": true,
        "id": "72DBC583-6306-4958-8977-1C8BB8BFA8D2",
        "is_wheelchair_accessible": false,
        "name": "Sidlångsvägen",
        "notes": "",
        "verified": false
      }
    },
    {
      "type": "Feature",
      "geometry": {
        "coordinates": [
          17.4253285,
          59.1680926
        ],
        "type": "Point"
      },
      "properties": {
        "category": "playground",
        "description": "",
        "has_changing_area": false,
        "has_child_seats": false,
        "has_nursing_area": false,
        "has_playground": true,
        "id": "EAE89C47-E542-43FB-B5DD-8D4129A967F8",
        "is_wheelchair_accessible": false,
        "name": "Lekplats",
        "notes": "",
        "verified": false
      }
    },
    {
      "type": "Feature",
      "geometry": {
        "coordinates": [
          17.6274558,
          59.8116492
        ],
        "type": "Point"
      },
      "properties": {
        "category": "playground",
        "description": "",
        "has_changing_area": false,
        "has_child_seats": false,
        "has_nursing_area": false,
        "has_playground": true,
        "id": "B802F661-7550-4D36-B061-A7AE807CF9B9",
        "is_wheelchair_accessible": true,
        "name": "Gottsunda torg",
        "notes": "",
        "verified": false
      }
    },
    {
      "type": "Feature",
      "geometry": {
        "coordinates": [
          14.6438238,
          63.1635119
        ],
        "type": "Point"
      },
      "properties": {
        "category": "other",
        "description": "",
        "has_changing_area": true,
        "has_child_seats": false,
        "has_nursing_area": false,
        "has_playground": false,
        "id": "12CBDBEE-75FB-4AD9-B121-40BB798AB623",
        "is_wheelchair_accessible": true,
        "name": "Public toilets (with changing table)",
        "notes": "",
        "verified": false
      }
    },
    {
      "type": "Feature",
      "geometry": {
        "coordinates": [
          18.0474928,
          59.2650149
        ],
        "type": "Point"
      },
      "properties": {
        "category": "cafe",
        "description": "",
        "has_changing_area": false,
        "has_child_seats": true,
        "has_nursing_area": false,
        "has_playground": false,
        "id": "B1921502-20E7-4391-9C18-19B5F1391491",
        "is_wheelchair_accessible": false,
        "name": "Burger Mansion",
        "notes": "",
        "verified": false
      }
    },
    {
      "type": "Feature",
      "geometry": {
        "coordinates": [
          20.1953032,
          63.7748792
        ],
        "type": "Point"
      },
      "properties": {
        "category": "playground",
        "description": "",
        "has_changing_area": false,
        "has_child_seats": false,
        "has_nursing_area": false,
        "has_playground": true,
        "id": "95ADADB8-6001-4C14-9BFB-AB0E534C185A",
        "is_wheelchair_accessible": false,
        "name": "Stöcksjö IP lekplats",
        "notes": "",
        "verified": false
      }
    },
    {
      "type": "Feature",
      "geometry": {
        "coordinates": [
          16.5509339,
          59.6050188
        ],
        "type": "Point"
      },
      "properties": {
        "category": "cafe",
        "description": "",
        "has_changing_area": true,
        "has_child_seats": true,
        "has_nursing_area": false,
        "has_playground": false,
        "id": "D368A506-56D2-4FA2-8DC7-C64CCEFA3EB8",
        "is_wheelchair_accessible": true,
        "name": "Olivia",
        "notes": "",
        "verified": false
      }
    },
    {
      "type": "Feature",
      "geometry": {
        "coordinates": [
          18.1657603,
          59.1841872
        ],
        "type": "Point"
      },
      "properties": {
        "category": "playground",
        "description": "",
        "has_changing_area": false,
        "has_child_seats": false,
        "has_nursing_area": false,
        "has_playground": true,
        "id": "804547F1-6992-4657-A6BC-19F434F920FB",
        "is_wheelchair_accessible": false,
        "name": "Tågparken",
        "notes": "",
        "verified": false
      }
    },
    {
      "type": "Feature",
      "geometry": {
        "coordinates": [
          18.2299526,
          59.2424861
        ],
        "type": "Point"
      },
      "properties": {
        "category": "playground",
        "description": "",
        "has_changing_area": false,
        "has_child_seats": false,
        "has_nursing_area": false,
        "has_playground": true,
        "id": "32E404E4-2C2D-4499-B5A8-B2BA0DD789E0",
        "is_wheelchair_accessible": false,
        "name": "Stadslekplats",
        "notes": "",
        "verified": false
      }
    },
    {
      "type": "Feature",
      "geometry": {
        "coordinates": [
          13.4877396,
          59.378509
        ],
        "type": "Point"
      },
      "properties": {
        "category": "playground",
        "description": "",
        "has_changing_area": false,
        "has_child_seats": false,
        "has_nursing_area": false,
        "has_playground": true,
        "id": "ACABBCAC-F4DF-4ED0-9A3D-8FB1559EE9E1",
        "is_wheelchair_accessible": false,
        "name": "Kvarnbergets lekplats",
        "notes": "",
        "verified": false
      }
    },
    {
      "type": "Feature",
      "geometry": {
        "coordinates": [
          17.2187372,
          60.6781542
        ],
        "type": "Point"
      },
      "properties": {
        "category": "playground",
        "description": "",
        "has_changing_area": false,
        "has_child_seats": false,
        "has_nursing_area": false,
        "has_playground": true,
        "id": "1C586DFB-1617-45EA-89E3-68323584D9FC",
        "is_wheelchair_accessible": false,
        "name": "Holmsund",
        "notes": "",
        "verified": false
      }
    },
    {
      "type": "Feature",
      "geometry": {
        "coordinates": [
          18.0459983,
          59.3304313
        ],
        "type": "Point"
      },
      "properties": {
        "category": "playground",
        "description": "",
        "has_changing_area": false,
        "has_child_seats": false,
        "has_nursing_area": false,
        "has_playground": true,
        "id": "D70FEEED-2B05-4A2D-8995-0FF74DE31B6D",
        "is_wheelchair_accessible": false,
        "name": "Pipers ficka",
        "notes": "",
        "verified": false
      }
    },
    {
      "type": "Feature",
      "geometry": {
        "coordinates": [
          17.7094041,
          59.9511349
        ],
        "type": "Point"
      },
      "properties": {
        "category": "playground",
        "description": "",
        "has_changing_area": false,
        "has_child_seats": false,
        "has_nursing_area": false,
        "has_playground": true,
        "id": "88CE8D79-0CB4-4E38-A747-98B46152FE6A",
        "is_wheelchair_accessible": false,
        "name": "Tipptoppens lekplats",
        "notes": "",
        "verified": false
      }
    },
    {
      "type": "Feature",
      "geometry": {
        "coordinates": [
          17.395632,
          62.2976448
        ],
        "type": "Point"
      },
      "properties": {
        "category": "playground",
        "description": "",
        "has_changing_area": false,
        "has_child_seats": false,
        "has_nursing_area": false,
        "has_playground": true,
        "id": "1756A4B0-2BD1-4454-A70B-0FF08C748729",
        "is_wheelchair_accessible": false,
        "name": "Gungställning",
        "notes": "",
        "verified": false
      }
    },
    {
      "type": "Feature",
      "geometry": {
        "coordinates": [
          21.2368078,
          64.9476203
        ],
        "type": "Point"
      },
      "properties": {
        "category": "playground",
        "description": "",
        "has_changing_area": false,
        "has_child_seats": false,
        "has_nursing_area": false,
        "has_playground": true,
        "id": "86C87BBC-3D02-4AF1-9765-E6A6F0A09BDA",
        "is_wheelchair_accessible": false,
        "name": "Hoppborg",
        "notes": "",
        "verified": false
      }
    },
    {
      "type": "Feature",
      "geometry": {
        "coordinates": [
          21.0281285,
          65.6752308
        ],
        "type": "Point"
      },
      "properties": {
        "category": "playground",
        "description": "",
        "has_changing_area": false,
        "has_child_seats": false,
        "has_nursing_area": false,
        "has_playground": true,
        "id": "5CB525D4-8FBB-4B28-A3F0-CC1CF7B6986D",
        "is_wheelchair_accessible": false,
        "name": "Campinggatan Lekpark",
        "notes": "",
        "verified": false
      }
    },
    {
      "type": "Feature",
      "geometry": {
        "coordinates": [
          18.666032,
          63.333139
        ],
        "type": "Point"
      },
      "properties": {
        "category": "playground",
        "description": "",
        "has_changing_area": false,
        "has_child_seats": false,
        "has_nursing_area": false,
        "has_playground": true,
        "id": "4E5B5B3E-4A60-4678-AEDB-F541BA2AC030",
        "is_wheelchair_accessible": false,
        "name": "Lomsjöbadets lekplats",
        "notes": "",
        "verified": false
      }
    },
    {
      "type": "Feature",
      "geometry": {
        "coordinates": [
          17.9304456,
          62.6359251
        ],
        "type": "Point"
      },
      "properties": {
        "category": "other",
        "description": "",
        "has_changing_area": true,
        "has_child_seats": false,
        "has_nursing_area": false,
        "has_playground": false,
        "id": "8C5EAD33-4C5C-44CF-B849-BAE892DA5994",
        "is_wheelchair_accessible": true,
        "name": "Public toilets (with changing table)",
        "notes": "",
        "verified": false
      }
    },
    {
      "type": "Feature",
      "geometry": {
        "coordinates": [
          12.7136425,
          59.0468722
        ],
        "type": "Point"
      },
      "properties": {
        "category": "playground",
        "description": "",
        "has_changing_area": false,
        "has_child_seats": false,
        "has_nursing_area": false,
        "has_playground": true,
        "id": "9B5460D9-267E-439E-8469-A21037CA4995",
        "is_wheelchair_accessible": false,
        "name": "Örnäs Lekpark",
        "notes": "",
        "verified": false
      }
    },
    {
      "type": "Feature",
      "geometry": {
        "coordinates": [
          19.1654093,
          63.3297288
        ],
        "type": "Point"
      },
      "properties": {
        "category": "playground",
        "description": "",
        "has_changing_area": false,
        "has_child_seats": false,
        "has_nursing_area": false,
        "has_playground": true,
        "id": "15C9300E-D36C-429A-922A-B68813949026",
        "is_wheelchair_accessible": false,
        "name": "Stiftelsevägen Lekplats",
        "notes": "",
        "verified": false
      }
    },
    {
      "type": "Feature",
      "geometry": {
        "coordinates": [
          17.9498853,
          58.8991108
        ],
        "type": "Point"
      },
      "properties": {
        "category": "playground",
        "description": "",
        "has_changing_area": false,
        "has_child_seats": false,
        "has_nursing_area": false,
        "has_playground": true,
        "id": "F9435A29-DBB5-4141-AF0B-0090625402F7",
        "is_wheelchair_accessible": false,
        "name": "Piratskeppet",
        "notes": "",
        "verified": false
      }
    },
    {
      "type": "Feature",
      "geometry": {
        "coordinates": [
          17.8603245,
          59.3634848
        ],
        "type": "Point"
      },
      "properties": {
        "category": "playground",
        "description": "",
        "has_changing_area": false,
        "has_child_seats": false,
        "has_nursing_area": false,
        "has_playground": true,
        "id": "B8ADD976-9E5D-4F80-A274-9C4D82F15498",
        "is_wheelchair_accessible": false,
        "name": "Parklek Gulddragargränd",
        "notes": "",
        "verified": false
      }
    },
    {
      "type": "Feature",
      "geometry": {
        "coordinates": [
          22.2409932,
          65.5903159
        ],
        "type": "Point"
      },
      "properties": {
        "category": "playground",
        "description": "",
        "has_changing_area": false,
        "has_child_seats": false,
        "has_nursing_area": false,
        "has_playground": true,
        "id": "4CA9AD4E-22E9-4257-A0DB-437D7F859CC8",
        "is_wheelchair_accessible": false,
        "name": "Hertsöparkens lekplats",
        "notes": "",
        "verified": false
      }
    },
    {
      "type": "Feature",
      "geometry": {
        "coordinates": [
          17.9061278,
          59.3576513
        ],
        "type": "Point"
      },
      "properties": {
        "category": "playground",
        "description": "",
        "has_changing_area": false,
        "has_child_seats": false,
        "has_nursing_area": false,
        "has_playground": true,
        "id": "A53CB817-2619-4AE3-BB02-A406C89336EE",
        "is_wheelchair_accessible": false,
        "name": "Röda",
        "notes": "",
        "verified": false
      }
    },
    {
      "type": "Feature",
      "geometry": {
        "coordinates": [
          15.6324934,
          60.6057369
        ],
        "type": "Point"
      },
      "properties": {
        "category": "other",
        "description": "",
        "has_changing_area": true,
        "has_child_seats": false,
        "has_nursing_area": false,
        "has_playground": false,
        "id": "0CBBDCC3-9B0E-4450-B5EE-958936576F69",
        "is_wheelchair_accessible": true,
        "name": "Facility (with changing table)",
        "notes": "",
        "verified": false
      }
    },
    {
      "type": "Feature",
      "geometry": {
        "coordinates": [
          18.468636,
          59.2362119
        ],
        "type": "Point"
      },
      "properties": {
        "category": "playground",
        "description": "",
        "has_changing_area": false,
        "has_child_seats": false,
        "has_nursing_area": false,
        "has_playground": true,
        "id": "0A0D6B2C-F5D3-45EB-8A5B-FB43F77D9881",
        "is_wheelchair_accessible": false,
        "name": "Vedhamnsvägen",
        "notes": "",
        "verified": false
      }
    },
    {
      "type": "Feature",
      "geometry": {
        "coordinates": [
          15.7036566,
          58.375635
        ],
        "type": "Point"
      },
      "properties": {
        "category": "playground",
        "description": "",
        "has_changing_area": false,
        "has_child_seats": false,
        "has_nursing_area": false,
        "has_playground": true,
        "id": "2DCEA2FA-E2F1-4F1C-9AF7-9706991476FF",
        "is_wheelchair_accessible": false,
        "name": "Hjulsbro Ekeborgsvägen",
        "notes": "",
        "verified": false
      }
    },
    {
      "type": "Feature",
      "geometry": {
        "coordinates": [
          17.9348478,
          59.3998335
        ],
        "type": "Point"
      },
      "properties": {
        "category": "playground",
        "description": "",
        "has_changing_area": false,
        "has_child_seats": false,
        "has_nursing_area": false,
        "has_playground": true,
        "id": "1DE8BF03-6C6B-4C13-B477-8C017E3CEFBE",
        "is_wheelchair_accessible": false,
        "name": "Truddelutten",
        "notes": "",
        "verified": false
      }
    },
    {
      "type": "Feature",
      "geometry": {
        "coordinates": [
          17.9933312,
          59.3009202
        ],
        "type": "Point"
      },
      "properties": {
        "category": "playground",
        "description": "",
        "has_changing_area": false,
        "has_child_seats": false,
        "has_nursing_area": false,
        "has_playground": true,
        "id": "0B580826-2BCD-490B-9641-BAE6F79A667A",
        "is_wheelchair_accessible": false,
        "name": "Lurparken",
        "notes": "",
        "verified": false
      }
    },
    {
      "type": "Feature",
      "geometry": {
        "coordinates": [
          18.0476666,
          59.3009759
        ],
        "type": "Point"
      },
      "properties": {
        "category": "playground",
        "description": "",
        "has_changing_area": false,
        "has_child_seats": false,
        "has_nursing_area": false,
        "has_playground": true,
        "id": "3587F308-55F5-4A26-AA36-9B7E94851FB3",
        "is_wheelchair_accessible": false,
        "name": "Årstalidens Lekplats",
        "notes": "",
        "verified": false
      }
    },
    {
      "type": "Feature",
      "geometry": {
        "coordinates": [
          13.4772601,
          58.5309226
        ],
        "type": "Point"
      },
      "properties": {
        "category": "playground",
        "description": "",
        "has_changing_area": false,
        "has_child_seats": false,
        "has_nursing_area": false,
        "has_playground": true,
        "id": "61CC528F-A2CA-423A-A8FE-E67D1EFE4E3F",
        "is_wheelchair_accessible": false,
        "name": "Fågelstigens Lekplats",
        "notes": "",
        "verified": false
      }
    },
    {
      "type": "Feature",
      "geometry": {
        "coordinates": [
          17.9001089,
          59.4565351
        ],
        "type": "Point"
      },
      "properties": {
        "category": "playground",
        "description": "",
        "has_changing_area": false,
        "has_child_seats": false,
        "has_nursing_area": false,
        "has_playground": true,
        "id": "79247AAF-1CD0-43F1-A71E-2F3D94CA572F",
        "is_wheelchair_accessible": false,
        "name": "Färgparken",
        "notes": "",
        "verified": false
      }
    },
    {
      "type": "Feature",
      "geometry": {
        "coordinates": [
          20.2896352,
          63.8206038
        ],
        "type": "Point"
      },
      "properties": {
        "category": "playground",
        "description": "",
        "has_changing_area": false,
        "has_child_seats": false,
        "has_nursing_area": false,
        "has_playground": true,
        "id": "D4B4F1DA-4A76-4668-8366-24D87B9DD04D",
        "is_wheelchair_accessible": false,
        "name": "Förskolan uvens lekplats",
        "notes": "",
        "verified": false
      }
    },
    {
      "type": "Feature",
      "geometry": {
        "coordinates": [
          17.1467508,
          60.6522614
        ],
        "type": "Point"
      },
      "properties": {
        "category": "playground",
        "description": "",
        "has_changing_area": false,
        "has_child_seats": false,
        "has_nursing_area": false,
        "has_playground": true,
        "id": "F94B572A-F148-4674-8B98-F7A14B4EA2F5",
        "is_wheelchair_accessible": false,
        "name": "Stormgatan",
        "notes": "",
        "verified": false
      }
    },
    {
      "type": "Feature",
      "geometry": {
        "coordinates": [
          17.7885805,
          59.7317843
        ],
        "type": "Point"
      },
      "properties": {
        "category": "playground",
        "description": "",
        "has_changing_area": false,
        "has_child_seats": false,
        "has_nursing_area": false,
        "has_playground": true,
        "id": "D3FA2C13-BD6E-49F6-90FB-E060D5A75459",
        "is_wheelchair_accessible": false,
        "name": "Lekplats högåsen",
        "notes": "",
        "verified": false
      }
    },
    {
      "type": "Feature",
      "geometry": {
        "coordinates": [
          17.6284751,
          59.9011524
        ],
        "type": "Point"
      },
      "properties": {
        "category": "other",
        "description": "",
        "has_changing_area": true,
        "has_child_seats": false,
        "has_nursing_area": false,
        "has_playground": false,
        "id": "952DDB2E-9ECF-4589-8FF4-7AE119672853",
        "is_wheelchair_accessible": true,
        "name": "Public toilets (with changing table)",
        "notes": "",
        "verified": false
      }
    },
    {
      "type": "Feature",
      "geometry": {
        "coordinates": [
          17.6561951,
          59.8046439
        ],
        "type": "Point"
      },
      "properties": {
        "category": "playground",
        "description": "",
        "has_changing_area": false,
        "has_child_seats": false,
        "has_nursing_area": false,
        "has_playground": true,
        "id": "3668C78C-54B2-4499-98C2-B0784D20BC20",
        "is_wheelchair_accessible": false,
        "name": "Holmvägens lekplats",
        "notes": "",
        "verified": false
      }
    },
    {
      "type": "Feature",
      "geometry": {
        "coordinates": [
          18.0394354,
          59.3275526
        ],
        "type": "Point"
      },
      "properties": {
        "category": "playground",
        "description": "",
        "has_changing_area": false,
        "has_child_seats": false,
        "has_nursing_area": false,
        "has_playground": true,
        "id": "89144887-AC08-479C-9232-55D3A044C3C6",
        "is_wheelchair_accessible": false,
        "name": "Förskolan Pilen lekplats",
        "notes": "",
        "verified": false
      }
    },
    {
      "type": "Feature",
      "geometry": {
        "coordinates": [
          15.6346907,
          60.6045943
        ],
        "type": "Point"
      },
      "properties": {
        "category": "other",
        "description": "",
        "has_changing_area": true,
        "has_child_seats": false,
        "has_nursing_area": false,
        "has_playground": false,
        "id": "785B90CE-BDE2-4335-ACC7-0A983E6013DA",
        "is_wheelchair_accessible": true,
        "name": "Public toilets (with changing table)",
        "notes": "",
        "verified": false
      }
    },
    {
      "type": "Feature",
      "geometry": {
        "coordinates": [
          13.5281954,
          59.3943818
        ],
        "type": "Point"
      },
      "properties": {
        "category": "playground",
        "description": "",
        "has_changing_area": false,
        "has_child_seats": false,
        "has_nursing_area": false,
        "has_playground": true,
        "id": "D8182148-F94A-4851-B20E-CBB484B2CC2E",
        "is_wheelchair_accessible": false,
        "name": "Norrstrandsparken/HSB-gärdets lekplats",
        "notes": "",
        "verified": false
      }
    },
    {
      "type": "Feature",
      "geometry": {
        "coordinates": [
          18.1129932,
          59.2587282
        ],
        "type": "Point"
      },
      "properties": {
        "category": "playground",
        "description": "",
        "has_changing_area": false,
        "has_child_seats": false,
        "has_nursing_area": false,
        "has_playground": true,
        "id": "B36C288B-AF8C-4102-9DF0-F50D4E54B770",
        "is_wheelchair_accessible": false,
        "name": "Semlan",
        "notes": "",
        "verified": false
      }
    },
    {
      "type": "Feature",
      "geometry": {
        "coordinates": [
          17.659455,
          60.2612208
        ],
        "type": "Point"
      },
      "properties": {
        "category": "playground",
        "description": "",
        "has_changing_area": false,
        "has_child_seats": false,
        "has_nursing_area": false,
        "has_playground": true,
        "id": "9B31D5EC-5D7C-4BB8-AB98-64D58FC3B7D0",
        "is_wheelchair_accessible": false,
        "name": "Lekplats",
        "notes": "",
        "verified": false
      }
    },
    {
      "type": "Feature",
      "geometry": {
        "coordinates": [
          17.9663771,
          59.3584053
        ],
        "type": "Point"
      },
      "properties": {
        "category": "other",
        "description": "",
        "has_changing_area": true,
        "has_child_seats": false,
        "has_nursing_area": false,
        "has_playground": false,
        "id": "5D4D58D2-C102-45E9-A040-A8919CFD2601",
        "is_wheelchair_accessible": true,
        "name": "Public toilets (with changing table)",
        "notes": "",
        "verified": false
      }
    },
    {
      "type": "Feature",
      "geometry": {
        "coordinates": [
          17.9815102,
          59.2623947
        ],
        "type": "Point"
      },
      "properties": {
        "category": "playground",
        "description": "",
        "has_changing_area": false,
        "has_child_seats": false,
        "has_nursing_area": false,
        "has_playground": true,
        "id": "CAF50945-E265-462A-83C1-9901B311B231",
        "is_wheelchair_accessible": false,
        "name": "Långsjöparken",
        "notes": "",
        "verified": false
      }
    },
    {
      "type": "Feature",
      "geometry": {
        "coordinates": [
          16.1133976,
          59.2792508
        ],
        "type": "Point"
      },
      "properties": {
        "category": "playground",
        "description": "",
        "has_changing_area": false,
        "has_child_seats": false,
        "has_nursing_area": false,
        "has_playground": true,
        "id": "6170A4AE-F406-4847-926B-2B011D15403F",
        "is_wheelchair_accessible": false,
        "name": "Alberga lekplats",
        "notes": "",
        "verified": false
      }
    },
    {
      "type": "Feature",
      "geometry": {
        "coordinates": [
          18.0721986,
          59.4448045
        ],
        "type": "Point"
      },
      "properties": {
        "category": "other",
        "description": "",
        "has_changing_area": true,
        "has_child_seats": false,
        "has_nursing_area": false,
        "has_playground": false,
        "id": "B94B0A4E-418D-4124-8488-F5393F20FAAB",
        "is_wheelchair_accessible": true,
        "name": "Täby Centrum",
        "notes": "",
        "verified": false
      }
    },
    {
      "type": "Feature",
      "geometry": {
        "coordinates": [
          18.2401021,
          59.2413363
        ],
        "type": "Point"
      },
      "properties": {
        "category": "playground",
        "description": "",
        "has_changing_area": false,
        "has_child_seats": false,
        "has_nursing_area": false,
        "has_playground": true,
        "id": "2C0DB81C-9443-4647-A10D-3C12320DC0C3",
        "is_wheelchair_accessible": false,
        "name": "grepvägens lekplats",
        "notes": "",
        "verified": false
      }
    },
    {
      "type": "Feature",
      "geometry": {
        "coordinates": [
          13.4277816,
          59.3907265
        ],
        "type": "Point"
      },
      "properties": {
        "category": "playground",
        "description": "",
        "has_changing_area": false,
        "has_child_seats": false,
        "has_nursing_area": false,
        "has_playground": true,
        "id": "C187EBB3-2B16-41E6-BFCF-0F5D0F0A2033",
        "is_wheelchair_accessible": false,
        "name": "Henstadpromenadens lekplats",
        "notes": "",
        "verified": false
      }
    },
    {
      "type": "Feature",
      "geometry": {
        "coordinates": [
          13.5562245,
          59.4053321
        ],
        "type": "Point"
      },
      "properties": {
        "category": "playground",
        "description": "",
        "has_changing_area": false,
        "has_child_seats": false,
        "has_nursing_area": false,
        "has_playground": true,
        "id": "CAD04794-9950-46C9-BDF5-9BCC34B99E64",
        "is_wheelchair_accessible": false,
        "name": "Rönndungens lekplats",
        "notes": "",
        "verified": false
      }
    },
    {
      "type": "Feature",
      "geometry": {
        "coordinates": [
          16.6886573,
          57.9051422
        ],
        "type": "Point"
      },
      "properties": {
        "category": "playground",
        "description": "",
        "has_changing_area": false,
        "has_child_seats": false,
        "has_nursing_area": false,
        "has_playground": true,
        "id": "BA75BFED-6226-4339-ADBD-2BF288DC26FA",
        "is_wheelchair_accessible": false,
        "name": "Lekplats Fågelsångsvägen",
        "notes": "",
        "verified": false
      }
    },
    {
      "type": "Feature",
      "geometry": {
        "coordinates": [
          18.171732,
          59.1888194
        ],
        "type": "Point"
      },
      "properties": {
        "category": "playground",
        "description": "",
        "has_changing_area": false,
        "has_child_seats": false,
        "has_nursing_area": false,
        "has_playground": true,
        "id": "737D5B7B-E5F4-450C-8537-2F993A743340",
        "is_wheelchair_accessible": false,
        "name": "Lekpark",
        "notes": "",
        "verified": false
      }
    },
    {
      "type": "Feature",
      "geometry": {
        "coordinates": [
          15.5171081,
          58.4193609
        ],
        "type": "Point"
      },
      "properties": {
        "category": "playground",
        "description": "",
        "has_changing_area": false,
        "has_child_seats": false,
        "has_nursing_area": false,
        "has_playground": true,
        "id": "EA8D9F0F-71A0-46C4-8282-07FC44F9EDD1",
        "is_wheelchair_accessible": false,
        "name": "Lekplats Tokarpsvägen",
        "notes": "",
        "verified": false
      }
    },
    {
      "type": "Feature",
      "geometry": {
        "coordinates": [
          13.5173148,
          59.3726703
        ],
        "type": "Point"
      },
      "properties": {
        "category": "playground",
        "description": "",
        "has_changing_area": false,
        "has_child_seats": false,
        "has_nursing_area": false,
        "has_playground": true,
        "id": "FDCACC41-FB97-4ADC-B543-1C750CDBFE00",
        "is_wheelchair_accessible": false,
        "name": "Vesslans lekplats",
        "notes": "",
        "verified": false
      }
    },
    {
      "type": "Feature",
      "geometry": {
        "coordinates": [
          15.6209836,
          60.5845353
        ],
        "type": "Point"
      },
      "properties": {
        "category": "playground",
        "description": "",
        "has_changing_area": false,
        "has_child_seats": false,
        "has_nursing_area": false,
        "has_playground": true,
        "id": "2D78D69D-C129-4D74-9396-0D3FC029AA08",
        "is_wheelchair_accessible": false,
        "name": "Lagmansvägen 11B",
        "notes": "",
        "verified": false
      }
    },
    {
      "type": "Feature",
      "geometry": {
        "coordinates": [
          18.0958221,
          59.3445356
        ],
        "type": "Point"
      },
      "properties": {
        "category": "playground",
        "description": "",
        "has_changing_area": false,
        "has_child_seats": false,
        "has_nursing_area": false,
        "has_playground": true,
        "id": "15BD2F34-26DD-474B-A33B-5D7B3D758A79",
        "is_wheelchair_accessible": false,
        "name": "Sandlådan",
        "notes": "",
        "verified": false
      }
    },
    {
      "type": "Feature",
      "geometry": {
        "coordinates": [
          13.4360598,
          59.3822232
        ],
        "type": "Point"
      },
      "properties": {
        "category": "playground",
        "description": "",
        "has_changing_area": false,
        "has_child_seats": false,
        "has_nursing_area": false,
        "has_playground": true,
        "id": "C2B10570-8D65-43F0-A80E-5F60F41DE5E1",
        "is_wheelchair_accessible": false,
        "name": "Betongfabrikens lekplats",
        "notes": "",
        "verified": false
      }
    },
    {
      "type": "Feature",
      "geometry": {
        "coordinates": [
          18.2124728,
          59.3551448
        ],
        "type": "Point"
      },
      "properties": {
        "category": "playground",
        "description": "",
        "has_changing_area": false,
        "has_child_seats": false,
        "has_nursing_area": false,
        "has_playground": true,
        "id": "63436543-3A92-46EA-83DC-3363AE57798C",
        "is_wheelchair_accessible": false,
        "name": "Killingeparken",
        "notes": "",
        "verified": false
      }
    },
    {
      "type": "Feature",
      "geometry": {
        "coordinates": [
          18.0878931,
          59.2640155
        ],
        "type": "Point"
      },
      "properties": {
        "category": "playground",
        "description": "",
        "has_changing_area": false,
        "has_child_seats": false,
        "has_nursing_area": false,
        "has_playground": true,
        "id": "2FA49BD4-28D9-47E2-AC0A-95D8DD76255B",
        "is_wheelchair_accessible": false,
        "name": "Nybygget Parkleken",
        "notes": "",
        "verified": false
      }
    },
    {
      "type": "Feature",
      "geometry": {
        "coordinates": [
          12.0981601,
          59.2907603
        ],
        "type": "Point"
      },
      "properties": {
        "category": "playground",
        "description": "",
        "has_changing_area": false,
        "has_child_seats": false,
        "has_nursing_area": false,
        "has_playground": true,
        "id": "665065BB-607F-41C3-9BA5-837809F5C696",
        "is_wheelchair_accessible": false,
        "name": "Hinderbana",
        "notes": "",
        "verified": false
      }
    },
    {
      "type": "Feature",
      "geometry": {
        "coordinates": [
          17.8406373,
          59.2095606
        ],
        "type": "Point"
      },
      "properties": {
        "category": "playground",
        "description": "",
        "has_changing_area": false,
        "has_child_seats": false,
        "has_nursing_area": false,
        "has_playground": true,
        "id": "3A51847E-44E5-413A-8E16-50546C749588",
        "is_wheelchair_accessible": false,
        "name": "Lekplatsen Pluto",
        "notes": "",
        "verified": false
      }
    },
    {
      "type": "Feature",
      "geometry": {
        "coordinates": [
          18.6751717,
          64.5959987
        ],
        "type": "Point"
      },
      "properties": {
        "category": "playground",
        "description": "",
        "has_changing_area": false,
        "has_child_seats": false,
        "has_nursing_area": false,
        "has_playground": true,
        "id": "7202BCC1-E1EB-4FAC-90F6-662C5539FF45",
        "is_wheelchair_accessible": false,
        "name": "Lekplatsen på torget",
        "notes": "",
        "verified": false
      }
    },
    {
      "type": "Feature",
      "geometry": {
        "coordinates": [
          17.9969603,
          59.2979917
        ],
        "type": "Point"
      },
      "properties": {
        "category": "other",
        "description": "",
        "has_changing_area": true,
        "has_child_seats": false,
        "has_nursing_area": false,
        "has_playground": false,
        "id": "27DA5665-639B-4893-88CC-29E49AEB64B7",
        "is_wheelchair_accessible": true,
        "name": "Public toilets (with changing table)",
        "notes": "",
        "verified": false
      }
    },
    {
      "type": "Feature",
      "geometry": {
        "coordinates": [
          15.2319771,
          59.2718864
        ],
        "type": "Point"
      },
      "properties": {
        "category": "other",
        "description": "",
        "has_changing_area": true,
        "has_child_seats": false,
        "has_nursing_area": false,
        "has_playground": false,
        "id": "6613B6E3-E42E-4A75-AC0E-C9850AEE7D39",
        "is_wheelchair_accessible": true,
        "name": "Public toilets (with changing table)",
        "notes": "",
        "verified": false
      }
    },
    {
      "type": "Feature",
      "geometry": {
        "coordinates": [
          18.0358318,
          59.3048279
        ],
        "type": "Point"
      },
      "properties": {
        "category": "playground",
        "description": "",
        "has_changing_area": false,
        "has_child_seats": false,
        "has_nursing_area": false,
        "has_playground": true,
        "id": "57DDB4C5-F4F2-4322-8831-62EF6FE2D56F",
        "is_wheelchair_accessible": false,
        "name": "Blockriket",
        "notes": "",
        "verified": false
      }
    },
    {
      "type": "Feature",
      "geometry": {
        "coordinates": [
          15.2033489,
          59.27599
        ],
        "type": "Point"
      },
      "properties": {
        "category": "playground",
        "description": "",
        "has_changing_area": false,
        "has_child_seats": false,
        "has_nursing_area": false,
        "has_playground": true,
        "id": "48AB2F16-9B33-44B7-9F67-C3728742CAC0",
        "is_wheelchair_accessible": true,
        "name": "Karl Johansparken",
        "notes": "",
        "verified": false
      }
    },
    {
      "type": "Feature",
      "geometry": {
        "coordinates": [
          13.4587436,
          59.6182191
        ],
        "type": "Point"
      },
      "properties": {
        "category": "playground",
        "description": "",
        "has_changing_area": false,
        "has_child_seats": false,
        "has_nursing_area": false,
        "has_playground": true,
        "id": "439E2691-C6EF-4693-8A76-C3510B6EDFA9",
        "is_wheelchair_accessible": false,
        "name": "Tjärnhedens lekplats",
        "notes": "",
        "verified": false
      }
    },
    {
      "type": "Feature",
      "geometry": {
        "coordinates": [
          18.0300332,
          59.3487512
        ],
        "type": "Point"
      },
      "properties": {
        "category": "other",
        "description": "",
        "has_changing_area": true,
        "has_child_seats": false,
        "has_nursing_area": false,
        "has_playground": false,
        "id": "4BED6138-22F9-4A2F-8BF4-3321F1D0AB7F",
        "is_wheelchair_accessible": true,
        "name": "Public toilets (with changing table)",
        "notes": "",
        "verified": false
      }
    },
    {
      "type": "Feature",
      "geometry": {
        "coordinates": [
          15.5606164,
          58.2872738
        ],
        "type": "Point"
      },
      "properties": {
        "category": "playground",
        "description": "",
        "has_changing_area": false,
        "has_child_seats": false,
        "has_nursing_area": false,
        "has_playground": true,
        "id": "14FD8873-7133-4DC7-8226-BFBEEFE88EFB",
        "is_wheelchair_accessible": false,
        "name": "Kvarnfallsvägen",
        "notes": "",
        "verified": false
      }
    },
    {
      "type": "Feature",
      "geometry": {
        "coordinates": [
          18.123533,
          59.3060535
        ],
        "type": "Point"
      },
      "properties": {
        "category": "other",
        "description": "",
        "has_changing_area": true,
        "has_child_seats": false,
        "has_nursing_area": false,
        "has_playground": false,
        "id": "C76E6E8D-0B3F-46B5-96C9-CB497AF50A30",
        "is_wheelchair_accessible": false,
        "name": "Public toilets (with changing table)",
        "notes": "",
        "verified": false
      }
    },
    {
      "type": "Feature",
      "geometry": {
        "coordinates": [
          22.1928491,
          65.5993565
        ],
        "type": "Point"
      },
      "properties": {
        "category": "playground",
        "description": "",
        "has_changing_area": false,
        "has_child_seats": false,
        "has_nursing_area": false,
        "has_playground": true,
        "id": "7A184671-5B27-42D7-88A1-E200591A2B74",
        "is_wheelchair_accessible": false,
        "name": "Stora berget",
        "notes": "",
        "verified": false
      }
    },
    {
      "type": "Feature",
      "geometry": {
        "coordinates": [
          12.274627,
          58.2758794
        ],
        "type": "Point"
      },
      "properties": {
        "category": "playground",
        "description": "",
        "has_changing_area": false,
        "has_child_seats": false,
        "has_nursing_area": false,
        "has_playground": true,
        "id": "018CFBC8-997D-459E-87E9-93CBFA158319",
        "is_wheelchair_accessible": false,
        "name": "Vattenkraftens lekplats",
        "notes": "",
        "verified": false
      }
    },
    {
      "type": "Feature",
      "geometry": {
        "coordinates": [
          16.1871214,
          60.1582394
        ],
        "type": "Point"
      },
      "properties": {
        "category": "playground",
        "description": "",
        "has_changing_area": false,
        "has_child_seats": false,
        "has_nursing_area": false,
        "has_playground": true,
        "id": "F1D48F7E-6D1B-457C-919E-9291FADC86A8",
        "is_wheelchair_accessible": false,
        "name": "Gubbmossen",
        "notes": "",
        "verified": false
      }
    },
    {
      "type": "Feature",
      "geometry": {
        "coordinates": [
          18.1298689,
          59.4428007
        ],
        "type": "Point"
      },
      "properties": {
        "category": "playground",
        "description": "",
        "has_changing_area": false,
        "has_child_seats": false,
        "has_nursing_area": false,
        "has_playground": true,
        "id": "8F51753C-9D9D-4D66-98F1-7A1CE8BCEA76",
        "is_wheelchair_accessible": false,
        "name": "Sjöflygleken",
        "notes": "",
        "verified": false
      }
    },
    {
      "type": "Feature",
      "geometry": {
        "coordinates": [
          17.3111788,
          59.0811894
        ],
        "type": "Point"
      },
      "properties": {
        "category": "playground",
        "description": "",
        "has_changing_area": false,
        "has_child_seats": false,
        "has_nursing_area": false,
        "has_playground": true,
        "id": "04F64473-7343-45E2-9D62-81F03AB248BC",
        "is_wheelchair_accessible": false,
        "name": "Lekplats",
        "notes": "",
        "verified": false
      }
    },
    {
      "type": "Feature",
      "geometry": {
        "coordinates": [
          20.3019821,
          63.8253562
        ],
        "type": "Point"
      },
      "properties": {
        "category": "playground",
        "description": "",
        "has_changing_area": false,
        "has_child_seats": false,
        "has_nursing_area": false,
        "has_playground": true,
        "id": "F7081864-D194-4413-A8C2-DC1C16767226",
        "is_wheelchair_accessible": false,
        "name": "drakgungan",
        "notes": "",
        "verified": false
      }
    },
    {
      "type": "Feature",
      "geometry": {
        "coordinates": [
          17.1135548,
          65.1000356
        ],
        "type": "Point"
      },
      "properties": {
        "category": "other",
        "description": "",
        "has_changing_area": true,
        "has_child_seats": false,
        "has_nursing_area": false,
        "has_playground": false,
        "id": "C6106A1D-051D-4464-9FC1-3D1C6A577F60",
        "is_wheelchair_accessible": false,
        "name": "Public toilets (with changing table)",
        "notes": "",
        "verified": false
      }
    },
    {
      "type": "Feature",
      "geometry": {
        "coordinates": [
          18.1634272,
          59.310586
        ],
        "type": "Point"
      },
      "properties": {
        "category": "other",
        "description": "",
        "has_changing_area": true,
        "has_child_seats": false,
        "has_nursing_area": false,
        "has_playground": false,
        "id": "9188E08D-76BC-4FE7-AF9F-2F59C343F4B2",
        "is_wheelchair_accessible": true,
        "name": "Public toilets (with changing table)",
        "notes": "",
        "verified": false
      }
    },
    {
      "type": "Feature",
      "geometry": {
        "coordinates": [
          17.9869302,
          59.349797
        ],
        "type": "Point"
      },
      "properties": {
        "category": "other",
        "description": "",
        "has_changing_area": true,
        "has_child_seats": false,
        "has_nursing_area": false,
        "has_playground": false,
        "id": "0C397AD5-3EF9-4484-8C08-063FA707A2E5",
        "is_wheelchair_accessible": true,
        "name": "Wc Huvudsta centrum",
        "notes": "",
        "verified": false
      }
    },
    {
      "type": "Feature",
      "geometry": {
        "coordinates": [
          17.9312092,
          59.2965507
        ],
        "type": "Point"
      },
      "properties": {
        "category": "playground",
        "description": "",
        "has_changing_area": false,
        "has_child_seats": false,
        "has_nursing_area": false,
        "has_playground": true,
        "id": "5F1481D7-E2E6-4033-8E84-5FE8BF456353",
        "is_wheelchair_accessible": false,
        "name": "Trissan",
        "notes": "",
        "verified": false
      }
    },
    {
      "type": "Feature",
      "geometry": {
        "coordinates": [
          17.2563721,
          59.2639295
        ],
        "type": "Point"
      },
      "properties": {
        "category": "other",
        "description": "",
        "has_changing_area": true,
        "has_child_seats": false,
        "has_nursing_area": false,
        "has_playground": false,
        "id": "3EF413E3-4034-4FB0-B5D9-6A4DB2964A7C",
        "is_wheelchair_accessible": false,
        "name": "Public toilets (with changing table)",
        "notes": "",
        "verified": false
      }
    },
    {
      "type": "Feature",
      "geometry": {
        "coordinates": [
          18.1508289,
          59.3662484
        ],
        "type": "Point"
      },
      "properties": {
        "category": "playground",
        "description": "",
        "has_changing_area": false,
        "has_child_seats": false,
        "has_nursing_area": false,
        "has_playground": true,
        "id": "295E072C-40ED-46B2-8D89-CDB4242B764C",
        "is_wheelchair_accessible": false,
        "name": "Bredablicksparken",
        "notes": "",
        "verified": false
      }
    },
    {
      "type": "Feature",
      "geometry": {
        "coordinates": [
          16.7965143,
          64.7924805
        ],
        "type": "Point"
      },
      "properties": {
        "category": "other",
        "description": "",
        "has_changing_area": true,
        "has_child_seats": false,
        "has_nursing_area": false,
        "has_playground": false,
        "id": "7962803B-7E65-4C0F-AFE3-F83E72728D0F",
        "is_wheelchair_accessible": false,
        "name": "Public toilets (with changing table)",
        "notes": "",
        "verified": false
      }
    },
    {
      "type": "Feature",
      "geometry": {
        "coordinates": [
          17.9700555,
          59.2942412
        ],
        "type": "Point"
      },
      "properties": {
        "category": "playground",
        "description": "",
        "has_changing_area": false,
        "has_child_seats": false,
        "has_nursing_area": false,
        "has_playground": true,
        "id": "0494D9B1-337E-44F0-93A1-1B4C1D08DA00",
        "is_wheelchair_accessible": false,
        "name": "Lugnet",
        "notes": "",
        "verified": false
      }
    },
    {
      "type": "Feature",
      "geometry": {
        "coordinates": [
          15.6695464,
          60.6072316
        ],
        "type": "Point"
      },
      "properties": {
        "category": "cafe",
        "description": "",
        "has_changing_area": true,
        "has_child_seats": true,
        "has_nursing_area": false,
        "has_playground": false,
        "id": "C8426DA3-7F6B-4371-A36C-6A3838E48038",
        "is_wheelchair_accessible": true,
        "name": "ChopChop Asian Express",
        "notes": "",
        "verified": false
      }
    },
    {
      "type": "Feature",
      "geometry": {
        "coordinates": [
          13.4843363,
          59.413554
        ],
        "type": "Point"
      },
      "properties": {
        "category": "playground",
        "description": "",
        "has_changing_area": false,
        "has_child_seats": false,
        "has_nursing_area": false,
        "has_playground": true,
        "id": "64D92393-3028-466B-89AE-E77CD0A6E972",
        "is_wheelchair_accessible": false,
        "name": "Utmarkens lekplats",
        "notes": "",
        "verified": false
      }
    },
    {
      "type": "Feature",
      "geometry": {
        "coordinates": [
          18.0012652,
          59.3589973
        ],
        "type": "Point"
      },
      "properties": {
        "category": "other",
        "description": "",
        "has_changing_area": true,
        "has_child_seats": false,
        "has_nursing_area": false,
        "has_playground": false,
        "id": "2BB7FA7F-95AA-465E-B62C-F10D7CF7BD85",
        "is_wheelchair_accessible": true,
        "name": "Public toilets (with changing table)",
        "notes": "",
        "verified": false
      }
    },
    {
      "type": "Feature",
      "geometry": {
        "coordinates": [
          17.2085611,
          60.6675102
        ],
        "type": "Point"
      },
      "properties": {
        "category": "playground",
        "description": "",
        "has_changing_area": false,
        "has_child_seats": false,
        "has_nursing_area": false,
        "has_playground": true,
        "id": "028BFA96-A544-4503-8367-04E2D43CBC26",
        "is_wheelchair_accessible": false,
        "name": "Långbackavägen",
        "notes": "",
        "verified": false
      }
    },
    {
      "type": "Feature",
      "geometry": {
        "coordinates": [
          17.9432762,
          59.4212187
        ],
        "type": "Point"
      },
      "properties": {
        "category": "playground",
        "description": "",
        "has_changing_area": false,
        "has_child_seats": false,
        "has_nursing_area": false,
        "has_playground": true,
        "id": "93C6E2FB-E2DF-42A6-BFFA-BC262BEF6ABE",
        "is_wheelchair_accessible": false,
        "name": "Kanalvägens lekplats",
        "notes": "",
        "verified": false
      }
    },
    {
      "type": "Feature",
      "geometry": {
        "coordinates": [
          17.9926311,
          59.32195
        ],
        "type": "Point"
      },
      "properties": {
        "category": "playground",
        "description": "",
        "has_changing_area": false,
        "has_child_seats": false,
        "has_nursing_area": false,
        "has_playground": true,
        "id": "696B5993-7FF8-449C-813F-6E2A11DD23F7",
        "is_wheelchair_accessible": false,
        "name": "Vängåvan",
        "notes": "",
        "verified": false
      }
    },
    {
      "type": "Feature",
      "geometry": {
        "coordinates": [
          18.010306,
          59.3760585
        ],
        "type": "Point"
      },
      "properties": {
        "category": "playground",
        "description": "",
        "has_changing_area": false,
        "has_child_seats": false,
        "has_nursing_area": false,
        "has_playground": true,
        "id": "1A247D92-07D5-4A01-83F2-AA107AFA7D8B",
        "is_wheelchair_accessible": false,
        "name": "Fröfjärdsparkens lekplats",
        "notes": "",
        "verified": false
      }
    },
    {
      "type": "Feature",
      "geometry": {
        "coordinates": [
          20.9279902,
          64.7630945
        ],
        "type": "Point"
      },
      "properties": {
        "category": "playground",
        "description": "",
        "has_changing_area": false,
        "has_child_seats": false,
        "has_nursing_area": false,
        "has_playground": true,
        "id": "BF3C073A-1321-48C9-8455-41A86B51BBBD",
        "is_wheelchair_accessible": false,
        "name": "Sjungande Dalens Lekpark",
        "notes": "",
        "verified": false
      }
    },
    {
      "type": "Feature",
      "geometry": {
        "coordinates": [
          18.1069641,
          59.2976415
        ],
        "type": "Point"
      },
      "properties": {
        "category": "playground",
        "description": "",
        "has_changing_area": false,
        "has_child_seats": false,
        "has_nursing_area": false,
        "has_playground": true,
        "id": "DB0663C2-22ED-40B5-AC03-34A4407DFD3C",
        "is_wheelchair_accessible": false,
        "name": "Hammarbygläntan",
        "notes": "",
        "verified": false
      }
    },
    {
      "type": "Feature",
      "geometry": {
        "coordinates": [
          18.0333575,
          59.3649063
        ],
        "type": "Point"
      },
      "properties": {
        "category": "playground",
        "description": "",
        "has_changing_area": false,
        "has_child_seats": false,
        "has_nursing_area": false,
        "has_playground": true,
        "id": "229E46BE-C465-41B8-8262-09EED48B89CE",
        "is_wheelchair_accessible": false,
        "name": "Lill-Haga",
        "notes": "",
        "verified": false
      }
    },
    {
      "type": "Feature",
      "geometry": {
        "coordinates": [
          15.5936944,
          58.4295305
        ],
        "type": "Point"
      },
      "properties": {
        "category": "playground",
        "description": "",
        "has_changing_area": false,
        "has_child_seats": false,
        "has_nursing_area": false,
        "has_playground": true,
        "id": "5E334DBD-5178-472D-9297-E9F00ECFDD52",
        "is_wheelchair_accessible": false,
        "name": "Leo's Lekland",
        "notes": "",
        "verified": false
      }
    },
    {
      "type": "Feature",
      "geometry": {
        "coordinates": [
          13.7190917,
          60.0647223
        ],
        "type": "Point"
      },
      "properties": {
        "category": "playground",
        "description": "",
        "has_changing_area": false,
        "has_child_seats": false,
        "has_nursing_area": false,
        "has_playground": true,
        "id": "91A5704A-C6B9-4FD5-8957-0DA87C3DE1FD",
        "is_wheelchair_accessible": false,
        "name": "Larssons Privata Lekplats",
        "notes": "",
        "verified": false
      }
    },
    {
      "type": "Feature",
      "geometry": {
        "coordinates": [
          17.9718837,
          59.3708174
        ],
        "type": "Point"
      },
      "properties": {
        "category": "playground",
        "description": "",
        "has_changing_area": false,
        "has_child_seats": false,
        "has_nursing_area": false,
        "has_playground": true,
        "id": "A987B253-FA14-4487-93EA-7A91A588129C",
        "is_wheelchair_accessible": false,
        "name": "Lötsjöparken",
        "notes": "",
        "verified": false
      }
    },
    {
      "type": "Feature",
      "geometry": {
        "coordinates": [
          13.5051281,
          59.4038371
        ],
        "type": "Point"
      },
      "properties": {
        "category": "playground",
        "description": "",
        "has_changing_area": false,
        "has_child_seats": false,
        "has_nursing_area": false,
        "has_playground": true,
        "id": "BFC0E4DF-9995-4BA2-8220-3C7B8E64CE0B",
        "is_wheelchair_accessible": false,
        "name": "Humlans lekplats",
        "notes": "",
        "verified": false
      }
    },
    {
      "type": "Feature",
      "geometry": {
        "coordinates": [
          18.6046198,
          60.0468262
        ],
        "type": "Point"
      },
      "properties": {
        "category": "playground",
        "description": "",
        "has_changing_area": false,
        "has_child_seats": false,
        "has_nursing_area": false,
        "has_playground": true,
        "id": "85D7080D-2AE7-431E-824E-4849EABBA8B5",
        "is_wheelchair_accessible": false,
        "name": "Ekvägens lekplats",
        "notes": "",
        "verified": false
      }
    },
    {
      "type": "Feature",
      "geometry": {
        "coordinates": [
          18.0974709,
          59.2476277
        ],
        "type": "Point"
      },
      "properties": {
        "category": "playground",
        "description": "",
        "has_changing_area": false,
        "has_child_seats": false,
        "has_nursing_area": false,
        "has_playground": true,
        "id": "BA2CFCA2-001E-42F0-9A89-E36686B1F88C",
        "is_wheelchair_accessible": false,
        "name": "Farstaängens parklek",
        "notes": "",
        "verified": false
      }
    },
    {
      "type": "Feature",
      "geometry": {
        "coordinates": [
          18.092691,
          59.3455765
        ],
        "type": "Point"
      },
      "properties": {
        "category": "playground",
        "description": "",
        "has_changing_area": false,
        "has_child_seats": false,
        "has_nursing_area": false,
        "has_playground": true,
        "id": "8BB2F70A-D08D-4358-806E-B61F41F3D35B",
        "is_wheelchair_accessible": false,
        "name": "Olaus Petriparkens lekpats",
        "notes": "",
        "verified": false
      }
    },
    {
      "type": "Feature",
      "geometry": {
        "coordinates": [
          18.0958092,
          59.3245876
        ],
        "type": "Point"
      },
      "properties": {
        "category": "other",
        "description": "",
        "has_changing_area": true,
        "has_child_seats": false,
        "has_nursing_area": false,
        "has_playground": false,
        "id": "02C7D727-F105-4882-B7A4-0EE913FC3CC3",
        "is_wheelchair_accessible": true,
        "name": "Public toilets (with changing table)",
        "notes": "",
        "verified": false
      }
    },
    {
      "type": "Feature",
      "geometry": {
        "coordinates": [
          17.1622323,
          60.6801718
        ],
        "type": "Point"
      },
      "properties": {
        "category": "playground",
        "description": "",
        "has_changing_area": false,
        "has_child_seats": false,
        "has_nursing_area": false,
        "has_playground": true,
        "id": "23DD2875-0918-41B0-A354-E8BCCA6298C6",
        "is_wheelchair_accessible": false,
        "name": "Jungfruparken",
        "notes": "",
        "verified": false
      }
    },
    {
      "type": "Feature",
      "geometry": {
        "coordinates": [
          17.2525679,
          60.6774619
        ],
        "type": "Point"
      },
      "properties": {
        "category": "playground",
        "description": "",
        "has_changing_area": false,
        "has_child_seats": false,
        "has_nursing_area": false,
        "has_playground": true,
        "id": "283C7159-FE9A-40BC-B68F-A33DF0D6ACF5",
        "is_wheelchair_accessible": false,
        "name": "Siriusplan",
        "notes": "",
        "verified": false
      }
    },
    {
      "type": "Feature",
      "geometry": {
        "coordinates": [
          15.5848147,
          58.3987904
        ],
        "type": "Point"
      },
      "properties": {
        "category": "playground",
        "description": "",
        "has_changing_area": false,
        "has_child_seats": false,
        "has_nursing_area": false,
        "has_playground": true,
        "id": "7D34CFCA-2AA5-4285-A819-4A86ABC83688",
        "is_wheelchair_accessible": false,
        "name": "Lill-Valla",
        "notes": "",
        "verified": false
      }
    },
    {
      "type": "Feature",
      "geometry": {
        "coordinates": [
          18.0389835,
          59.2993524
        ],
        "type": "Point"
      },
      "properties": {
        "category": "playground",
        "description": "",
        "has_changing_area": false,
        "has_child_seats": false,
        "has_nursing_area": false,
        "has_playground": true,
        "id": "E2E68B14-1E7A-413D-A525-CAB181D1629E",
        "is_wheelchair_accessible": false,
        "name": "Siljansvägens lekplats",
        "notes": "",
        "verified": false
      }
    },
    {
      "type": "Feature",
      "geometry": {
        "coordinates": [
          18.0436444,
          59.2974195
        ],
        "type": "Point"
      },
      "properties": {
        "category": "playground",
        "description": "",
        "has_changing_area": false,
        "has_child_seats": false,
        "has_nursing_area": false,
        "has_playground": true,
        "id": "386A2926-0871-4F18-AD84-957D2626AED8",
        "is_wheelchair_accessible": false,
        "name": "Storsjöparken",
        "notes": "",
        "verified": false
      }
    },
    {
      "type": "Feature",
      "geometry": {
        "coordinates": [
          16.5112274,
          59.6066275
        ],
        "type": "Point"
      },
      "properties": {
        "category": "playground",
        "description": "",
        "has_changing_area": false,
        "has_child_seats": false,
        "has_nursing_area": false,
        "has_playground": true,
        "id": "C4255AA1-7C91-4D34-A313-D7D51CDA1D94",
        "is_wheelchair_accessible": false,
        "name": "Himlahöjdens lekplats",
        "notes": "",
        "verified": false
      }
    },
    {
      "type": "Feature",
      "geometry": {
        "coordinates": [
          18.2876578,
          59.2892992
        ],
        "type": "Point"
      },
      "properties": {
        "category": "playground",
        "description": "",
        "has_changing_area": false,
        "has_child_seats": false,
        "has_nursing_area": false,
        "has_playground": true,
        "id": "F36AE645-98A7-4BEC-BAF8-388C0A3E63D9",
        "is_wheelchair_accessible": false,
        "name": "Lokparken",
        "notes": "",
        "verified": false
      }
    },
    {
      "type": "Feature",
      "geometry": {
        "coordinates": [
          20.1876834,
          63.8332826
        ],
        "type": "Point"
      },
      "properties": {
        "category": "playground",
        "description": "",
        "has_changing_area": false,
        "has_child_seats": false,
        "has_nursing_area": false,
        "has_playground": true,
        "id": "EDFB115B-B0EE-460E-8F44-975551F16262",
        "is_wheelchair_accessible": false,
        "name": "Kungsänget",
        "notes": "",
        "verified": false
      }
    },
    {
      "type": "Feature",
      "geometry": {
        "coordinates": [
          18.078184,
          59.4663783
        ],
        "type": "Point"
      },
      "properties": {
        "category": "playground",
        "description": "",
        "has_changing_area": false,
        "has_child_seats": false,
        "has_nursing_area": false,
        "has_playground": true,
        "id": "2EEC438F-C576-4A7B-B1D7-85D6628BEF49",
        "is_wheelchair_accessible": false,
        "name": "Myrängsleken",
        "notes": "",
        "verified": false
      }
    },
    {
      "type": "Feature",
      "geometry": {
        "coordinates": [
          14.6029878,
          58.7172869
        ],
        "type": "Point"
      },
      "properties": {
        "category": "other",
        "description": "",
        "has_changing_area": true,
        "has_child_seats": false,
        "has_nursing_area": false,
        "has_playground": false,
        "id": "10734F27-F3EE-4F2C-A816-2F33F80EA9F2",
        "is_wheelchair_accessible": true,
        "name": "Public toilets (with changing table)",
        "notes": "",
        "verified": false
      }
    },
    {
      "type": "Feature",
      "geometry": {
        "coordinates": [
          18.1405149,
          59.3758655
        ],
        "type": "Point"
      },
      "properties": {
        "category": "playground",
        "description": "",
        "has_changing_area": false,
        "has_child_seats": false,
        "has_nursing_area": false,
        "has_playground": true,
        "id": "DAF5D7F0-BBA5-4291-8C54-5BC0D9C0FD75",
        "is_wheelchair_accessible": false,
        "name": "Kaninparken",
        "notes": "",
        "verified": false
      }
    },
    {
      "type": "Feature",
      "geometry": {
        "coordinates": [
          17.9436104,
          59.4024318
        ],
        "type": "Point"
      },
      "properties": {
        "category": "other",
        "description": "",
        "has_changing_area": true,
        "has_child_seats": false,
        "has_nursing_area": false,
        "has_playground": false,
        "id": "5AD94C80-B2CC-402B-9783-2332CF1E976C",
        "is_wheelchair_accessible": true,
        "name": "Public toilets (with changing table)",
        "notes": "",
        "verified": false
      }
    },
    {
      "type": "Feature",
      "geometry": {
        "coordinates": [
          17.1415819,
          60.6788459
        ],
        "type": "Point"
      },
      "properties": {
        "category": "playground",
        "description": "",
        "has_changing_area": false,
        "has_child_seats": false,
        "has_nursing_area": false,
        "has_playground": true,
        "id": "2227FBF4-C764-446D-8D18-256C75BFBFC8",
        "is_wheelchair_accessible": false,
        "name": "Nordost",
        "notes": "",
        "verified": false
      }
    },
    {
      "type": "Feature",
      "geometry": {
        "coordinates": [
          14.6560453,
          63.1618164
        ],
        "type": "Point"
      },
      "properties": {
        "category": "playground",
        "description": "",
        "has_changing_area": false,
        "has_child_seats": false,
        "has_nursing_area": false,
        "has_playground": true,
        "id": "FF5CB242-C397-4464-8806-13CBF6D582A5",
        "is_wheelchair_accessible": false,
        "name": "Lekland / Playground",
        "notes": "",
        "verified": false
      }
    },
    {
      "type": "Feature",
      "geometry": {
        "coordinates": [
          17.7897546,
          59.7510742
        ],
        "type": "Point"
      },
      "properties": {
        "category": "playground",
        "description": "",
        "has_changing_area": false,
        "has_child_seats": false,
        "has_nursing_area": false,
        "has_playground": true,
        "id": "7B688531-E48A-4B21-A1AF-17863CFA2ECB",
        "is_wheelchair_accessible": false,
        "name": "Lekplats",
        "notes": "",
        "verified": false
      }
    },
    {
      "type": "Feature",
      "geometry": {
        "coordinates": [
          11.937367,
          58.348661
        ],
        "type": "Point"
      },
      "properties": {
        "category": "other",
        "description": "",
        "has_changing_area": true,
        "has_child_seats": false,
        "has_nursing_area": false,
        "has_playground": false,
        "id": "10B0AE12-9DD4-48E4-9BC2-898ED1C42A80",
        "is_wheelchair_accessible": true,
        "name": "Public toilets (with changing table)",
        "notes": "",
        "verified": false
      }
    },
    {
      "type": "Feature",
      "geometry": {
        "coordinates": [
          17.0591706,
          60.666809
        ],
        "type": "Point"
      },
      "properties": {
        "category": "playground",
        "description": "",
        "has_changing_area": false,
        "has_child_seats": false,
        "has_nursing_area": false,
        "has_playground": true,
        "id": "D6DFEF03-55FA-4701-8311-6FE633DF7387",
        "is_wheelchair_accessible": false,
        "name": "Kraftvägen",
        "notes": "",
        "verified": false
      }
    },
    {
      "type": "Feature",
      "geometry": {
        "coordinates": [
          17.8178038,
          59.3700975
        ],
        "type": "Point"
      },
      "properties": {
        "category": "playground",
        "description": "",
        "has_changing_area": false,
        "has_child_seats": false,
        "has_nursing_area": false,
        "has_playground": true,
        "id": "06FBB749-BDBA-42D0-AB66-84C783E4D655",
        "is_wheelchair_accessible": false,
        "name": "Oxtungan",
        "notes": "",
        "verified": false
      }
    },
    {
      "type": "Feature",
      "geometry": {
        "coordinates": [
          15.1466579,
          58.3291941
        ],
        "type": "Point"
      },
      "properties": {
        "category": "playground",
        "description": "",
        "has_changing_area": false,
        "has_child_seats": false,
        "has_nursing_area": false,
        "has_playground": true,
        "id": "D6EF97AE-3E47-4762-BAE8-539409B71E65",
        "is_wheelchair_accessible": false,
        "name": "Oljekrukans lekpark",
        "notes": "",
        "verified": false
      }
    },
    {
      "type": "Feature",
      "geometry": {
        "coordinates": [
          13.5430056,
          59.4059309
        ],
        "type": "Point"
      },
      "properties": {
        "category": "playground",
        "description": "",
        "has_changing_area": false,
        "has_child_seats": false,
        "has_nursing_area": false,
        "has_playground": true,
        "id": "6E427977-B6B3-4AEA-8BBA-5652298DE69B",
        "is_wheelchair_accessible": false,
        "name": "Rosendalsparkens lekplats",
        "notes": "",
        "verified": false
      }
    },
    {
      "type": "Feature",
      "geometry": {
        "coordinates": [
          14.1071561,
          59.3146529
        ],
        "type": "Point"
      },
      "properties": {
        "category": "playground",
        "description": "",
        "has_changing_area": false,
        "has_child_seats": false,
        "has_nursing_area": false,
        "has_playground": true,
        "id": "989F57F0-672B-4772-BD69-A76F5689B66E",
        "is_wheelchair_accessible": false,
        "name": "Järnvägsparkens lekplats",
        "notes": "",
        "verified": false
      }
    },
    {
      "type": "Feature",
      "geometry": {
        "coordinates": [
          17.6352557,
          59.8981089
        ],
        "type": "Point"
      },
      "properties": {
        "category": "other",
        "description": "",
        "has_changing_area": true,
        "has_child_seats": false,
        "has_nursing_area": false,
        "has_playground": false,
        "id": "031F416D-7843-4CEB-8385-E51F594A15CF",
        "is_wheelchair_accessible": false,
        "name": "Facility (with changing table)",
        "notes": "",
        "verified": false
      }
    },
    {
      "type": "Feature",
      "geometry": {
        "coordinates": [
          13.4434381,
          59.3876413
        ],
        "type": "Point"
      },
      "properties": {
        "category": "playground",
        "description": "",
        "has_changing_area": false,
        "has_child_seats": false,
        "has_nursing_area": false,
        "has_playground": true,
        "id": "838E36C3-AF34-4BDD-971D-AB289B21F274",
        "is_wheelchair_accessible": false,
        "name": "Majorskans lekplats",
        "notes": "",
        "verified": false
      }
    },
    {
      "type": "Feature",
      "geometry": {
        "coordinates": [
          16.5748826,
          59.9308166
        ],
        "type": "Point"
      },
      "properties": {
        "category": "playground",
        "description": "",
        "has_changing_area": false,
        "has_child_seats": false,
        "has_nursing_area": false,
        "has_playground": true,
        "id": "7573F786-23E0-4DC4-9A83-474677E2B5A3",
        "is_wheelchair_accessible": false,
        "name": "Persdals lekplats",
        "notes": "",
        "verified": false
      }
    },
    {
      "type": "Feature",
      "geometry": {
        "coordinates": [
          13.4477731,
          59.4272408
        ],
        "type": "Point"
      },
      "properties": {
        "category": "playground",
        "description": "",
        "has_changing_area": false,
        "has_child_seats": false,
        "has_nursing_area": false,
        "has_playground": true,
        "id": "356275F5-60BF-4518-9ECE-696C255DF23A",
        "is_wheelchair_accessible": false,
        "name": "Knektens lekplats",
        "notes": "",
        "verified": false
      }
    },
    {
      "type": "Feature",
      "geometry": {
        "coordinates": [
          15.5883528,
          58.406227
        ],
        "type": "Point"
      },
      "properties": {
        "category": "other",
        "description": "",
        "has_changing_area": true,
        "has_child_seats": false,
        "has_nursing_area": false,
        "has_playground": false,
        "id": "B0A9F16D-2CE4-474D-997E-A1C1560764D8",
        "is_wheelchair_accessible": true,
        "name": "Public toilets (with changing table)",
        "notes": "",
        "verified": false
      }
    },
    {
      "type": "Feature",
      "geometry": {
        "coordinates": [
          18.0553167,
          59.3385713
        ],
        "type": "Point"
      },
      "properties": {
        "category": "other",
        "description": "",
        "has_changing_area": true,
        "has_child_seats": false,
        "has_nursing_area": false,
        "has_playground": false,
        "id": "0E8FF47A-D3B1-46AC-AA29-ABC6464D382F",
        "is_wheelchair_accessible": true,
        "name": "Public toilets (with changing table)",
        "notes": "",
        "verified": false
      }
    },
    {
      "type": "Feature",
      "geometry": {
        "coordinates": [
          22.3027793,
          65.8646994
        ],
        "type": "Point"
      },
      "properties": {
        "category": "playground",
        "description": "",
        "has_changing_area": false,
        "has_child_seats": false,
        "has_nursing_area": false,
        "has_playground": true,
        "id": "45B6793B-AE05-4260-8A14-77F95D1ED20C",
        "is_wheelchair_accessible": false,
        "name": "Enrisvägens lekplats",
        "notes": "",
        "verified": false
      }
    },
    {
      "type": "Feature",
      "geometry": {
        "coordinates": [
          15.5622661,
          58.291934
        ],
        "type": "Point"
      },
      "properties": {
        "category": "playground",
        "description": "",
        "has_changing_area": false,
        "has_child_seats": false,
        "has_nursing_area": false,
        "has_playground": true,
        "id": "D0D551AD-A6F3-415A-8D38-0E4E7B732FFF",
        "is_wheelchair_accessible": false,
        "name": "Sofielundsvägen",
        "notes": "",
        "verified": false
      }
    },
    {
      "type": "Feature",
      "geometry": {
        "coordinates": [
          17.5210938,
          59.5584729
        ],
        "type": "Point"
      },
      "properties": {
        "category": "playground",
        "description": "",
        "has_changing_area": false,
        "has_child_seats": false,
        "has_nursing_area": false,
        "has_playground": true,
        "id": "F612713E-BA05-4695-9F96-5FD7D7733CEF",
        "is_wheelchair_accessible": false,
        "name": "Banan lekparken",
        "notes": "",
        "verified": false
      }
    },
    {
      "type": "Feature",
      "geometry": {
        "coordinates": [
          22.2061498,
          65.5795256
        ],
        "type": "Point"
      },
      "properties": {
        "category": "playground",
        "description": "",
        "has_changing_area": false,
        "has_child_seats": false,
        "has_nursing_area": false,
        "has_playground": true,
        "id": "BFB862A7-8840-444B-A5E7-7E7134989CE2",
        "is_wheelchair_accessible": false,
        "name": "Örnäsparkens lekplats",
        "notes": "",
        "verified": false
      }
    },
    {
      "type": "Feature",
      "geometry": {
        "coordinates": [
          17.1232344,
          60.6769565
        ],
        "type": "Point"
      },
      "properties": {
        "category": "playground",
        "description": "",
        "has_changing_area": false,
        "has_child_seats": false,
        "has_nursing_area": false,
        "has_playground": true,
        "id": "A9E5872B-A00A-456E-8A0F-C02C46E3C045",
        "is_wheelchair_accessible": false,
        "name": "Jungfrugatan",
        "notes": "",
        "verified": false
      }
    },
    {
      "type": "Feature",
      "geometry": {
        "coordinates": [
          17.236793,
          60.6627072
        ],
        "type": "Point"
      },
      "properties": {
        "category": "playground",
        "description": "",
        "has_changing_area": false,
        "has_child_seats": false,
        "has_nursing_area": false,
        "has_playground": true,
        "id": "79B732A8-E501-461A-A614-2B7CAD419F89",
        "is_wheelchair_accessible": false,
        "name": "Tranmur",
        "notes": "",
        "verified": false
      }
    },
    {
      "type": "Feature",
      "geometry": {
        "coordinates": [
          16.1645594,
          58.60467
        ],
        "type": "Point"
      },
      "properties": {
        "category": "playground",
        "description": "",
        "has_changing_area": false,
        "has_child_seats": false,
        "has_nursing_area": false,
        "has_playground": true,
        "id": "F95A733A-63FF-483B-9A2A-A29DA42050A0",
        "is_wheelchair_accessible": false,
        "name": "Blomsterängen lekmiljö",
        "notes": "",
        "verified": false
      }
    },
    {
      "type": "Feature",
      "geometry": {
        "coordinates": [
          17.6516665,
          59.8612639
        ],
        "type": "Point"
      },
      "properties": {
        "category": "playground",
        "description": "",
        "has_changing_area": false,
        "has_child_seats": false,
        "has_nursing_area": false,
        "has_playground": true,
        "id": "8A52F128-DC5D-47F1-88C8-D7D0D94348C4",
        "is_wheelchair_accessible": false,
        "name": "Sankt Göransparken",
        "notes": "",
        "verified": false
      }
    },
    {
      "type": "Feature",
      "geometry": {
        "coordinates": [
          17.9306355,
          59.6534284
        ],
        "type": "Point"
      },
      "properties": {
        "category": "other",
        "description": "",
        "has_changing_area": true,
        "has_child_seats": false,
        "has_nursing_area": false,
        "has_playground": false,
        "id": "C4524A99-1E5D-4C6E-86AE-DEF075CC9B39",
        "is_wheelchair_accessible": true,
        "name": "Public toilets (with changing table)",
        "notes": "",
        "verified": false
      }
    },
    {
      "type": "Feature",
      "geometry": {
        "coordinates": [
          18.0179225,
          59.3279857
        ],
        "type": "Point"
      },
      "properties": {
        "category": "cafe",
        "description": "",
        "has_changing_area": false,
        "has_child_seats": true,
        "has_nursing_area": false,
        "has_playground": false,
        "id": "AB54C197-AA9F-4A69-96D5-5943231085ED",
        "is_wheelchair_accessible": false,
        "name": "Bröd & Salt",
        "notes": "",
        "verified": false
      }
    },
    {
      "type": "Feature",
      "geometry": {
        "coordinates": [
          22.1473499,
          65.6197632
        ],
        "type": "Point"
      },
      "properties": {
        "category": "playground",
        "description": "",
        "has_changing_area": false,
        "has_child_seats": false,
        "has_nursing_area": false,
        "has_playground": true,
        "id": "3518C68A-84D0-40E7-9AC4-3D82901888CD",
        "is_wheelchair_accessible": false,
        "name": "Porsöskolan",
        "notes": "",
        "verified": false
      }
    },
    {
      "type": "Feature",
      "geometry": {
        "coordinates": [
          17.9950367,
          59.3639548
        ],
        "type": "Point"
      },
      "properties": {
        "category": "playground",
        "description": "",
        "has_changing_area": false,
        "has_child_seats": false,
        "has_nursing_area": false,
        "has_playground": true,
        "id": "06116F07-D236-46F9-8C56-EB361FDE8E48",
        "is_wheelchair_accessible": false,
        "name": "Råsunda torgs lekplats",
        "notes": "",
        "verified": false
      }
    },
    {
      "type": "Feature",
      "geometry": {
        "coordinates": [
          17.8868159,
          59.3443791
        ],
        "type": "Point"
      },
      "properties": {
        "category": "playground",
        "description": "",
        "has_changing_area": false,
        "has_child_seats": false,
        "has_nursing_area": false,
        "has_playground": true,
        "id": "18E672BF-C868-4548-95C3-A6D0E8416476",
        "is_wheelchair_accessible": false,
        "name": "Blacken",
        "notes": "",
        "verified": false
      }
    },
    {
      "type": "Feature",
      "geometry": {
        "coordinates": [
          11.318525,
          58.7271198
        ],
        "type": "Point"
      },
      "properties": {
        "category": "playground",
        "description": "",
        "has_changing_area": false,
        "has_child_seats": false,
        "has_nursing_area": false,
        "has_playground": true,
        "id": "418BA2B5-CEA2-4501-B3D2-6A3CC6168C06",
        "is_wheelchair_accessible": false,
        "name": "Sparvallen lekplats",
        "notes": "",
        "verified": false
      }
    },
    {
      "type": "Feature",
      "geometry": {
        "coordinates": [
          13.5493227,
          59.3990246
        ],
        "type": "Point"
      },
      "properties": {
        "category": "playground",
        "description": "",
        "has_changing_area": false,
        "has_child_seats": false,
        "has_nursing_area": false,
        "has_playground": true,
        "id": "F8ECE3F8-5B47-4D42-9A02-F1871E4538CB",
        "is_wheelchair_accessible": false,
        "name": "Talluddens lekplats",
        "notes": "",
        "verified": false
      }
    },
    {
      "type": "Feature",
      "geometry": {
        "coordinates": [
          17.9673229,
          59.3664821
        ],
        "type": "Point"
      },
      "properties": {
        "category": "playground",
        "description": "",
        "has_changing_area": false,
        "has_child_seats": false,
        "has_nursing_area": false,
        "has_playground": true,
        "id": "F24D5851-A33D-41C4-A017-75E35B904C5E",
        "is_wheelchair_accessible": false,
        "name": "Lekplatsvägen",
        "notes": "",
        "verified": false
      }
    },
    {
      "type": "Feature",
      "geometry": {
        "coordinates": [
          18.0910547,
          59.5265639
        ],
        "type": "Point"
      },
      "properties": {
        "category": "playground",
        "description": "",
        "has_changing_area": false,
        "has_child_seats": false,
        "has_nursing_area": false,
        "has_playground": true,
        "id": "55D7469D-A761-4C31-A069-48A1DF6E8016",
        "is_wheelchair_accessible": false,
        "name": "Bergvägen 44B",
        "notes": "",
        "verified": false
      }
    },
    {
      "type": "Feature",
      "geometry": {
        "coordinates": [
          17.8794694,
          59.3537763
        ],
        "type": "Point"
      },
      "properties": {
        "category": "playground",
        "description": "",
        "has_changing_area": false,
        "has_child_seats": false,
        "has_nursing_area": false,
        "has_playground": true,
        "id": "FD32D31B-903B-41CF-A9DE-E56EC5B5F768",
        "is_wheelchair_accessible": false,
        "name": "Nickelgränd  8-10",
        "notes": "",
        "verified": false
      }
    },
    {
      "type": "Feature",
      "geometry": {
        "coordinates": [
          17.9076272,
          59.357505
        ],
        "type": "Point"
      },
      "properties": {
        "category": "playground",
        "description": "",
        "has_changing_area": false,
        "has_child_seats": false,
        "has_nursing_area": false,
        "has_playground": true,
        "id": "AADB494F-6CE0-484B-8ADB-459156EFC689",
        "is_wheelchair_accessible": false,
        "name": "Lekparken",
        "notes": "",
        "verified": false
      }
    },
    {
      "type": "Feature",
      "geometry": {
        "coordinates": [
          13.4971583,
          59.312511
        ],
        "type": "Point"
      },
      "properties": {
        "category": "other",
        "description": "",
        "has_changing_area": true,
        "has_child_seats": false,
        "has_nursing_area": false,
        "has_playground": false,
        "id": "48B2A6A2-9398-474B-8F7A-0025A3844DA5",
        "is_wheelchair_accessible": true,
        "name": "Public toilets (with changing table)",
        "notes": "",
        "verified": false
      }
    },
    {
      "type": "Feature",
      "geometry": {
        "coordinates": [
          17.8112935,
          59.3815458
        ],
        "type": "Point"
      },
      "properties": {
        "category": "playground",
        "description": "",
        "has_changing_area": false,
        "has_child_seats": false,
        "has_nursing_area": false,
        "has_playground": true,
        "id": "675CBF87-9938-4EE1-B0E3-ECBBD4F21A29",
        "is_wheelchair_accessible": false,
        "name": "\"hästparken\"",
        "notes": "",
        "verified": false
      }
    },
    {
      "type": "Feature",
      "geometry": {
        "coordinates": [
          17.9188506,
          59.3795359
        ],
        "type": "Point"
      },
      "properties": {
        "category": "playground",
        "description": "",
        "has_changing_area": false,
        "has_child_seats": false,
        "has_nursing_area": false,
        "has_playground": true,
        "id": "2518C467-CFAD-4BF8-8232-592BB9AEF237",
        "is_wheelchair_accessible": false,
        "name": "Spindelparken",
        "notes": "",
        "verified": false
      }
    },
    {
      "type": "Feature",
      "geometry": {
        "coordinates": [
          13.5775916,
          59.4003828
        ],
        "type": "Point"
      },
      "properties": {
        "category": "playground",
        "description": "",
        "has_changing_area": false,
        "has_child_seats": false,
        "has_nursing_area": false,
        "has_playground": true,
        "id": "8B3617DA-4DC4-48CE-9B26-06C8FC3D4205",
        "is_wheelchair_accessible": false,
        "name": "Trumpetgatans lekplats",
        "notes": "",
        "verified": false
      }
    },
    {
      "type": "Feature",
      "geometry": {
        "coordinates": [
          12.1921343,
          59.0359792
        ],
        "type": "Point"
      },
      "properties": {
        "category": "other",
        "description": "",
        "has_changing_area": true,
        "has_child_seats": false,
        "has_nursing_area": false,
        "has_playground": false,
        "id": "07563CCD-FA6B-49C6-8FC2-5D8AC635071A",
        "is_wheelchair_accessible": false,
        "name": "Public toilets (with changing table)",
        "notes": "",
        "verified": false
      }
    },
    {
      "type": "Feature",
      "geometry": {
        "coordinates": [
          12.1236341,
          57.9465479
        ],
        "type": "Point"
      },
      "properties": {
        "category": "playground",
        "description": "",
        "has_changing_area": false,
        "has_child_seats": false,
        "has_nursing_area": false,
        "has_playground": true,
        "id": "6B433BD1-E04D-4A78-8338-78E14704BC0E",
        "is_wheelchair_accessible": false,
        "name": "Vittrornas väg",
        "notes": "",
        "verified": false
      }
    },
    {
      "type": "Feature",
      "geometry": {
        "coordinates": [
          15.6855442,
          58.126345
        ],
        "type": "Point"
      },
      "properties": {
        "category": "playground",
        "description": "",
        "has_changing_area": false,
        "has_child_seats": false,
        "has_nursing_area": false,
        "has_playground": true,
        "id": "126615A6-7B92-4180-90AD-8CD294327DCB",
        "is_wheelchair_accessible": false,
        "name": "Brfs Åsunden Lekplats",
        "notes": "",
        "verified": false
      }
    },
    {
      "type": "Feature",
      "geometry": {
        "coordinates": [
          18.0034731,
          59.3297749
        ],
        "type": "Point"
      },
      "properties": {
        "category": "playground",
        "description": "",
        "has_changing_area": false,
        "has_child_seats": false,
        "has_nursing_area": false,
        "has_playground": true,
        "id": "4FC6BB46-C8C1-46BC-8742-4BB13A8BEA47",
        "is_wheelchair_accessible": false,
        "name": "Spårvägsparken",
        "notes": "",
        "verified": false
      }
    },
    {
      "type": "Feature",
      "geometry": {
        "coordinates": [
          18.0124815,
          59.3010938
        ],
        "type": "Point"
      },
      "properties": {
        "category": "playground",
        "description": "",
        "has_changing_area": false,
        "has_child_seats": false,
        "has_nursing_area": false,
        "has_playground": true,
        "id": "E363394A-6369-4985-9365-AFA336AAC2C3",
        "is_wheelchair_accessible": false,
        "name": "Tågparken",
        "notes": "",
        "verified": false
      }
    },
    {
      "type": "Feature",
      "geometry": {
        "coordinates": [
          16.3955197,
          61.3499797
        ],
        "type": "Point"
      },
      "properties": {
        "category": "playground",
        "description": "",
        "has_changing_area": false,
        "has_child_seats": false,
        "has_nursing_area": false,
        "has_playground": true,
        "id": "3387BF25-C0D6-4CA9-8562-ECD29C106EAA",
        "is_wheelchair_accessible": false,
        "name": "Museiparken",
        "notes": "",
        "verified": false
      }
    },
    {
      "type": "Feature",
      "geometry": {
        "coordinates": [
          17.901362,
          59.4632393
        ],
        "type": "Point"
      },
      "properties": {
        "category": "playground",
        "description": "",
        "has_changing_area": false,
        "has_child_seats": false,
        "has_nursing_area": false,
        "has_playground": true,
        "id": "33320C2C-2193-4D08-BE16-7BAA0DBC59E0",
        "is_wheelchair_accessible": false,
        "name": "Lekområde 12",
        "notes": "",
        "verified": false
      }
    },
    {
      "type": "Feature",
      "geometry": {
        "coordinates": [
          16.9687824,
          59.9357273
        ],
        "type": "Point"
      },
      "properties": {
        "category": "playground",
        "description": "",
        "has_changing_area": false,
        "has_child_seats": false,
        "has_nursing_area": false,
        "has_playground": true,
        "id": "CB65B435-4B2E-4B60-8CE6-6B2BEB5206BE",
        "is_wheelchair_accessible": false,
        "name": "Den gömda lekplatsen",
        "notes": "",
        "verified": false
      }
    },
    {
      "type": "Feature",
      "geometry": {
        "coordinates": [
          18.0901504,
          59.3348465
        ],
        "type": "Point"
      },
      "properties": {
        "category": "other",
        "description": "",
        "has_changing_area": true,
        "has_child_seats": false,
        "has_nursing_area": false,
        "has_playground": false,
        "id": "CBC135D6-8BD6-4A12-B87C-D56FA4597892",
        "is_wheelchair_accessible": true,
        "name": "Historiska museet",
        "notes": "",
        "verified": false
      }
    },
    {
      "type": "Feature",
      "geometry": {
        "coordinates": [
          18.0124896,
          59.3656185
        ],
        "type": "Point"
      },
      "properties": {
        "category": "playground",
        "description": "",
        "has_changing_area": false,
        "has_child_seats": false,
        "has_nursing_area": false,
        "has_playground": true,
        "id": "0244FA10-969A-49A2-841D-8029168CC987",
        "is_wheelchair_accessible": false,
        "name": "Fröparkens lekplats",
        "notes": "",
        "verified": false
      }
    },
    {
      "type": "Feature",
      "geometry": {
        "coordinates": [
          18.0995304,
          59.4465874
        ],
        "type": "Point"
      },
      "properties": {
        "category": "playground",
        "description": "",
        "has_changing_area": false,
        "has_child_seats": false,
        "has_nursing_area": false,
        "has_playground": true,
        "id": "914FFAC1-D8E3-4F3C-ABCC-B4A6DDF2D74A",
        "is_wheelchair_accessible": false,
        "name": "Tågleken",
        "notes": "",
        "verified": false
      }
    },
    {
      "type": "Feature",
      "geometry": {
        "coordinates": [
          22.2156721,
          65.5834981
        ],
        "type": "Point"
      },
      "properties": {
        "category": "playground",
        "description": "",
        "has_changing_area": false,
        "has_child_seats": false,
        "has_nursing_area": false,
        "has_playground": true,
        "id": "B2E8E8F3-45DC-4286-A565-29441B785E43",
        "is_wheelchair_accessible": false,
        "name": "Jägarstigens lekplats",
        "notes": "",
        "verified": false
      }
    },
    {
      "type": "Feature",
      "geometry": {
        "coordinates": [
          18.1122138,
          58.8806262
        ],
        "type": "Point"
      },
      "properties": {
        "category": "playground",
        "description": "",
        "has_changing_area": false,
        "has_child_seats": false,
        "has_nursing_area": false,
        "has_playground": true,
        "id": "CD7A341E-34AE-42BF-B4CD-E403C96C3427",
        "is_wheelchair_accessible": false,
        "name": "Wild kids",
        "notes": "",
        "verified": false
      }
    },
    {
      "type": "Feature",
      "geometry": {
        "coordinates": [
          17.0103729,
          58.7650438
        ],
        "type": "Point"
      },
      "properties": {
        "category": "playground",
        "description": "",
        "has_changing_area": false,
        "has_child_seats": false,
        "has_nursing_area": false,
        "has_playground": true,
        "id": "DCCA8684-1C72-4170-9184-DFDA9E052255",
        "is_wheelchair_accessible": false,
        "name": "Spöklekplatsen",
        "notes": "",
        "verified": false
      }
    },
    {
      "type": "Feature",
      "geometry": {
        "coordinates": [
          22.0737564,
          65.5948034
        ],
        "type": "Point"
      },
      "properties": {
        "category": "playground",
        "description": "",
        "has_changing_area": false,
        "has_child_seats": false,
        "has_nursing_area": false,
        "has_playground": true,
        "id": "3D0648D6-526B-4BBF-817B-C1CBDE9BDDD5",
        "is_wheelchair_accessible": false,
        "name": "Lekstugan",
        "notes": "",
        "verified": false
      }
    },
    {
      "type": "Feature",
      "geometry": {
        "coordinates": [
          17.8584594,
          59.4206177
        ],
        "type": "Point"
      },
      "properties": {
        "category": "cafe",
        "description": "",
        "has_changing_area": true,
        "has_child_seats": true,
        "has_nursing_area": false,
        "has_playground": true,
        "id": "ED3F16A0-CDD4-40C8-9851-9A6ACC5EA10A",
        "is_wheelchair_accessible": true,
        "name": "IKEA Restaurant",
        "notes": "",
        "verified": false
      }
    }
  ]
}
